date,timestamp,open,high,low,close,volume,price_three_days_ago,price_three_days_ago_difference,price_three_days_ago_return,price_two_days_ago,price_yesterday,price_tomorrow,price_tomorrow_difference,price_tomorrow_return,direction,MA5,MA10,MA20,MA50,MA100,MA200,MA50-1,MA200-1,golden-cross-1,golden-cross-0,golden-cross
2017-08-21,1503273600,8.249,8.249,8.249,8.249,0,,,,,,6.932,-1.32,-0.16,-1,,,,,,,,,False,False,False
2017-08-22,1503360000,6.932,6.932,6.932,6.932,15000,,,,,8.249,6.932,0.0,0.0,-1,,,,,,,,,False,False,False
2017-08-23,1503446400,6.932,6.932,6.932,6.932,0,,,,8.249,6.932,6.585,-0.35,-0.05,-1,,,,,,,,,False,False,False
2017-08-24,1503532800,6.585,6.585,6.585,6.585,500,8.249,-1.66,-0.2,6.932,6.932,6.239,-0.35,-0.05,-1,,,,,,,,,False,False,False
2017-08-25,1503619200,6.239,6.239,6.239,6.239,5000,6.932,-0.69,-0.1,6.932,6.585,6.239,0.0,0.0,-1,6.99,,,,,,,,False,False,False
2017-08-28,1503878400,6.239,6.239,6.239,6.239,1200,6.932,-0.69,-0.1,6.585,6.239,6.239,0.0,0.0,-1,6.59,,,,,,,,False,False,False
2017-08-29,1503964800,6.239,6.239,6.239,6.239,0,6.585,-0.35,-0.05,6.239,6.239,6.239,0.0,0.0,-1,6.45,,,,,,,,False,False,False
2017-08-30,1504051200,6.239,6.239,6.239,6.239,0,6.239,0.0,0.0,6.239,6.239,6.378,0.14,0.02,1,6.31,,,,,,,,False,False,False
2017-08-31,1504137600,5.892,6.378,5.892,6.378,2400,6.239,0.14,0.02,6.239,6.239,6.239,-0.14,-0.02,-1,6.27,,,,,,,,False,False,False
2017-09-01,1504224000,6.239,6.239,6.239,6.239,200,6.239,0.0,0.0,6.239,6.378,6.1,-0.14,-0.02,-1,6.27,6.63,,,,,,,False,False,False
2017-09-05,1504569600,6.1,6.1,6.1,6.1,300,6.239,-0.14,-0.02,6.378,6.239,5.961,-0.14,-0.02,-1,6.24,6.41,,,,,,,False,False,False
2017-09-06,1504656000,5.961,5.961,5.961,5.961,200,6.378,-0.42,-0.07,6.239,6.1,5.961,0.0,0.0,-1,6.18,6.32,,,,,,,False,False,False
2017-09-07,1504742400,5.961,5.961,5.961,5.961,0,6.239,-0.28,-0.04,6.1,5.961,5.892,-0.07,-0.01,-1,6.13,6.22,,,,,,,False,False,False
2017-09-08,1504828800,5.892,5.892,5.892,5.892,1000,6.1,-0.21,-0.03,5.961,5.961,5.822,-0.07,-0.01,-1,6.03,6.15,,,,,,,False,False,False
2017-09-11,1505088000,5.822,5.822,5.822,5.822,119000,5.961,-0.14,-0.02,5.961,5.892,5.06,-0.76,-0.13,-1,5.95,6.11,,,,,,,False,False,False
2017-09-12,1505174400,5.06,5.06,5.06,5.06,800,5.961,-0.9,-0.15,5.892,5.822,5.615,0.56,0.11,1,5.74,5.99,,,,,,,False,False,False
2017-09-13,1505260800,5.615,5.615,5.546,5.615,140000,5.892,-0.28,-0.05,5.822,5.06,5.615,0.0,0.0,-1,5.67,5.93,,,,,,,False,False,False
2017-09-14,1505347200,5.615,5.615,5.615,5.615,0,5.822,-0.21,-0.04,5.06,5.615,5.615,0.0,0.0,-1,5.6,5.86,,,,,,,False,False,False
2017-09-15,1505433600,5.615,5.615,5.615,5.615,0,5.06,0.56,0.11,5.615,5.615,4.783,-0.83,-0.15,-1,5.55,5.79,,,,,,,False,False,False
2017-09-18,1505692800,4.853,4.853,4.783,4.783,600,5.615,-0.83,-0.15,5.615,5.615,4.853,0.07,0.01,1,5.34,5.64,6.13,,,,,,False,False,False
2017-09-19,1505779200,4.853,4.853,4.853,4.853,0,5.615,-0.76,-0.14,5.615,4.783,4.853,0.0,0.0,-1,5.3,5.52,5.96,,,,,,False,False,False
2017-09-20,1505865600,4.853,4.853,4.853,4.853,0,5.615,-0.76,-0.14,4.783,4.853,4.853,0.0,0.0,-1,5.14,5.41,5.86,,,,,,False,False,False
2017-09-21,1505952000,4.853,4.853,4.853,4.853,0,4.783,0.07,0.01,4.853,4.853,4.853,0.0,0.0,-1,4.99,5.3,5.76,,,,,,False,False,False
2017-09-22,1506038400,4.853,4.853,4.853,4.853,0,4.853,0.0,0.0,4.853,4.853,5.546,0.69,0.14,1,4.84,5.19,5.67,,,,,,False,False,False
2017-09-25,1506297600,5.546,5.546,5.546,5.546,600,4.853,0.69,0.14,4.853,4.853,5.684,0.14,0.03,1,4.99,5.16,5.64,,,,,,False,False,False
2017-09-26,1506384000,5.615,5.684,5.615,5.684,8500,4.853,0.83,0.17,4.853,5.546,5.684,0.0,0.0,-1,5.16,5.23,5.61,,,,,,False,False,False
2017-09-27,1506470400,5.684,5.684,5.684,5.684,100,4.853,0.83,0.17,5.546,5.684,5.684,0.0,0.0,-1,5.32,5.23,5.58,,,,,,False,False,False
2017-09-28,1506556800,5.684,5.684,5.684,5.684,23200,5.546,0.14,0.03,5.684,5.684,5.753,0.07,0.01,1,5.49,5.24,5.55,,,,,,False,False,False
2017-09-29,1506643200,5.615,5.753,5.615,5.753,2400,5.684,0.07,0.01,5.684,5.684,5.615,-0.14,-0.02,-1,5.67,5.25,5.52,,,,,,False,False,False
2017-10-02,1506902400,5.684,5.684,5.615,5.615,62000,5.684,-0.07,-0.01,5.684,5.753,5.684,0.07,0.01,1,5.68,5.34,5.49,,,,,,False,False,False
2017-10-03,1506988800,5.684,5.684,5.684,5.684,700,5.684,0.0,0.0,5.753,5.615,5.684,0.0,0.0,-1,5.68,5.42,5.47,,,,,,False,False,False
2017-10-04,1507075200,5.684,5.684,5.684,5.684,0,5.753,-0.07,-0.01,5.615,5.684,5.684,0.0,0.0,-1,5.68,5.5,5.46,,,,,,False,False,False
2017-10-05,1507161600,5.684,5.684,5.684,5.684,0,5.615,0.07,0.01,5.684,5.684,5.684,0.0,0.0,-1,5.68,5.59,5.44,,,,,,False,False,False
2017-10-06,1507248000,5.684,5.684,5.684,5.684,0,5.684,0.0,0.0,5.684,5.684,5.407,-0.28,-0.05,-1,5.67,5.67,5.43,,,,,,False,False,False
2017-10-09,1507507200,4.922,5.407,4.853,5.407,22600,5.684,-0.28,-0.05,5.684,5.684,5.268,-0.14,-0.03,-1,5.63,5.66,5.41,,,,,,False,False,False
2017-10-10,1507593600,5.268,5.268,5.268,5.268,19600,5.684,-0.42,-0.07,5.684,5.407,5.268,0.0,0.0,-1,5.55,5.61,5.42,,,,,,False,False,False
2017-10-11,1507680000,5.268,5.268,5.268,5.268,25000,5.684,-0.42,-0.07,5.407,5.268,5.268,0.0,0.0,-1,5.46,5.57,5.4,,,,,,False,False,False
2017-10-12,1507766400,5.268,5.268,5.268,5.268,13500,5.407,-0.14,-0.03,5.268,5.268,5.268,0.0,0.0,-1,5.38,5.53,5.39,,,,,,False,False,False
2017-10-13,1507852800,5.268,5.268,5.268,5.268,0,5.268,0.0,0.0,5.268,5.268,5.268,0.0,0.0,-1,5.3,5.48,5.37,,,,,,False,False,False
2017-10-16,1508112000,5.268,5.268,5.268,5.268,0,5.268,0.0,0.0,5.268,5.268,5.268,0.0,0.0,-1,5.27,5.45,5.39,,,,,,False,False,False
2017-10-17,1508198400,5.338,5.338,5.268,5.268,35000,5.268,0.0,0.0,5.268,5.268,5.268,0.0,0.0,-1,5.27,5.41,5.41,,,,,,False,False,False
2017-10-18,1508284800,5.268,5.268,5.268,5.268,0,5.268,0.0,0.0,5.268,5.268,5.268,0.0,0.0,-1,5.27,5.37,5.43,,,,,,False,False,False
2017-10-19,1508371200,5.268,5.268,5.268,5.268,0,5.268,0.0,0.0,5.268,5.268,5.268,0.0,0.0,-1,5.27,5.32,5.46,,,,,,False,False,False
2017-10-20,1508457600,5.268,5.268,5.268,5.268,0,5.268,0.0,0.0,5.268,5.268,5.338,0.07,0.01,1,5.27,5.28,5.48,,,,,,False,False,False
2017-10-23,1508716800,5.338,5.338,5.338,5.338,400,5.268,0.07,0.01,5.268,5.268,5.338,0.0,0.0,-1,5.28,5.28,5.47,,,,,,False,False,False
2017-10-24,1508803200,5.338,5.338,5.338,5.338,0,5.268,0.07,0.01,5.268,5.338,5.338,0.0,0.0,-1,5.3,5.28,5.45,,,,,,False,False,False
2017-10-25,1508889600,5.338,5.407,5.338,5.338,28000,5.268,0.07,0.01,5.338,5.338,5.338,0.0,0.0,-1,5.31,5.29,5.43,,,,,,False,False,False
2017-10-26,1508976000,5.338,5.338,5.338,5.338,17000,5.338,0.0,0.0,5.338,5.338,5.338,0.0,0.0,-1,5.32,5.3,5.41,,,,,,False,False,False
2017-10-27,1509062400,5.338,5.338,5.338,5.338,9900,5.338,0.0,0.0,5.338,5.338,5.338,0.0,0.0,-1,5.34,5.3,5.39,,,,,,False,False,False
2017-10-30,1509321600,5.338,5.407,5.338,5.338,10300,5.338,0.0,0.0,5.338,5.338,5.338,0.0,0.0,-1,5.34,5.31,5.38,5.67,,,,,False,False,False
2017-10-31,1509408000,5.338,5.338,5.338,5.338,700,5.338,0.0,0.0,5.338,5.338,5.338,0.0,0.0,-1,5.34,5.32,5.36,5.61,,,5.67,,False,False,False
2017-11-01,1509494400,5.338,5.338,5.338,5.338,0,5.338,0.0,0.0,5.338,5.338,5.338,0.0,0.0,-1,5.34,5.32,5.34,5.58,,,5.61,,False,False,False
2017-11-02,1509580800,5.338,5.338,5.338,5.338,0,5.338,0.0,0.0,5.338,5.338,5.338,0.0,0.0,-1,5.34,5.33,5.33,5.55,,,5.58,,False,False,False
2017-11-03,1509667200,5.338,5.338,5.338,5.338,0,5.338,0.0,0.0,5.338,5.338,5.338,0.0,0.0,-1,5.34,5.34,5.31,5.53,,,5.55,,False,False,False
2017-11-06,1509926400,5.338,5.338,5.338,5.338,0,5.338,0.0,0.0,5.338,5.338,5.338,0.0,0.0,-1,5.34,5.34,5.31,5.51,,,5.53,,False,False,False
2017-11-07,1510012800,5.338,5.338,5.338,5.338,0,5.338,0.0,0.0,5.338,5.338,5.338,0.0,0.0,-1,5.34,5.34,5.31,5.49,,,5.51,,False,False,False
2017-11-08,1510099200,5.338,5.338,5.338,5.338,0,5.338,0.0,0.0,5.338,5.338,5.338,0.0,0.0,-1,5.34,5.34,5.31,5.47,,,5.49,,False,False,False
2017-11-09,1510185600,5.338,5.338,5.338,5.338,0,5.338,0.0,0.0,5.338,5.338,5.338,0.0,0.0,-1,5.34,5.34,5.32,5.45,,,5.47,,False,False,False
2017-11-10,1510272000,5.338,5.338,5.338,5.338,0,5.338,0.0,0.0,5.338,5.338,4.645,-0.69,-0.13,-1,5.34,5.34,5.32,5.43,,,5.45,,False,False,False
2017-11-13,1510531200,4.645,4.645,4.645,4.645,7700,5.338,-0.69,-0.13,5.338,5.338,4.853,0.21,0.05,1,5.2,5.27,5.29,5.4,,,5.43,,False,False,False
2017-11-14,1510617600,4.853,4.853,4.853,4.853,7300,5.338,-0.49,-0.09,5.338,4.645,4.853,0.0,0.0,-1,5.1,5.22,5.27,5.38,,,5.4,,False,False,False
2017-11-15,1510704000,4.853,4.853,4.853,4.853,0,5.338,-0.49,-0.09,4.645,4.853,4.853,0.0,0.0,-1,5.01,5.17,5.25,5.35,,,5.38,,False,False,False
2017-11-16,1510790400,4.853,4.853,4.853,4.853,0,4.645,0.21,0.05,4.853,4.853,4.853,0.0,0.0,-1,4.91,5.12,5.23,5.33,,,5.35,,False,False,False
2017-11-17,1510876800,4.853,4.853,4.853,4.853,0,4.853,0.0,0.0,4.853,4.853,4.853,0.0,0.0,-1,4.81,5.07,5.21,5.31,,,5.33,,False,False,False
2017-11-20,1511136000,4.853,4.853,4.853,4.853,0,4.853,0.0,0.0,4.853,4.853,4.853,0.0,0.0,-1,4.85,5.03,5.18,5.29,,,5.31,,False,False,False
2017-11-21,1511222400,4.853,4.853,4.853,4.853,0,4.853,0.0,0.0,4.853,4.853,4.853,0.0,0.0,-1,4.85,4.98,5.16,5.29,,,5.29,,False,False,False
2017-11-22,1511308800,4.853,4.853,4.853,4.853,0,4.853,0.0,0.0,4.853,4.853,5.546,0.69,0.14,1,4.85,4.93,5.13,5.27,,,5.29,,False,False,False
2017-11-23,1511395200,5.546,5.546,5.546,5.546,100,4.853,0.69,0.14,4.853,4.853,5.546,0.0,0.0,-1,4.99,4.95,5.14,5.27,,,5.27,,False,False,False
2017-11-24,1511481600,5.546,5.546,5.546,5.546,0,4.853,0.69,0.14,4.853,5.546,5.546,0.0,0.0,-1,5.13,4.97,5.15,5.27,,,5.27,,False,False,False
2017-11-27,1511740800,5.546,5.546,5.546,5.546,0,4.853,0.69,0.14,5.546,5.546,5.546,0.0,0.0,-1,5.27,5.06,5.16,5.29,,,5.27,,False,False,False
2017-11-28,1511827200,5.546,5.546,5.546,5.546,0,5.546,0.0,0.0,5.546,5.546,5.546,0.0,0.0,-1,5.41,5.13,5.18,5.3,,,5.29,,False,False,False
2017-11-29,1511913600,5.546,5.546,5.546,5.546,1900,5.546,0.0,0.0,5.546,5.546,6.239,0.69,0.12,1,5.55,5.2,5.19,5.31,,,5.3,,False,False,False
2017-11-30,1512000000,6.239,6.239,6.239,6.239,1000,5.546,0.69,0.12,5.546,5.546,6.239,0.0,0.0,-1,5.68,5.34,5.23,5.34,,,5.31,,False,False,False
2017-12-01,1512086400,6.239,6.239,6.239,6.239,0,5.546,0.69,0.12,5.546,6.239,6.239,0.0,0.0,-1,5.82,5.48,5.28,5.37,,,5.34,,False,False,False
2017-12-04,1512345600,6.239,6.239,6.239,6.239,0,5.546,0.69,0.12,6.239,6.239,6.239,0.0,0.0,-1,5.96,5.62,5.32,5.38,,,5.37,,False,False,False
2017-12-05,1512432000,6.239,6.239,6.239,6.239,0,6.239,0.0,0.0,6.239,6.239,6.239,0.0,0.0,-1,6.1,5.75,5.37,5.39,,,5.38,,False,False,False
2017-12-06,1512518400,6.239,6.239,6.239,6.239,0,6.239,0.0,0.0,6.239,6.239,6.239,0.0,0.0,-1,6.24,5.89,5.41,5.4,,,5.39,,False,False,False
2017-12-07,1512604800,6.239,6.239,6.239,6.239,0,6.239,0.0,0.0,6.239,6.239,6.793,0.55,0.09,1,6.24,5.96,5.46,5.42,,,5.4,,False,False,False
2017-12-08,1512691200,6.793,6.793,6.793,6.793,100,6.239,0.55,0.09,6.239,6.239,6.793,0.0,0.0,-1,6.35,6.09,5.53,5.44,,,5.42,,False,False,False
2017-12-11,1512950400,6.793,6.793,6.793,6.793,0,6.239,0.55,0.09,6.239,6.793,6.793,0.0,0.0,-1,6.46,6.21,5.64,5.46,,,5.44,,False,False,False
2017-12-12,1513036800,6.793,6.793,6.793,6.793,0,6.239,0.55,0.09,6.793,6.793,6.793,0.0,0.0,-1,6.57,6.34,5.73,5.48,,,5.46,,False,False,False
2017-12-13,1513123200,6.793,6.793,6.793,6.793,0,6.793,0.0,0.0,6.793,6.793,6.793,0.0,0.0,-1,6.68,6.46,5.83,5.5,,,5.48,,False,False,False
2017-12-14,1513209600,6.793,6.793,6.793,6.793,0,6.793,0.0,0.0,6.793,6.793,6.793,0.0,0.0,-1,6.79,6.52,5.93,5.53,,,5.5,,False,False,False
2017-12-15,1513296000,6.793,6.793,6.793,6.793,0,6.793,0.0,0.0,6.793,6.793,6.793,0.0,0.0,-1,6.79,6.57,6.02,5.55,,,5.53,,False,False,False
2017-12-18,1513555200,6.793,6.793,6.793,6.793,0,6.793,0.0,0.0,6.793,6.793,5.822,-0.97,-0.14,-1,6.79,6.63,6.12,5.58,,,5.55,,False,False,False
2017-12-19,1513641600,5.822,5.822,5.822,5.822,100,6.793,-0.97,-0.14,6.793,6.793,5.822,0.0,0.0,-1,6.6,6.59,6.17,5.59,,,5.58,,False,False,False
2017-12-20,1513728000,5.822,5.822,5.822,5.822,0,6.793,-0.97,-0.14,6.793,5.822,5.822,0.0,0.0,-1,6.4,6.54,6.22,5.6,,,5.59,,False,False,False
2017-12-21,1513814400,5.822,5.822,5.822,5.822,0,6.793,-0.97,-0.14,5.822,5.822,5.822,0.0,0.0,-1,6.21,6.5,6.23,5.61,,,5.6,,False,False,False
2017-12-22,1513900800,5.822,5.822,5.822,5.822,0,5.822,0.0,0.0,5.822,5.822,4.991,-0.83,-0.14,-1,6.02,6.4,6.25,5.62,,,5.61,,False,False,False
2017-12-25,1514160000,4.991,4.991,4.991,4.991,100,5.822,-0.83,-0.14,5.822,5.822,4.991,0.0,0.0,-1,5.66,6.22,6.22,5.62,,,5.62,,False,False,False
2017-12-26,1514246400,4.991,4.991,4.991,4.991,0,5.822,-0.83,-0.14,5.822,4.991,4.991,0.0,0.0,-1,5.49,6.04,6.19,5.61,,,5.62,,False,False,False
2017-12-27,1514332800,4.991,4.991,4.991,4.991,0,5.822,-0.83,-0.14,4.991,4.991,4.991,0.0,0.0,-1,5.32,5.86,6.16,5.6,,,5.61,,False,False,False
2017-12-28,1514419200,4.991,4.991,4.991,4.991,0,4.991,0.0,0.0,4.991,4.991,4.367,-0.62,-0.12,-1,5.16,5.68,6.1,5.6,,,5.6,,False,False,False
2017-12-29,1514505600,4.367,4.367,4.367,4.367,100,4.991,-0.62,-0.12,4.991,4.991,4.367,0.0,0.0,-1,4.87,5.44,6.01,5.58,,,5.6,,False,False,False
2018-01-02,1514851200,4.367,4.367,4.367,4.367,0,4.991,-0.62,-0.12,4.991,4.367,3.813,-0.55,-0.13,-1,4.74,5.2,5.91,5.56,,,5.58,,False,False,False
2018-01-03,1514937600,3.813,3.813,3.813,3.813,100,4.991,-1.18,-0.24,4.367,4.367,3.813,0.0,0.0,-1,4.51,5.0,5.79,5.53,,,5.56,,False,False,False
2018-01-04,1515024000,3.813,3.813,3.813,3.813,0,4.367,-0.55,-0.13,4.367,3.813,3.813,0.0,0.0,-1,4.27,4.8,5.67,5.5,,,5.53,,False,False,False
2018-01-05,1515110400,3.813,3.813,3.813,3.813,0,4.367,-0.55,-0.13,3.813,3.813,3.813,0.0,0.0,-1,4.03,4.6,5.55,5.47,,,5.5,,False,False,False
2018-01-08,1515369600,3.813,3.813,3.813,3.813,0,3.813,0.0,0.0,3.813,3.813,3.813,0.0,0.0,-1,3.92,4.4,5.4,5.44,,,5.47,,False,False,False
2018-01-09,1515456000,3.813,3.813,3.813,3.813,0,3.813,0.0,0.0,3.813,3.813,3.813,0.0,0.0,-1,3.81,4.28,5.25,5.41,5.54,,5.44,,False,False,False
2018-01-10,1515542400,3.813,3.813,3.813,3.813,0,3.813,0.0,0.0,3.813,3.813,3.813,0.0,0.0,-1,3.81,4.16,5.1,5.38,5.5,,5.41,,False,False,False
2018-01-11,1515628800,3.813,3.813,3.813,3.813,0,3.813,0.0,0.0,3.813,3.813,3.813,0.0,0.0,-1,3.81,4.04,4.95,5.35,5.47,,5.38,,False,False,False
2018-01-12,1515715200,3.813,3.813,3.813,3.813,0,3.813,0.0,0.0,3.813,3.813,3.397,-0.42,-0.11,-1,3.81,3.92,4.8,5.32,5.43,,5.35,,False,False,False
2018-01-15,1515974400,3.397,3.397,3.397,3.397,100,3.813,-0.42,-0.11,3.813,3.813,3.397,0.0,0.0,-1,3.73,3.83,4.63,5.28,5.4,,5.32,,False,False,False
2018-01-16,1516060800,3.397,3.397,3.397,3.397,0,3.813,-0.42,-0.11,3.813,3.397,3.12,-0.28,-0.08,-1,3.65,3.73,4.46,5.24,5.37,,5.28,,False,False,False
2018-01-17,1516147200,3.12,3.12,3.12,3.12,100,3.813,-0.69,-0.18,3.397,3.397,3.535,0.42,0.13,1,3.51,3.66,4.33,5.19,5.34,,5.24,,False,False,False
2018-01-18,1516233600,3.535,3.535,3.535,3.535,100,3.397,0.14,0.04,3.397,3.12,3.535,0.0,0.0,-1,3.45,3.63,4.21,5.16,5.32,,5.19,,False,False,False
2018-01-19,1516320000,3.535,3.535,3.535,3.535,0,3.397,0.14,0.04,3.12,3.535,3.535,0.0,0.0,-1,3.4,3.6,4.1,5.12,5.29,,5.16,,False,False,False
2018-01-22,1516579200,3.535,3.535,3.535,3.535,0,3.12,0.42,0.13,3.535,3.535,4.021,0.49,0.14,1,3.42,3.58,3.99,5.09,5.26,,5.12,,False,False,False
2018-01-23,1516665600,4.021,4.021,4.021,4.021,100,3.535,0.49,0.14,3.535,3.535,4.021,0.0,0.0,-1,3.55,3.6,3.94,5.07,5.24,,5.09,,False,False,False
2018-01-24,1516752000,4.021,4.021,4.021,4.021,0,3.535,0.49,0.14,3.535,4.021,4.021,0.0,0.0,-1,3.73,3.62,3.89,5.06,5.22,,5.07,,False,False,False
2018-01-25,1516838400,4.021,4.021,4.021,4.021,0,3.535,0.49,0.14,4.021,4.021,4.021,0.0,0.0,-1,3.83,3.64,3.84,5.04,5.2,,5.06,,False,False,False
2018-01-26,1516924800,4.021,4.021,4.021,4.021,0,4.021,0.0,0.0,4.021,4.021,4.021,0.0,0.0,-1,3.92,3.66,3.79,5.02,5.18,,5.04,,False,False,False
2018-01-29,1517184000,4.021,4.021,4.021,4.021,0,4.021,0.0,0.0,4.021,4.021,4.021,0.0,0.0,-1,4.02,3.72,3.77,5.01,5.16,,5.02,,False,False,False
2018-01-30,1517270400,4.021,4.021,4.021,4.021,0,4.021,0.0,0.0,4.021,4.021,4.228,0.21,0.05,1,4.02,3.79,3.76,4.99,5.14,,5.01,,False,False,False
2018-01-31,1517356800,4.575,4.575,4.228,4.228,34000,4.021,0.21,0.05,4.021,4.021,4.367,0.14,0.03,1,4.06,3.9,3.78,4.98,5.13,,4.99,,False,False,False
2018-02-01,1517443200,4.367,4.367,4.367,4.367,6000,4.021,0.35,0.09,4.021,4.228,4.367,0.0,0.0,-1,4.13,3.98,3.81,4.97,5.12,,4.98,,False,False,False
2018-02-02,1517529600,4.367,4.367,4.367,4.367,0,4.021,0.35,0.09,4.228,4.367,4.367,0.0,0.0,-1,4.2,4.06,3.83,4.95,5.11,,4.97,,False,False,False
2018-02-05,1517788800,4.367,4.367,4.367,4.367,0,4.228,0.14,0.03,4.367,4.367,4.991,0.62,0.14,1,4.27,4.15,3.86,4.92,5.1,,4.95,,False,False,False
2018-02-06,1517875200,4.991,4.991,4.991,4.991,100,4.367,0.62,0.14,4.367,4.367,4.991,0.0,0.0,-1,4.46,4.24,3.92,4.91,5.1,,4.92,,False,False,False
2018-02-07,1517961600,4.991,4.991,4.991,4.991,0,4.367,0.62,0.14,4.367,4.991,4.367,-0.62,-0.12,-1,4.62,4.34,3.98,4.9,5.1,,4.91,,False,False,False
2018-02-08,1518048000,4.367,4.367,4.367,4.367,30000,4.367,0.0,0.0,4.991,4.991,4.367,0.0,0.0,-1,4.62,4.37,4.01,4.88,5.09,,4.9,,False,False,False
2018-02-09,1518134400,4.367,4.367,4.367,4.367,0,4.991,-0.62,-0.12,4.991,4.367,4.367,0.0,0.0,-1,4.62,4.41,4.03,4.84,5.09,,4.88,,False,False,False
2018-02-12,1518393600,4.367,4.367,4.367,4.367,0,4.991,-0.62,-0.12,4.367,4.367,4.367,0.0,0.0,-1,4.62,4.44,4.08,4.8,5.08,,4.84,,False,False,False
2018-02-13,1518480000,4.367,4.367,4.367,4.367,0,4.367,0.0,0.0,4.367,4.367,4.367,0.0,0.0,-1,4.49,4.48,4.13,4.76,5.07,,4.8,,False,False,False
2018-02-21,1519171200,4.367,4.367,4.367,4.367,0,4.367,0.0,0.0,4.367,4.367,3.813,-0.55,-0.13,-1,4.37,4.49,4.19,4.73,5.06,,4.76,,False,False,False
2018-02-22,1519257600,3.813,3.813,3.813,3.813,100,4.367,-0.55,-0.13,4.367,4.367,3.813,0.0,0.0,-1,4.26,4.44,4.21,4.68,5.04,,4.73,,False,False,False
2018-02-23,1519344000,3.813,3.813,3.813,3.813,0,4.367,-0.55,-0.13,4.367,3.813,3.813,0.0,0.0,-1,4.15,4.38,4.22,4.63,5.02,,4.68,,False,False,False
2018-02-26,1519603200,3.813,3.813,3.813,3.813,0,4.367,-0.55,-0.13,3.813,3.813,3.813,0.0,0.0,-1,4.03,4.33,4.24,4.57,5.0,,4.63,,False,False,False
2018-02-27,1519689600,3.813,3.813,3.813,3.813,0,3.813,0.0,0.0,3.813,3.813,3.813,0.0,0.0,-1,3.92,4.21,4.23,4.51,4.98,,4.57,,False,False,False
2018-02-28,1519776000,3.813,3.813,3.813,3.813,0,3.813,0.0,0.0,3.813,3.813,3.813,0.0,0.0,-1,3.81,4.09,4.21,4.45,4.97,,4.51,,False,False,False
2018-03-01,1519862400,3.813,3.813,3.813,3.813,0,3.813,0.0,0.0,3.813,3.813,3.813,0.0,0.0,-1,3.81,4.03,4.2,4.39,4.95,,4.45,,False,False,False
2018-03-02,1519948800,3.813,3.813,3.813,3.813,0,3.813,0.0,0.0,3.813,3.813,3.813,0.0,0.0,-1,3.81,3.98,4.19,4.33,4.93,,4.39,,False,False,False
2018-03-05,1520208000,3.813,3.813,3.813,3.813,0,3.813,0.0,0.0,3.813,3.813,3.813,0.0,0.0,-1,3.81,3.92,4.18,4.27,4.91,,4.33,,False,False,False
2018-03-06,1520294400,3.813,3.813,3.813,3.813,0,3.813,0.0,0.0,3.813,3.813,3.813,0.0,0.0,-1,3.81,3.87,4.17,4.21,4.89,,4.27,,False,False,False
2018-03-07,1520380800,3.813,3.813,3.813,3.813,0,3.813,0.0,0.0,3.813,3.813,3.813,0.0,0.0,-1,3.81,3.81,4.15,4.17,4.88,,4.21,,False,False,False
2018-03-08,1520467200,3.813,3.813,3.813,3.813,0,3.813,0.0,0.0,3.813,3.813,3.813,0.0,0.0,-1,3.81,3.81,4.12,4.13,4.87,,4.17,,False,False,False
2018-03-09,1520553600,3.813,3.813,3.813,3.813,0,3.813,0.0,0.0,3.813,3.813,3.813,0.0,0.0,-1,3.81,3.81,4.1,4.09,4.85,,4.13,,False,False,False
2018-03-12,1520812800,3.813,3.813,3.813,3.813,0,3.813,0.0,0.0,3.813,3.813,3.813,0.0,0.0,-1,3.81,3.81,4.07,4.05,4.84,,4.09,,False,False,False
2018-03-13,1520899200,3.813,3.813,3.813,3.813,0,3.813,0.0,0.0,3.813,3.813,3.813,0.0,0.0,-1,3.81,3.81,4.01,4.03,4.82,,4.05,,False,False,False
2018-03-14,1520985600,3.813,3.813,3.813,3.813,0,3.813,0.0,0.0,3.813,3.813,3.813,0.0,0.0,-1,3.81,3.81,3.95,4.0,4.81,,4.03,,False,False,False
2018-03-15,1521072000,3.813,3.813,3.813,3.813,0,3.813,0.0,0.0,3.813,3.813,3.813,0.0,0.0,-1,3.81,3.81,3.92,3.98,4.79,,4.0,,False,False,False
2018-03-16,1521158400,3.813,3.813,3.813,3.813,0,3.813,0.0,0.0,3.813,3.813,3.813,0.0,0.0,-1,3.81,3.81,3.9,3.96,4.78,,3.98,,False,False,False
2018-03-19,1521417600,3.813,3.813,3.813,3.813,0,3.813,0.0,0.0,3.813,3.813,3.813,0.0,0.0,-1,3.81,3.81,3.87,3.95,4.76,,3.96,,False,False,False
2018-03-20,1521504000,3.813,3.813,3.813,3.813,0,3.813,0.0,0.0,3.813,3.813,3.813,0.0,0.0,-1,3.81,3.81,3.84,3.93,4.75,,3.95,,False,False,False
2018-03-21,1521590400,3.813,3.813,3.813,3.813,0,3.813,0.0,0.0,3.813,3.813,3.813,0.0,0.0,-1,3.81,3.81,3.81,3.93,4.73,,3.93,,False,False,False
2018-03-22,1521676800,3.813,3.813,3.813,3.813,0,3.813,0.0,0.0,3.813,3.813,3.813,0.0,0.0,-1,3.81,3.81,3.81,3.93,4.72,,3.93,,False,False,False
2018-03-23,1521763200,3.813,3.813,3.813,3.813,0,3.813,0.0,0.0,3.813,3.813,3.813,0.0,0.0,-1,3.81,3.81,3.81,3.93,4.7,,3.93,,False,False,False
2018-03-26,1522022400,3.813,3.813,3.813,3.813,0,3.813,0.0,0.0,3.813,3.813,3.813,0.0,0.0,-1,3.81,3.81,3.81,3.93,4.69,,3.93,,False,False,False
2018-03-27,1522108800,3.813,3.813,3.813,3.813,0,3.813,0.0,0.0,3.813,3.813,3.813,0.0,0.0,-1,3.81,3.81,3.81,3.93,4.67,,3.93,,False,False,False
2018-03-28,1522195200,3.813,3.813,3.813,3.813,0,3.813,0.0,0.0,3.813,3.813,3.813,0.0,0.0,-1,3.81,3.81,3.81,3.93,4.66,,3.93,,False,False,False
2018-03-29,1522281600,3.813,3.813,3.813,3.813,0,3.813,0.0,0.0,3.813,3.813,3.813,0.0,0.0,-1,3.81,3.81,3.81,3.93,4.64,,3.93,,False,False,False
2018-03-30,1522368000,3.813,3.813,3.813,3.813,0,3.813,0.0,0.0,3.813,3.813,5.338,1.52,0.4,1,3.81,3.81,3.81,3.93,4.63,,3.93,,False,False,False
2018-04-02,1522627200,5.338,5.338,5.338,5.338,200,3.813,1.52,0.4,3.813,3.813,5.338,0.0,0.0,-1,4.12,3.97,3.89,3.97,4.63,,3.93,,False,False,False
2018-04-03,1522713600,5.338,5.338,5.338,5.338,0,3.813,1.52,0.4,3.813,5.338,5.338,0.0,0.0,-1,4.42,4.12,3.97,4.01,4.63,,3.97,,False,False,False
2018-04-04,1522800000,5.338,5.338,5.338,5.338,0,3.813,1.52,0.4,5.338,5.338,5.338,0.0,0.0,-1,4.73,4.27,4.04,4.06,4.63,,4.01,,False,False,False
2018-04-05,1522886400,5.338,5.338,5.338,5.338,0,5.338,0.0,0.0,5.338,5.338,5.338,0.0,0.0,-1,5.03,4.42,4.12,4.09,4.63,,4.06,,False,False,False
2018-04-06,1522972800,5.338,5.338,5.338,5.338,0,5.338,0.0,0.0,5.338,5.338,5.338,0.0,0.0,-1,5.34,4.58,4.19,4.13,4.63,,4.09,,False,False,False
2018-04-09,1523232000,5.338,5.338,5.338,5.338,0,5.338,0.0,0.0,5.338,5.338,5.338,0.0,0.0,-1,5.34,4.73,4.27,4.17,4.63,,4.13,,False,False,False
2018-04-10,1523318400,5.338,5.338,5.338,5.338,0,5.338,0.0,0.0,5.338,5.338,5.338,0.0,0.0,-1,5.34,4.88,4.35,4.19,4.63,,4.17,,False,False,False
2018-04-11,1523404800,5.338,5.338,5.338,5.338,0,5.338,0.0,0.0,5.338,5.338,5.338,0.0,0.0,-1,5.34,5.03,4.42,4.22,4.64,,4.19,,False,False,False
2018-04-12,1523491200,5.338,5.338,5.338,5.338,0,5.338,0.0,0.0,5.338,5.338,5.338,0.0,0.0,-1,5.34,5.19,4.5,4.24,4.64,,4.22,,False,False,False
2018-04-13,1523577600,5.338,5.338,5.338,5.338,0,5.338,0.0,0.0,5.338,5.338,5.338,0.0,0.0,-1,5.34,5.34,4.58,4.27,4.65,,4.24,,False,False,False
2018-04-16,1523836800,5.338,5.338,5.338,5.338,0,5.338,0.0,0.0,5.338,5.338,5.338,0.0,0.0,-1,5.34,5.34,4.65,4.3,4.65,,4.27,,False,False,False
2018-04-17,1523923200,5.338,5.338,5.338,5.338,0,5.338,0.0,0.0,5.338,5.338,5.407,0.07,0.01,1,5.34,5.34,4.73,4.32,4.66,,4.3,,False,False,False
2018-04-18,1524009600,5.407,5.407,5.407,5.407,100,5.338,0.07,0.01,5.338,5.338,5.407,0.0,0.0,-1,5.35,5.34,4.81,4.35,4.66,,4.32,,False,False,False
2018-04-19,1524096000,5.407,5.407,5.407,5.407,0,5.338,0.07,0.01,5.338,5.407,5.407,0.0,0.0,-1,5.37,5.35,4.89,4.37,4.67,,4.35,,False,False,False
2018-04-20,1524182400,5.407,5.407,5.407,5.407,0,5.338,0.07,0.01,5.407,5.407,5.407,0.0,0.0,-1,5.38,5.36,4.97,4.39,4.67,,4.37,,False,False,False
2018-04-23,1524441600,5.407,5.407,5.407,5.407,0,5.407,0.0,0.0,5.407,5.407,5.407,0.0,0.0,-1,5.39,5.37,5.05,4.41,4.67,,4.39,,False,False,False
2018-04-24,1524528000,5.407,5.407,5.407,5.407,0,5.407,0.0,0.0,5.407,5.407,5.407,0.0,0.0,-1,5.41,5.37,5.13,4.42,4.66,,4.41,,False,False,False
2018-04-26,1524700800,5.407,5.407,5.407,5.407,0,5.407,0.0,0.0,5.407,5.407,5.407,0.0,0.0,-1,5.41,5.38,5.21,4.43,4.66,,4.42,,False,False,False
2018-04-27,1524787200,5.407,5.407,5.407,5.407,0,5.407,0.0,0.0,5.407,5.407,6.1,0.69,0.13,1,5.41,5.39,5.29,4.45,4.66,,4.43,,False,False,False
2018-05-02,1525219200,6.1,6.1,6.1,6.1,5100,5.407,0.69,0.13,5.407,5.407,6.1,0.0,0.0,-1,5.55,5.46,5.4,4.48,4.66,,4.45,,False,False,False
2018-05-03,1525305600,6.1,6.1,6.1,6.1,100,5.407,0.69,0.13,5.407,6.1,6.1,0.0,0.0,-1,5.68,5.54,5.44,4.52,4.66,,4.48,,False,False,False
2018-05-04,1525392000,6.1,6.1,6.1,6.1,0,5.407,0.69,0.13,6.1,6.1,6.1,0.0,0.0,-1,5.82,5.61,5.48,4.55,4.66,,4.52,,False,False,False
2018-05-07,1525651200,6.1,6.1,6.1,6.1,0,6.1,0.0,0.0,6.1,6.1,6.1,0.0,0.0,-1,5.96,5.68,5.51,4.59,4.66,,4.55,,False,False,False
2018-05-08,1525737600,6.1,6.1,6.1,6.1,0,6.1,0.0,0.0,6.1,6.1,6.1,0.0,0.0,-1,6.1,5.75,5.55,4.63,4.65,,4.59,,False,False,False
2018-05-09,1525824000,6.1,6.1,6.1,6.1,0,6.1,0.0,0.0,6.1,6.1,6.1,0.0,0.0,-1,6.1,5.82,5.59,4.68,4.65,,4.63,,False,False,False
2018-05-10,1525910400,6.1,6.1,6.1,6.1,0,6.1,0.0,0.0,6.1,6.1,6.1,0.0,0.0,-1,6.1,5.89,5.63,4.72,4.65,,4.68,,False,False,False
2018-05-11,1525996800,6.1,6.1,6.1,6.1,0,6.1,0.0,0.0,6.1,6.1,6.1,0.0,0.0,-1,6.1,5.96,5.67,4.77,4.64,,4.72,,False,False,False
2018-05-14,1526256000,6.1,6.1,6.1,6.1,400,6.1,0.0,0.0,6.1,6.1,6.1,0.0,0.0,-1,6.1,6.03,5.71,4.81,4.63,,4.77,,False,False,False
2018-05-15,1526342400,6.1,6.1,6.1,6.1,0,6.1,0.0,0.0,6.1,6.1,6.1,0.0,0.0,-1,6.1,6.1,5.74,4.86,4.63,,4.81,,False,False,False
2018-05-16,1526428800,6.1,6.1,6.1,6.1,0,6.1,0.0,0.0,6.1,6.1,5.318,-0.78,-0.13,-1,6.1,6.1,5.78,4.91,4.62,,4.86,,False,False,False
2018-05-17,1526515200,5.318,5.318,5.318,5.318,100,6.1,-0.78,-0.13,6.1,6.1,5.318,0.0,0.0,-1,5.94,6.02,5.78,4.94,4.6,,4.91,,False,False,False
2018-05-18,1526601600,5.318,5.318,5.318,5.318,0,6.1,-0.78,-0.13,6.1,5.318,5.318,0.0,0.0,-1,5.79,5.94,5.78,4.97,4.59,,4.94,,False,False,False
2018-05-21,1526860800,5.318,5.318,5.318,5.318,0,6.1,-0.78,-0.13,5.318,5.318,4.693,-0.62,-0.12,-1,5.63,5.87,5.77,5.0,4.58,,4.97,,False,False,False
2018-05-22,1526947200,4.693,4.693,4.693,4.693,100,5.318,-0.62,-0.12,5.318,5.318,4.693,0.0,0.0,-1,5.35,5.72,5.74,5.01,4.57,,5.0,,False,False,False
2018-05-23,1527033600,4.693,4.693,4.693,4.693,0,5.318,-0.62,-0.12,5.318,4.693,4.693,0.0,0.0,-1,5.07,5.58,5.7,5.03,4.56,,5.01,,False,False,False
2018-05-24,1527120000,4.693,4.693,4.693,4.693,0,5.318,-0.62,-0.12,4.693,4.693,5.396,0.7,0.15,1,4.94,5.44,5.67,5.05,4.55,,5.03,,False,False,False
2018-05-25,1527206400,5.396,5.396,5.396,5.396,100,4.693,0.7,0.15,4.693,4.693,5.396,0.0,0.0,-1,4.96,5.37,5.67,5.08,4.55,,5.05,,False,False,False
2018-05-28,1527465600,5.396,5.396,5.396,5.396,0,4.693,0.7,0.15,4.693,5.396,5.396,0.0,0.0,-1,4.97,5.3,5.67,5.11,4.56,,5.08,,False,False,False
2018-05-29,1527552000,5.396,5.396,5.396,5.396,0,4.693,0.7,0.15,5.396,5.396,5.396,0.0,0.0,-1,5.11,5.23,5.67,5.14,4.56,,5.11,,False,False,False
2018-05-30,1527638400,5.396,5.396,5.396,5.396,0,5.396,0.0,0.0,5.396,5.396,5.396,0.0,0.0,-1,5.26,5.16,5.63,5.18,4.57,,5.14,,False,False,False
2018-05-31,1527724800,5.396,5.396,5.396,5.396,0,5.396,0.0,0.0,5.396,5.396,5.396,0.0,0.0,-1,5.4,5.17,5.6,5.21,4.58,,5.18,,False,False,False
2018-06-01,1527811200,5.396,5.396,5.396,5.396,0,5.396,0.0,0.0,5.396,5.396,5.396,0.0,0.0,-1,5.4,5.18,5.56,5.24,4.59,,5.21,,False,False,False
2018-06-04,1528070400,5.396,5.396,5.396,5.396,0,5.396,0.0,0.0,5.396,5.396,5.396,0.0,0.0,-1,5.4,5.19,5.53,5.27,4.6,,5.24,,False,False,False
2018-06-05,1528156800,5.396,5.396,5.396,5.396,0,5.396,0.0,0.0,5.396,5.396,5.396,0.0,0.0,-1,5.4,5.26,5.49,5.3,4.62,,5.27,,False,False,False
2018-06-06,1528243200,5.396,5.396,5.396,5.396,0,5.396,0.0,0.0,5.396,5.396,5.396,0.0,0.0,-1,5.4,5.33,5.45,5.33,4.63,,5.3,,False,False,False
2018-06-07,1528329600,5.396,5.396,5.396,5.396,0,5.396,0.0,0.0,5.396,5.396,5.396,0.0,0.0,-1,5.4,5.4,5.42,5.36,4.65,,5.33,,False,False,False
2018-06-08,1528416000,5.396,5.396,5.396,5.396,0,5.396,0.0,0.0,5.396,5.396,5.396,0.0,0.0,-1,5.4,5.4,5.38,5.4,4.67,5.1,5.36,,False,True,False
2018-06-11,1528675200,5.396,5.396,5.396,5.396,0,5.396,0.0,0.0,5.396,5.396,5.396,0.0,0.0,-1,5.4,5.4,5.35,5.43,4.68,5.09,5.4,5.1,False,True,False
2018-06-12,1528761600,5.396,5.396,5.396,5.396,0,5.396,0.0,0.0,5.396,5.396,5.396,0.0,0.0,-1,5.4,5.4,5.31,5.46,4.7,5.08,5.43,5.09,False,True,False
2018-06-13,1528848000,5.396,5.396,5.396,5.396,0,5.396,0.0,0.0,5.396,5.396,5.396,0.0,0.0,-1,5.4,5.4,5.28,5.49,4.71,5.07,5.46,5.08,False,True,False
2018-06-14,1528934400,5.396,5.396,5.396,5.396,0,5.396,0.0,0.0,5.396,5.396,5.396,0.0,0.0,-1,5.4,5.4,5.28,5.49,4.73,5.07,5.49,5.07,False,True,False
2018-06-15,1529020800,5.396,5.396,5.396,5.396,0,5.396,0.0,0.0,5.396,5.396,5.396,0.0,0.0,-1,5.4,5.4,5.29,5.49,4.75,5.06,5.49,5.07,False,True,False
2018-06-18,1529280000,5.396,5.396,5.396,5.396,0,5.396,0.0,0.0,5.396,5.396,5.396,0.0,0.0,-1,5.4,5.4,5.29,5.5,4.78,5.06,5.49,5.06,False,True,False
2018-06-19,1529366400,5.396,5.396,5.396,5.396,0,5.396,0.0,0.0,5.396,5.396,5.396,0.0,0.0,-1,5.4,5.4,5.33,5.5,4.79,5.06,5.5,5.06,False,True,False
2018-06-20,1529452800,5.396,5.396,5.396,5.396,0,5.396,0.0,0.0,5.396,5.396,5.396,0.0,0.0,-1,5.4,5.4,5.36,5.5,4.81,5.05,5.5,5.06,False,True,False
2018-06-21,1529539200,5.396,5.396,5.396,5.396,0,5.396,0.0,0.0,5.396,5.396,5.396,0.0,0.0,-1,5.4,5.4,5.4,5.5,4.83,5.05,5.5,5.05,False,True,False
2018-06-22,1529625600,5.396,5.396,5.396,5.396,2800,5.396,0.0,0.0,5.396,5.396,5.396,0.0,0.0,-1,5.4,5.4,5.4,5.5,4.85,5.04,5.5,5.05,False,True,False
2018-06-25,1529884800,4.77,5.396,4.77,5.396,200,5.396,0.0,0.0,5.396,5.396,5.083,-0.31,-0.06,-1,5.4,5.4,5.4,5.5,4.86,5.04,5.5,5.04,False,True,False
2018-06-26,1529971200,5.083,5.083,5.083,5.083,0,5.396,-0.31,-0.06,5.396,5.396,5.083,0.0,0.0,-1,5.33,5.36,5.38,5.5,4.87,5.03,5.5,5.04,False,True,False
2018-06-27,1530057600,5.083,5.083,5.083,5.083,0,5.396,-0.31,-0.06,5.396,5.083,5.161,0.08,0.02,1,5.27,5.33,5.36,5.49,4.88,5.03,5.5,5.03,False,True,False
2018-06-28,1530144000,5.161,5.161,5.161,5.161,3000,5.396,-0.24,-0.04,5.083,5.083,5.161,0.0,0.0,-1,5.22,5.31,5.35,5.49,4.89,5.03,5.49,5.03,False,True,False
2018-06-29,1530230400,5.161,5.161,5.161,5.161,0,5.083,0.08,0.02,5.083,5.161,5.161,0.0,0.0,-1,5.18,5.29,5.34,5.48,4.9,5.02,5.49,5.03,False,True,False
2018-07-02,1530489600,5.161,5.161,5.161,5.161,0,5.083,0.08,0.02,5.161,5.161,5.161,0.0,0.0,-1,5.13,5.26,5.33,5.48,4.91,5.02,5.48,5.02,False,True,False
2018-07-03,1530576000,5.161,5.161,5.161,5.161,0,5.161,0.0,0.0,5.161,5.161,5.161,0.0,0.0,-1,5.15,5.24,5.32,5.47,4.92,5.02,5.48,5.02,False,True,False
2018-07-04,1530662400,5.161,5.161,5.161,5.161,0,5.161,0.0,0.0,5.161,5.161,5.161,0.0,0.0,-1,5.16,5.22,5.31,5.47,4.93,5.02,5.47,5.02,False,True,False
2018-07-05,1530748800,5.161,5.161,5.161,5.161,0,5.161,0.0,0.0,5.161,5.161,5.161,0.0,0.0,-1,5.16,5.19,5.29,5.46,4.94,5.02,5.47,5.02,False,True,False
2018-07-06,1530835200,5.161,5.161,5.161,5.161,0,5.161,0.0,0.0,5.161,5.161,5.161,0.0,0.0,-1,5.16,5.17,5.28,5.46,4.94,5.02,5.46,5.02,False,True,False
2018-07-09,1531094400,5.161,5.161,5.161,5.161,0,5.161,0.0,0.0,5.161,5.161,5.318,0.16,0.03,1,5.16,5.15,5.27,5.45,4.94,5.02,5.46,5.02,False,True,False
2018-07-10,1531180800,5.318,5.318,5.318,5.318,5000,5.161,0.16,0.03,5.161,5.161,5.474,0.16,0.03,1,5.19,5.17,5.27,5.45,4.95,5.02,5.45,5.02,False,True,False
2018-07-11,1531267200,5.474,5.474,5.474,5.474,1000,5.161,0.31,0.06,5.161,5.318,5.474,0.0,0.0,-1,5.26,5.21,5.27,5.44,4.96,5.03,5.45,5.02,False,True,False
2018-07-12,1531353600,5.474,5.474,5.474,5.474,0,5.161,0.31,0.06,5.318,5.474,5.474,0.0,0.0,-1,5.32,5.24,5.27,5.43,4.97,5.03,5.44,5.03,False,True,False
2018-07-13,1531440000,5.474,5.474,5.474,5.474,0,5.318,0.16,0.03,5.474,5.474,5.474,0.0,0.0,-1,5.38,5.27,5.28,5.41,4.98,5.03,5.43,5.03,False,True,False
2018-07-16,1531699200,5.474,5.474,5.474,5.474,0,5.474,0.0,0.0,5.474,5.474,5.474,0.0,0.0,-1,5.44,5.3,5.28,5.4,4.99,5.03,5.41,5.03,False,True,False
2018-07-17,1531785600,5.474,5.474,5.474,5.474,0,5.474,0.0,0.0,5.474,5.474,5.474,0.0,0.0,-1,5.47,5.33,5.29,5.39,5.01,5.03,5.4,5.03,False,True,False
2018-07-18,1531872000,5.474,5.474,5.474,5.474,0,5.474,0.0,0.0,5.474,5.474,5.474,0.0,0.0,-1,5.47,5.36,5.29,5.38,5.03,5.02,5.39,5.03,False,True,False
2018-07-19,1531958400,5.474,5.474,5.474,5.474,0,5.474,0.0,0.0,5.474,5.474,5.474,0.0,0.0,-1,5.47,5.4,5.29,5.36,5.04,5.02,5.38,5.02,False,True,False
2018-07-20,1532044800,5.474,5.474,5.474,5.474,4000,5.474,0.0,0.0,5.474,5.474,5.553,0.08,0.01,1,5.47,5.43,5.3,5.35,5.06,5.02,5.36,5.02,False,True,False
2018-07-23,1532304000,5.553,5.553,5.553,5.553,200,5.474,0.08,0.01,5.474,5.474,6.256,0.7,0.13,1,5.49,5.47,5.31,5.34,5.08,5.02,5.35,5.02,False,True,False
2018-07-24,1532390400,6.256,6.256,6.256,6.256,100,5.474,0.78,0.14,5.474,5.553,5.318,-0.94,-0.15,-1,5.65,5.56,5.36,5.34,5.1,5.02,5.34,5.02,False,True,False
2018-07-25,1532476800,5.318,5.318,5.318,5.318,100,5.474,-0.16,-0.03,5.553,6.256,5.318,0.0,0.0,-1,5.62,5.54,5.38,5.33,5.12,5.02,5.34,5.02,False,True,False
2018-07-26,1532563200,5.318,5.318,5.318,5.318,0,5.553,-0.24,-0.04,6.256,5.318,5.318,0.0,0.0,-1,5.58,5.53,5.38,5.33,5.13,5.02,5.33,5.02,False,True,False
2018-07-27,1532649600,5.318,5.318,5.318,5.318,0,6.256,-0.94,-0.15,5.318,5.318,5.318,0.0,0.0,-1,5.55,5.51,5.39,5.33,5.15,5.02,5.33,5.02,False,True,False
2018-07-30,1532908800,5.318,5.318,5.318,5.318,0,5.318,0.0,0.0,5.318,5.318,5.318,0.0,0.0,-1,5.51,5.5,5.4,5.33,5.16,5.02,5.33,5.02,False,True,False
2018-07-31,1532995200,5.318,5.318,5.318,5.318,0,5.318,0.0,0.0,5.318,5.318,5.318,0.0,0.0,-1,5.32,5.48,5.41,5.34,5.18,5.02,5.33,5.02,False,True,False
2018-08-01,1533081600,5.318,5.318,5.318,5.318,0,5.318,0.0,0.0,5.318,5.318,5.161,-0.16,-0.03,-1,5.32,5.47,5.42,5.35,5.19,5.02,5.34,5.02,False,True,False
2018-08-02,1533168000,5.161,5.161,5.161,5.161,2300,5.318,-0.16,-0.03,5.318,5.318,5.161,0.0,0.0,-1,5.29,5.44,5.42,5.36,5.21,5.02,5.35,5.02,False,True,False
2018-08-03,1533254400,5.161,5.161,5.161,5.161,0,5.318,-0.16,-0.03,5.318,5.161,5.161,0.0,0.0,-1,5.26,5.4,5.42,5.36,5.22,5.02,5.36,5.02,False,True,False
2018-08-06,1533513600,5.161,5.161,5.161,5.161,0,5.318,-0.16,-0.03,5.161,5.161,5.161,0.0,0.0,-1,5.22,5.36,5.42,5.35,5.23,5.02,5.36,5.02,False,True,False
2018-08-07,1533600000,5.161,5.161,5.161,5.161,0,5.161,0.0,0.0,5.161,5.161,5.161,0.0,0.0,-1,5.19,5.26,5.41,5.35,5.25,5.02,5.35,5.02,False,True,False
2018-08-08,1533686400,5.161,5.161,5.161,5.161,0,5.161,0.0,0.0,5.161,5.161,5.161,0.0,0.0,-1,5.16,5.24,5.39,5.34,5.26,5.02,5.35,5.02,False,True,False
2018-08-09,1533772800,5.161,5.161,5.161,5.161,0,5.161,0.0,0.0,5.161,5.161,5.161,0.0,0.0,-1,5.16,5.22,5.38,5.34,5.27,5.02,5.34,5.02,False,True,False
2018-08-10,1533859200,5.161,5.161,5.161,5.161,0,5.161,0.0,0.0,5.161,5.161,5.161,0.0,0.0,-1,5.16,5.21,5.36,5.33,5.29,5.02,5.34,5.02,False,True,False
2018-08-13,1534118400,5.161,5.161,5.161,5.161,0,5.161,0.0,0.0,5.161,5.161,5.161,0.0,0.0,-1,5.16,5.19,5.35,5.33,5.3,5.02,5.33,5.02,False,True,False
2018-08-14,1534204800,5.161,5.161,5.161,5.161,0,5.161,0.0,0.0,5.161,5.161,5.161,0.0,0.0,-1,5.16,5.18,5.33,5.33,5.31,5.02,5.33,5.02,False,True,False
2018-08-15,1534291200,5.161,5.161,5.161,5.161,0,5.161,0.0,0.0,5.161,5.161,5.161,0.0,0.0,-1,5.16,5.16,5.31,5.32,5.33,5.01,5.33,5.02,False,True,False
2018-08-16,1534377600,5.161,5.161,5.161,5.161,0,5.161,0.0,0.0,5.161,5.161,5.161,0.0,0.0,-1,5.16,5.16,5.3,5.32,5.34,5.01,5.32,5.01,False,True,False
2018-08-17,1534464000,5.161,5.161,5.161,5.161,0,5.161,0.0,0.0,5.161,5.161,5.161,0.0,0.0,-1,5.16,5.16,5.28,5.31,5.35,5.01,5.32,5.01,False,True,False
2018-08-20,1534723200,5.161,5.161,5.161,5.161,0,5.161,0.0,0.0,5.161,5.161,4.927,-0.23,-0.04,-1,5.16,5.16,5.26,5.31,5.37,5.01,5.31,5.01,False,True,False
2018-08-21,1534809600,4.927,4.927,4.927,4.927,6000,5.161,-0.23,-0.04,5.161,5.161,5.318,0.39,0.08,1,5.11,5.14,5.2,5.3,5.38,5.01,5.31,5.01,False,True,False
2018-08-22,1534896000,5.318,5.318,5.318,5.318,100,5.161,0.16,0.03,5.161,4.927,5.318,0.0,0.0,-1,5.15,5.15,5.2,5.3,5.39,5.01,5.3,5.01,False,True,False
2018-08-23,1534982400,5.318,5.318,5.318,5.318,0,5.161,0.16,0.03,4.927,5.318,5.318,0.0,0.0,-1,5.18,5.17,5.2,5.29,5.39,5.01,5.3,5.01,False,True,False
2018-08-24,1535068800,5.318,5.318,5.318,5.318,0,4.927,0.39,0.08,5.318,5.318,5.318,0.0,0.0,-1,5.21,5.18,5.2,5.29,5.39,5.01,5.29,5.01,False,True,False
2018-08-27,1535328000,4.77,5.318,4.77,5.318,600,5.318,0.0,0.0,5.318,5.318,5.24,-0.08,-0.02,-1,5.24,5.2,5.2,5.29,5.39,5.01,5.29,5.01,False,True,False
2018-08-28,1535414400,5.24,5.24,5.24,5.24,4000,5.318,-0.08,-0.02,5.318,5.318,5.318,0.08,0.02,1,5.3,5.21,5.19,5.29,5.39,5.01,5.29,5.01,False,True,False
2018-08-29,1535500800,5.318,5.396,5.318,5.318,400,5.318,0.0,0.0,5.318,5.24,5.318,0.0,0.0,-1,5.3,5.22,5.19,5.29,5.39,5.01,5.29,5.01,False,True,False
2018-08-30,1535587200,5.318,5.318,5.318,5.318,0,5.318,0.0,0.0,5.24,5.318,5.318,0.0,0.0,-1,5.3,5.24,5.2,5.28,5.39,5.01,5.29,5.01,False,True,False
2018-08-31,1535673600,5.318,5.318,5.318,5.318,0,5.24,0.08,0.02,5.318,5.318,5.318,0.0,0.0,-1,5.3,5.26,5.21,5.28,5.39,5.01,5.28,5.01,False,True,False
2018-09-04,1536019200,5.318,5.318,5.318,5.318,0,5.318,0.0,0.0,5.318,5.318,5.474,0.16,0.03,1,5.3,5.27,5.22,5.28,5.39,5.01,5.28,5.01,False,True,False
2018-09-05,1536105600,5.474,5.474,5.474,5.474,1300,5.318,0.16,0.03,5.318,5.318,5.709,0.23,0.04,1,5.35,5.33,5.23,5.29,5.39,5.02,5.28,5.01,False,True,False
2018-09-06,1536192000,5.474,5.709,5.474,5.709,9000,5.318,0.39,0.07,5.318,5.474,5.709,0.0,0.0,-1,5.43,5.36,5.26,5.3,5.4,5.02,5.29,5.02,False,True,False
2018-09-07,1536278400,5.709,5.709,5.709,5.709,100,5.318,0.39,0.07,5.474,5.709,5.709,0.0,0.0,-1,5.51,5.4,5.29,5.31,5.4,5.03,5.3,5.02,False,True,False
2018-09-10,1536537600,5.709,5.709,5.709,5.709,0,5.474,0.23,0.04,5.709,5.709,5.709,0.0,0.0,-1,5.58,5.44,5.31,5.32,5.4,5.03,5.31,5.03,False,True,False
2018-09-11,1536624000,5.709,5.709,5.709,5.709,0,5.709,0.0,0.0,5.709,5.709,5.709,0.0,0.0,-1,5.66,5.48,5.34,5.33,5.41,5.03,5.32,5.03,False,True,False
2018-09-12,1536710400,5.709,5.709,5.709,5.709,0,5.709,0.0,0.0,5.709,5.709,5.709,0.0,0.0,-1,5.71,5.53,5.37,5.35,5.41,5.04,5.33,5.03,False,True,False
2018-09-13,1536796800,5.709,5.709,5.709,5.709,0,5.709,0.0,0.0,5.709,5.709,5.709,0.0,0.0,-1,5.71,5.57,5.4,5.36,5.41,5.04,5.35,5.04,False,True,False
2018-09-14,1536883200,5.709,5.709,5.709,5.709,0,5.709,0.0,0.0,5.709,5.709,5.709,0.0,0.0,-1,5.71,5.61,5.42,5.37,5.42,5.04,5.36,5.04,False,True,False
2018-09-17,1537142400,5.709,5.709,5.709,5.709,0,5.709,0.0,0.0,5.709,5.709,5.709,0.0,0.0,-1,5.71,5.65,5.45,5.38,5.42,5.04,5.37,5.04,False,True,False
2018-09-18,1537228800,5.709,5.709,5.709,5.709,0,5.709,0.0,0.0,5.709,5.709,5.709,0.0,0.0,-1,5.71,5.69,5.48,5.39,5.42,5.04,5.38,5.04,False,True,False
2018-09-19,1537315200,5.709,5.709,5.709,5.709,0,5.709,0.0,0.0,5.709,5.709,5.083,-0.63,-0.11,-1,5.71,5.71,5.52,5.4,5.42,5.04,5.39,5.04,False,True,False
2018-09-20,1537401600,5.083,5.083,5.083,5.083,100,5.709,-0.63,-0.11,5.709,5.709,5.787,0.7,0.14,1,5.58,5.65,5.51,5.39,5.41,5.04,5.4,5.04,False,True,False
2018-09-21,1537488000,5.787,5.787,5.787,5.787,100,5.709,0.08,0.01,5.709,5.083,6.256,0.47,0.08,1,5.6,5.65,5.53,5.4,5.41,5.04,5.39,5.04,False,True,False
2018-09-24,1537747200,5.631,6.256,5.631,6.256,6100,5.709,0.55,0.1,5.083,5.787,6.256,0.0,0.0,-1,5.71,5.71,5.58,5.41,5.41,5.04,5.4,5.04,False,True,False
2018-09-25,1537833600,6.256,6.256,6.256,6.256,0,5.083,1.17,0.23,5.787,6.256,5.396,-0.86,-0.14,-1,5.82,5.76,5.62,5.43,5.41,5.04,5.41,5.04,False,True,False
2018-09-26,1537920000,5.396,5.396,5.396,5.396,100,5.787,-0.39,-0.07,6.256,6.256,6.178,0.78,0.14,1,5.76,5.73,5.63,5.43,5.41,5.03,5.43,5.04,False,True,False
2018-09-27,1538006400,6.178,6.178,6.178,6.178,6100,6.256,-0.08,-0.01,6.256,5.396,6.178,0.0,0.0,-1,5.97,5.78,5.67,5.44,5.41,5.03,5.43,5.03,False,True,False
2018-09-28,1538092800,6.178,6.178,6.178,6.178,0,6.256,-0.08,-0.01,5.396,6.178,6.178,0.0,0.0,-1,6.05,5.83,5.72,5.45,5.41,5.03,5.44,5.03,False,True,False
2018-10-01,1538352000,6.178,6.178,6.178,6.178,2000,5.396,0.78,0.14,6.178,6.178,6.178,0.0,0.0,-1,6.04,5.87,5.76,5.47,5.41,5.02,5.45,5.03,False,True,False
2018-10-02,1538438400,6.178,6.178,6.178,6.178,1000,6.178,0.0,0.0,6.178,6.178,6.178,0.0,0.0,-1,6.02,5.92,5.8,5.48,5.41,5.02,5.47,5.02,False,True,False
2018-10-03,1538524800,6.178,6.178,6.178,6.178,10300,6.178,0.0,0.0,6.178,6.178,5.553,-0.62,-0.1,-1,6.18,5.97,5.84,5.48,5.41,5.02,5.48,5.02,False,True,False
2018-10-04,1538611200,5.553,5.553,5.553,5.553,100,6.178,-0.62,-0.1,6.178,6.178,6.178,0.62,0.11,1,6.05,6.01,5.83,5.48,5.41,5.01,5.48,5.02,False,True,False
2018-10-05,1538697600,6.334,6.334,6.178,6.178,3600,6.178,0.0,0.0,6.178,5.553,6.178,0.0,0.0,-1,6.05,6.05,5.85,5.5,5.41,5.01,5.48,5.01,False,True,False
2018-10-08,1538956800,6.178,6.178,6.178,6.178,500,6.178,0.0,0.0,5.553,6.178,5.631,-0.55,-0.09,-1,6.05,6.05,5.88,5.52,5.42,5.01,5.5,5.01,False,True,False
2018-10-09,1539043200,5.631,5.631,5.631,5.631,100,5.553,0.08,0.01,6.178,6.178,5.631,0.0,0.0,-1,5.94,5.98,5.87,5.52,5.43,5.01,5.52,5.01,False,True,False
2018-10-10,1539129600,5.631,5.631,5.631,5.631,0,6.178,-0.55,-0.09,6.178,5.631,5.631,0.0,0.0,-1,5.83,6.01,5.87,5.53,5.44,5.0,5.52,5.01,False,True,False
2018-10-11,1539216000,5.631,5.631,5.631,5.631,0,6.178,-0.55,-0.09,5.631,5.631,5.631,0.0,0.0,-1,5.85,5.95,5.87,5.54,5.45,5.0,5.53,5.0,False,True,False
2018-10-12,1539302400,5.631,5.631,5.631,5.631,0,5.631,0.0,0.0,5.631,5.631,5.631,0.0,0.0,-1,5.74,5.9,5.86,5.55,5.45,5.0,5.54,5.0,False,True,False
2018-10-15,1539561600,5.631,5.631,5.631,5.631,0,5.631,0.0,0.0,5.631,5.631,5.631,0.0,0.0,-1,5.63,5.84,5.86,5.56,5.46,5.01,5.55,5.0,False,True,False
2018-10-16,1539648000,5.631,5.631,5.631,5.631,0,5.631,0.0,0.0,5.631,5.631,5.631,0.0,0.0,-1,5.63,5.79,5.85,5.56,5.46,5.01,5.56,5.01,False,True,False
2018-10-17,1539734400,5.631,5.631,5.631,5.631,0,5.631,0.0,0.0,5.631,5.631,5.631,0.0,0.0,-1,5.63,5.73,5.85,5.57,5.46,5.01,5.56,5.01,False,True,False
2018-10-18,1539820800,5.631,5.631,5.631,5.631,0,5.631,0.0,0.0,5.631,5.631,5.631,0.0,0.0,-1,5.63,5.74,5.88,5.58,5.46,5.02,5.57,5.01,False,True,False
2018-10-19,1539907200,5.631,5.631,5.631,5.631,0,5.631,0.0,0.0,5.631,5.631,5.631,0.0,0.0,-1,5.63,5.69,5.87,5.59,5.47,5.02,5.58,5.02,False,True,False
2018-10-22,1540166400,5.631,5.631,5.631,5.631,0,5.631,0.0,0.0,5.631,5.631,5.631,0.0,0.0,-1,5.63,5.63,5.84,5.6,5.47,5.03,5.59,5.02,False,True,False
2018-10-23,1540252800,5.631,5.631,5.631,5.631,0,5.631,0.0,0.0,5.631,5.631,5.631,0.0,0.0,-1,5.63,5.63,5.81,5.61,5.47,5.04,5.6,5.03,False,True,False
2018-10-24,1540339200,5.631,5.631,5.631,5.631,0,5.631,0.0,0.0,5.631,5.631,5.631,0.0,0.0,-1,5.63,5.63,5.82,5.62,5.47,5.05,5.61,5.04,False,True,False
2018-10-25,1540425600,5.631,5.631,5.631,5.631,0,5.631,0.0,0.0,5.631,5.631,5.631,0.0,0.0,-1,5.63,5.63,5.79,5.63,5.48,5.05,5.62,5.05,False,True,False
2018-10-26,1540512000,5.631,5.631,5.474,5.631,5000,5.631,0.0,0.0,5.631,5.631,5.631,0.0,0.0,-1,5.63,5.63,5.76,5.64,5.48,5.06,5.63,5.05,False,True,False
2018-10-29,1540771200,5.631,5.631,5.631,5.631,4000,5.631,0.0,0.0,5.631,5.631,5.631,0.0,0.0,-1,5.63,5.63,5.74,5.65,5.48,5.07,5.64,5.06,False,True,False
2018-10-30,1540857600,5.631,5.631,5.631,5.631,3000,5.631,0.0,0.0,5.631,5.631,5.631,0.0,0.0,-1,5.63,5.63,5.71,5.66,5.48,5.08,5.65,5.07,False,True,False
2018-10-31,1540944000,5.631,5.631,5.631,5.631,0,5.631,0.0,0.0,5.631,5.631,5.631,0.0,0.0,-1,5.63,5.63,5.68,5.67,5.49,5.09,5.66,5.08,False,True,False
2018-11-01,1541030400,5.631,5.631,5.631,5.631,1000,5.631,0.0,0.0,5.631,5.631,5.631,0.0,0.0,-1,5.63,5.63,5.69,5.68,5.49,5.1,5.67,5.09,False,True,False
2018-11-02,1541116800,5.631,5.631,5.631,5.631,7000,5.631,0.0,0.0,5.631,5.631,5.866,0.23,0.04,1,5.63,5.63,5.66,5.69,5.49,5.11,5.68,5.1,False,True,False
2018-11-05,1541376000,5.631,5.866,5.631,5.866,2100,5.631,0.23,0.04,5.631,5.631,5.631,-0.23,-0.04,-1,5.68,5.65,5.64,5.7,5.49,5.12,5.69,5.11,False,True,False
2018-11-06,1541462400,5.631,5.631,5.631,5.631,0,5.631,0.0,0.0,5.631,5.866,5.631,0.0,0.0,-1,5.68,5.65,5.64,5.7,5.5,5.14,5.7,5.12,False,True,False
2018-11-07,1541548800,5.631,5.631,5.631,5.631,0,5.631,0.0,0.0,5.866,5.631,5.631,0.0,0.0,-1,5.68,5.65,5.64,5.71,5.5,5.15,5.7,5.14,False,True,False
2018-11-08,1541635200,5.631,5.631,5.631,5.631,0,5.866,-0.23,-0.04,5.631,5.631,5.631,0.0,0.0,-1,5.68,5.65,5.64,5.72,5.5,5.16,5.71,5.15,False,True,False
2018-11-09,1541721600,5.631,5.631,5.631,5.631,0,5.631,0.0,0.0,5.631,5.631,5.631,0.0,0.0,-1,5.68,5.65,5.64,5.72,5.5,5.17,5.72,5.16,False,True,False
2018-11-12,1541980800,5.631,5.631,5.631,5.631,0,5.631,0.0,0.0,5.631,5.631,5.631,0.0,0.0,-1,5.63,5.65,5.64,5.73,5.51,5.18,5.72,5.17,False,True,False
2018-11-13,1542067200,5.631,5.631,5.631,5.631,0,5.631,0.0,0.0,5.631,5.631,5.631,0.0,0.0,-1,5.63,5.65,5.64,5.74,5.51,5.18,5.73,5.18,False,True,False
2018-11-14,1542153600,5.631,5.631,5.631,5.631,0,5.631,0.0,0.0,5.631,5.631,4.849,-0.78,-0.14,-1,5.63,5.65,5.64,5.74,5.51,5.19,5.74,5.18,False,True,False
2018-11-15,1542240000,4.849,4.849,4.849,4.849,100,5.631,-0.78,-0.14,5.631,5.631,5.083,0.23,0.05,1,5.47,5.58,5.6,5.72,5.51,5.2,5.74,5.19,False,True,False
2018-11-16,1542326400,5.553,5.553,5.083,5.083,1100,5.631,-0.55,-0.1,5.631,4.849,5.161,0.08,0.02,1,5.36,5.52,5.58,5.71,5.51,5.2,5.72,5.2,False,True,False
2018-11-19,1542585600,5.161,5.161,5.161,5.161,0,5.631,-0.47,-0.08,4.849,5.083,5.161,0.0,0.0,-1,5.27,5.45,5.55,5.7,5.51,5.21,5.71,5.2,False,True,False
2018-11-20,1542672000,5.161,5.161,5.161,5.161,0,4.849,0.31,0.06,5.083,5.161,5.161,0.0,0.0,-1,5.18,5.4,5.53,5.69,5.51,5.21,5.7,5.21,False,True,False
2018-11-21,1542758400,5.161,5.161,5.161,5.161,0,5.083,0.08,0.02,5.161,5.161,5.161,0.0,0.0,-1,5.08,5.36,5.51,5.68,5.51,5.22,5.69,5.21,False,True,False
2018-11-22,1542844800,5.161,5.161,5.161,5.161,0,5.161,0.0,0.0,5.161,5.161,5.161,0.0,0.0,-1,5.15,5.31,5.48,5.67,5.51,5.22,5.68,5.22,False,True,False
2018-11-23,1542931200,5.161,5.161,5.161,5.161,0,5.161,0.0,0.0,5.161,5.161,5.866,0.7,0.14,1,5.16,5.26,5.46,5.65,5.51,5.22,5.67,5.22,False,True,False
2018-11-26,1543190400,5.866,5.866,5.866,5.866,200,5.161,0.7,0.14,5.161,5.161,5.083,-0.78,-0.13,-1,5.3,5.29,5.47,5.66,5.52,5.23,5.65,5.22,False,True,False
2018-11-27,1543276800,5.083,5.083,5.083,5.083,100,5.161,-0.08,-0.02,5.161,5.866,5.083,0.0,0.0,-1,5.29,5.23,5.44,5.64,5.52,5.23,5.66,5.23,False,True,False
2018-11-28,1543363200,5.083,5.083,5.083,5.083,0,5.161,-0.08,-0.02,5.866,5.083,5.083,0.0,0.0,-1,5.27,5.18,5.42,5.63,5.51,5.23,5.64,5.23,False,True,False
2018-11-29,1543449600,5.083,5.083,5.083,5.083,0,5.866,-0.78,-0.13,5.083,5.083,5.631,0.55,0.11,1,5.26,5.2,5.39,5.63,5.51,5.24,5.63,5.23,False,True,False
2018-11-30,1543536000,4.536,5.631,4.536,5.631,200,5.083,0.55,0.11,5.083,5.083,4.38,-1.25,-0.22,-1,5.35,5.26,5.39,5.63,5.51,5.24,5.63,5.24,False,True,False
2018-12-03,1543795200,4.38,4.38,4.38,4.38,100,5.083,-0.7,-0.14,5.083,5.631,4.38,0.0,0.0,-1,5.05,5.18,5.31,5.59,5.5,5.24,5.63,5.24,False,True,False
2018-12-04,1543881600,4.38,4.38,4.38,4.38,0,5.083,-0.7,-0.14,5.631,4.38,4.38,0.0,0.0,-1,4.91,5.1,5.25,5.55,5.49,5.24,5.59,5.24,False,True,False
2018-12-05,1543968000,4.38,4.38,4.38,4.38,0,5.631,-1.25,-0.22,4.38,4.38,4.38,0.0,0.0,-1,4.77,5.02,5.19,5.53,5.48,5.25,5.55,5.24,False,True,False
2018-12-06,1544054400,4.38,4.38,4.38,4.38,0,4.38,0.0,0.0,4.38,4.38,4.38,0.0,0.0,-1,4.63,4.94,5.13,5.5,5.47,5.25,5.53,5.25,False,True,False
2018-12-07,1544140800,4.38,4.38,4.38,4.38,0,4.38,0.0,0.0,4.38,4.38,4.38,0.0,0.0,-1,4.38,4.86,5.06,5.46,5.46,5.25,5.5,5.25,False,True,False
2018-12-10,1544400000,4.38,4.38,4.38,4.38,0,4.38,0.0,0.0,4.38,4.38,4.38,0.0,0.0,-1,4.38,4.72,5.0,5.43,5.45,5.25,5.46,5.25,False,True,False
2018-12-11,1544486400,4.38,4.38,4.38,4.38,0,4.38,0.0,0.0,4.38,4.38,4.38,0.0,0.0,-1,4.38,4.65,4.94,5.39,5.44,5.26,5.43,5.25,False,True,False
2018-12-12,1544572800,4.38,4.38,4.38,4.38,0,4.38,0.0,0.0,4.38,4.38,4.38,0.0,0.0,-1,4.38,4.58,4.88,5.35,5.42,5.26,5.39,5.26,False,True,False
2018-12-13,1544659200,4.38,4.38,4.38,4.38,0,4.38,0.0,0.0,4.38,4.38,5.005,0.62,0.14,1,4.38,4.51,4.85,5.33,5.41,5.26,5.35,5.26,False,True,False
2018-12-14,1544745600,5.005,5.005,5.005,5.005,100,4.38,0.62,0.14,4.38,4.38,4.301,-0.7,-0.14,-1,4.5,4.44,4.85,5.31,5.4,5.27,5.33,5.26,False,True,False
2018-12-17,1545004800,4.301,4.301,4.301,4.301,100,4.38,-0.08,-0.02,4.38,5.005,4.301,0.0,0.0,-1,4.49,4.43,4.81,5.27,5.39,5.27,5.31,5.27,False,True,False
2018-12-18,1545091200,4.301,4.301,4.301,4.301,0,4.38,-0.08,-0.02,5.005,4.301,4.301,0.0,0.0,-1,4.47,4.43,4.76,5.24,5.38,5.27,5.27,5.27,True,False,False
2018-12-19,1545177600,4.301,4.301,4.301,4.301,0,5.005,-0.7,-0.14,4.301,4.301,4.301,0.0,0.0,-1,4.46,4.42,4.72,5.22,5.37,5.28,5.24,5.27,True,False,False
2018-12-20,1545264000,4.301,4.301,4.301,4.301,0,4.301,0.0,0.0,4.301,4.301,4.301,0.0,0.0,-1,4.44,4.41,4.68,5.19,5.36,5.28,5.22,5.28,True,False,False
2018-12-21,1545350400,4.301,4.301,4.301,4.301,0,4.301,0.0,0.0,4.301,4.301,4.301,0.0,0.0,-1,4.3,4.4,4.63,5.16,5.35,5.28,5.19,5.28,True,False,False
2018-12-24,1545609600,4.301,4.301,4.301,4.301,0,4.301,0.0,0.0,4.301,4.301,4.301,0.0,0.0,-1,4.3,4.4,4.56,5.14,5.35,5.28,5.16,5.28,True,False,False
2018-12-25,1545696000,4.301,4.301,4.301,4.301,0,4.301,0.0,0.0,4.301,4.301,4.301,0.0,0.0,-1,4.3,4.39,4.52,5.11,5.34,5.29,5.14,5.28,True,False,False
2018-12-26,1545782400,4.301,4.301,4.301,4.301,0,4.301,0.0,0.0,4.301,4.301,4.301,0.0,0.0,-1,4.3,4.38,4.48,5.08,5.33,5.29,5.11,5.29,True,False,False
2018-12-27,1545868800,4.301,4.301,4.301,4.301,0,4.301,0.0,0.0,4.301,4.301,4.301,0.0,0.0,-1,4.3,4.37,4.44,5.06,5.32,5.29,5.08,5.29,True,False,False
2018-12-28,1545955200,4.301,4.301,4.301,4.301,0,4.301,0.0,0.0,4.301,4.301,4.301,0.0,0.0,-1,4.3,4.3,4.37,5.03,5.31,5.29,5.06,5.29,True,False,False
2019-01-02,1546387200,4.301,4.301,4.301,4.301,0,4.301,0.0,0.0,4.301,4.301,4.301,0.0,0.0,-1,4.3,4.3,4.37,5.0,5.3,5.29,5.03,5.29,True,False,False
2019-01-03,1546473600,4.301,4.301,4.301,4.301,0,4.301,0.0,0.0,4.301,4.301,4.301,0.0,0.0,-1,4.3,4.3,4.36,4.98,5.29,5.3,5.0,5.29,True,False,False
2019-01-04,1546560000,4.301,4.301,4.301,4.301,0,4.301,0.0,0.0,4.301,4.301,4.927,0.63,0.15,1,4.3,4.3,4.36,4.95,5.29,5.3,4.98,5.3,True,False,False
2019-01-07,1546819200,4.927,4.927,4.927,4.927,100,4.301,0.63,0.15,4.301,4.301,4.927,0.0,0.0,-1,4.43,4.36,4.39,4.94,5.28,5.31,4.95,5.3,True,False,False
2019-01-08,1546905600,4.927,4.927,4.927,4.927,0,4.301,0.63,0.15,4.301,4.927,5.631,0.7,0.14,1,4.55,4.43,4.41,4.92,5.28,5.31,4.94,5.31,True,False,False
2019-01-09,1546992000,5.631,5.631,5.631,5.631,3600,4.301,1.33,0.31,4.927,4.927,5.631,0.0,0.0,-1,4.82,4.56,4.48,4.92,5.29,5.32,4.92,5.31,True,False,False
2019-01-10,1547078400,5.631,5.631,5.631,5.631,0,4.927,0.7,0.14,4.927,5.631,5.631,0.0,0.0,-1,5.08,4.69,4.54,4.92,5.29,5.33,4.92,5.32,True,False,False
2019-01-11,1547164800,5.631,5.631,5.631,5.631,0,4.927,0.7,0.14,5.631,5.631,5.24,-0.39,-0.07,-1,5.35,4.83,4.6,4.92,5.3,5.34,4.92,5.33,True,False,False
2019-01-14,1547424000,5.24,5.866,5.24,5.24,5900,5.631,-0.39,-0.07,5.631,5.631,5.24,0.0,0.0,-1,5.41,4.92,4.65,4.91,5.3,5.35,4.92,5.34,True,False,False
2019-01-15,1547510400,5.24,5.24,5.24,5.24,0,5.631,-0.39,-0.07,5.631,5.24,5.24,0.0,0.0,-1,5.47,5.01,4.66,4.91,5.3,5.34,4.91,5.35,True,False,False
2019-01-16,1547596800,5.24,5.24,5.24,5.24,0,5.631,-0.39,-0.07,5.24,5.24,5.24,0.0,0.0,-1,5.4,5.11,4.7,4.89,5.3,5.34,4.91,5.34,True,False,False
2019-01-17,1547683200,5.24,5.24,5.24,5.24,0,5.24,0.0,0.0,5.24,5.24,5.24,0.0,0.0,-1,5.32,5.2,4.75,4.89,5.29,5.34,4.89,5.34,True,False,False
2019-01-18,1547769600,5.24,5.24,5.24,5.24,0,5.24,0.0,0.0,5.24,5.24,5.318,0.08,0.02,1,5.24,5.29,4.8,4.88,5.29,5.34,4.89,5.34,True,False,False
2019-01-21,1548028800,5.318,5.318,5.318,5.318,25000,5.24,0.08,0.02,5.24,5.24,5.318,0.0,0.0,-1,5.26,5.33,4.85,4.87,5.29,5.34,4.88,5.34,True,False,False
2019-01-22,1548115200,5.318,5.318,5.318,5.318,0,5.24,0.08,0.02,5.24,5.318,5.318,0.0,0.0,-1,5.27,5.37,4.9,4.87,5.29,5.34,4.87,5.34,True,False,False
2019-01-23,1548201600,5.318,5.318,5.318,5.318,0,5.24,0.08,0.02,5.318,5.318,5.318,0.0,0.0,-1,5.29,5.34,4.95,4.86,5.29,5.34,4.87,5.34,True,False,False
2019-01-24,1548288000,5.318,5.318,5.318,5.318,0,5.318,0.0,0.0,5.318,5.318,5.318,0.0,0.0,-1,5.3,5.31,5.0,4.85,5.29,5.34,4.86,5.34,True,False,False
2019-01-25,1548374400,5.318,5.318,5.318,5.318,0,5.318,0.0,0.0,5.318,5.318,6.022,0.7,0.13,1,5.32,5.28,5.05,4.85,5.29,5.34,4.85,5.34,True,False,False
2019-01-28,1548633600,6.022,6.022,6.022,6.022,5000,5.318,0.7,0.13,5.318,5.318,5.24,-0.78,-0.13,-1,5.46,5.36,5.14,4.87,5.3,5.35,4.85,5.34,True,False,False
2019-01-29,1548720000,5.944,5.944,5.24,5.24,9000,5.318,-0.08,-0.02,5.318,6.022,5.631,0.39,0.07,1,5.44,5.36,5.19,4.87,5.29,5.35,4.87,5.35,True,False,False
2019-01-30,1548806400,5.631,5.631,5.631,5.631,0,5.318,0.31,0.06,6.022,5.24,5.631,0.0,0.0,-1,5.51,5.4,5.25,4.88,5.29,5.35,4.87,5.35,True,False,False
2019-01-31,1548892800,5.631,5.631,5.631,5.631,0,6.022,-0.39,-0.06,5.24,5.631,5.631,0.0,0.0,-1,5.57,5.44,5.32,4.89,5.29,5.35,4.88,5.35,True,False,False
2019-02-01,1548979200,5.631,5.631,5.631,5.631,0,5.24,0.39,0.07,5.631,5.631,6.1,0.47,0.08,1,5.63,5.47,5.38,4.9,5.29,5.35,4.89,5.35,True,False,False
2019-02-11,1549843200,4.849,6.1,4.849,6.1,300,5.631,0.47,0.08,5.631,5.631,5.709,-0.39,-0.06,-1,5.65,5.55,5.44,4.92,5.29,5.35,4.9,5.35,True,False,False
2019-02-12,1549929600,5.709,5.709,5.709,5.709,0,5.631,0.08,0.01,5.631,6.1,4.927,-0.78,-0.14,-1,5.74,5.59,5.48,4.93,5.29,5.35,4.92,5.35,True,False,False
2019-02-13,1550016000,4.927,4.927,4.927,4.927,100,5.631,-0.7,-0.12,6.1,5.709,5.631,0.7,0.14,1,5.6,5.55,5.45,4.91,5.29,5.35,4.93,5.35,True,False,False
2019-02-14,1550102400,5.631,5.631,5.631,5.631,100,6.1,-0.47,-0.08,5.709,4.927,5.631,0.0,0.0,-1,5.6,5.58,5.45,4.92,5.28,5.35,4.91,5.35,True,False,False
2019-02-15,1550188800,5.631,5.631,5.631,5.631,0,5.709,-0.08,-0.01,4.927,5.631,5.631,0.0,0.0,-1,5.6,5.62,5.45,4.93,5.28,5.35,4.92,5.35,True,False,False
2019-02-18,1550448000,5.631,5.631,5.631,5.631,0,4.927,0.7,0.14,5.631,5.631,5.631,0.0,0.0,-1,5.51,5.58,5.47,4.95,5.29,5.35,4.93,5.35,True,False,False
2019-02-19,1550534400,5.631,5.631,5.631,5.631,0,5.631,0.0,0.0,5.631,5.631,5.631,0.0,0.0,-1,5.49,5.62,5.49,4.95,5.29,5.35,4.95,5.35,True,False,False
2019-02-20,1550620800,5.631,5.631,5.631,5.631,0,5.631,0.0,0.0,5.631,5.631,5.631,0.0,0.0,-1,5.63,5.62,5.51,4.97,5.28,5.35,4.95,5.35,True,False,False
2019-02-21,1550707200,5.631,5.631,5.631,5.631,0,5.631,0.0,0.0,5.631,5.631,5.631,0.0,0.0,-1,5.63,5.62,5.53,5.0,5.28,5.34,4.97,5.35,True,False,False
2019-02-22,1550793600,5.631,5.631,5.631,5.631,0,5.631,0.0,0.0,5.631,5.631,4.927,-0.7,-0.12,-1,5.63,5.62,5.54,5.02,5.28,5.34,5.0,5.34,True,False,False
2019-02-25,1551052800,4.927,4.927,4.927,4.927,100,5.631,-0.7,-0.12,5.631,5.631,5.631,0.7,0.14,1,5.49,5.5,5.53,5.03,5.26,5.34,5.02,5.34,True,False,False
2019-02-26,1551139200,5.631,5.631,5.631,5.631,100,5.631,0.0,0.0,5.631,4.927,5.318,-0.31,-0.06,-1,5.49,5.49,5.54,5.06,5.26,5.33,5.03,5.34,True,False,False
2019-02-27,1551225600,5.318,5.318,5.318,5.318,100,5.631,-0.31,-0.06,4.927,5.631,5.083,-0.23,-0.04,-1,5.43,5.53,5.54,5.08,5.25,5.33,5.06,5.33,True,False,False
2019-02-28,1551312000,5.318,5.318,5.083,5.083,6400,4.927,0.16,0.03,5.631,5.318,5.318,0.23,0.05,1,5.32,5.47,5.53,5.09,5.24,5.33,5.08,5.33,True,False,False
2019-03-01,1551398400,5.318,5.318,5.318,5.318,0,5.631,-0.31,-0.06,5.318,5.083,5.318,0.0,0.0,-1,5.26,5.44,5.53,5.11,5.23,5.32,5.09,5.33,True,False,False
2019-03-04,1551657600,5.318,5.318,5.318,5.318,0,5.318,0.0,0.0,5.083,5.318,5.318,0.0,0.0,-1,5.33,5.41,5.49,5.13,5.23,5.32,5.11,5.32,True,False,False
2019-03-05,1551744000,5.318,5.318,5.318,5.318,0,5.083,0.23,0.05,5.318,5.318,5.318,0.0,0.0,-1,5.27,5.38,5.5,5.13,5.22,5.32,5.13,5.32,True,False,False
2019-03-06,1551830400,5.318,5.318,5.318,5.318,0,5.318,0.0,0.0,5.318,5.318,5.318,0.0,0.0,-1,5.27,5.35,5.48,5.15,5.21,5.32,5.13,5.32,True,False,False
2019-03-07,1551916800,5.318,5.318,5.318,5.318,0,5.318,0.0,0.0,5.318,5.318,5.318,0.0,0.0,-1,5.32,5.32,5.47,5.17,5.21,5.32,5.15,5.32,True,False,False
2019-03-08,1552003200,5.318,5.318,5.318,5.318,0,5.318,0.0,0.0,5.318,5.318,5.318,0.0,0.0,-1,5.32,5.29,5.45,5.19,5.21,5.32,5.17,5.32,True,False,False
2019-03-11,1552262400,5.318,5.318,5.318,5.318,0,5.318,0.0,0.0,5.318,5.318,5.318,0.0,0.0,-1,5.32,5.33,5.41,5.21,5.2,5.32,5.19,5.32,True,False,False
2019-03-12,1552348800,5.318,5.318,5.318,5.318,0,5.318,0.0,0.0,5.318,5.318,6.1,0.78,0.15,1,5.32,5.29,5.39,5.24,5.2,5.33,5.21,5.32,True,False,False
2019-03-13,1552435200,6.1,6.1,6.1,6.1,400,5.318,0.78,0.15,5.318,5.318,6.1,0.0,0.0,-1,5.47,5.37,5.45,5.27,5.2,5.33,5.24,5.33,True,False,False
2019-03-14,1552521600,5.24,6.1,5.24,6.1,1200,5.318,0.78,0.15,5.318,6.1,6.022,-0.08,-0.01,-1,5.63,5.47,5.47,5.31,5.21,5.33,5.27,5.33,True,False,False
2019-03-15,1552608000,6.022,6.022,6.022,6.022,0,5.318,0.7,0.13,6.1,6.1,5.396,-0.63,-0.1,-1,5.77,5.54,5.49,5.34,5.21,5.34,5.31,5.33,True,True,True
2019-03-18,1552867200,5.161,5.396,5.161,5.396,7600,6.1,-0.7,-0.11,6.1,6.022,5.396,0.0,0.0,-1,5.79,5.55,5.48,5.36,5.21,5.34,5.34,5.34,True,True,True
2019-03-19,1552953600,5.396,5.396,5.396,5.396,0,6.1,-0.7,-0.11,6.022,5.396,5.396,0.0,0.0,-1,5.8,5.56,5.47,5.39,5.21,5.34,5.36,5.34,False,True,False
2019-03-20,1553040000,5.396,5.396,5.396,5.396,0,6.022,-0.63,-0.1,5.396,5.396,5.396,0.0,0.0,-1,5.66,5.57,5.46,5.41,5.21,5.34,5.39,5.34,False,True,False
2019-03-21,1553126400,5.396,5.396,5.396,5.396,0,5.396,0.0,0.0,5.396,5.396,6.178,0.78,0.14,1,5.52,5.58,5.45,5.43,5.2,5.34,5.41,5.34,False,True,False
2019-03-22,1553212800,5.866,6.178,5.866,6.178,2000,5.396,0.78,0.14,5.396,5.396,6.1,-0.08,-0.01,-1,5.55,5.66,5.47,5.47,5.21,5.34,5.43,5.34,False,True,False
2019-03-25,1553472000,6.1,6.1,6.1,6.1,0,5.396,0.7,0.13,5.396,6.178,6.1,0.0,0.0,-1,5.69,5.74,5.53,5.49,5.21,5.34,5.47,5.34,False,True,False
2019-03-26,1553558400,6.1,6.1,6.1,6.1,0,5.396,0.7,0.13,6.178,6.1,6.1,0.0,0.0,-1,5.83,5.82,5.56,5.51,5.22,5.35,5.49,5.34,False,True,False
2019-03-27,1553644800,6.1,6.1,6.1,6.1,0,6.178,-0.08,-0.01,6.1,6.1,6.1,0.0,0.0,-1,5.97,5.82,5.6,5.52,5.22,5.35,5.51,5.35,False,True,False
2019-03-28,1553731200,6.1,6.1,6.1,6.1,0,6.1,0.0,0.0,6.1,6.1,6.1,0.0,0.0,-1,6.12,5.82,5.65,5.53,5.23,5.36,5.52,5.35,False,True,False
2019-03-29,1553817600,6.1,6.1,6.1,6.1,0,6.1,0.0,0.0,6.1,6.1,5.839,-0.26,-0.04,-1,6.1,5.83,5.69,5.54,5.23,5.36,5.53,5.36,False,True,False
2019-04-01,1554076800,5.839,5.839,5.839,5.839,3500,6.1,-0.26,-0.04,6.1,6.1,5.839,0.0,0.0,-1,6.05,5.87,5.71,5.55,5.23,5.36,5.54,5.36,False,True,False
2019-04-02,1554163200,5.839,5.839,5.839,5.839,0,6.1,-0.26,-0.04,6.1,5.839,5.839,0.0,0.0,-1,6.0,5.91,5.74,5.57,5.24,5.36,5.55,5.36,False,True,False
2019-04-03,1554249600,5.839,5.839,5.839,5.839,0,6.1,-0.26,-0.04,5.839,5.839,6.1,0.26,0.04,1,5.94,5.96,5.76,5.58,5.24,5.37,5.57,5.36,False,True,False
2019-04-04,1554336000,6.1,6.1,6.1,6.1,1000,5.839,0.26,0.04,5.839,5.839,6.1,0.0,0.0,-1,5.94,6.03,5.8,5.59,5.24,5.37,5.58,5.37,False,True,False
2019-04-05,1554422400,6.1,6.1,6.1,6.1,0,5.839,0.26,0.04,5.839,6.1,6.1,0.0,0.0,-1,5.94,6.02,5.84,5.61,5.25,5.37,5.59,5.37,False,True,False
2019-04-08,1554681600,6.1,6.1,6.1,6.1,0,5.839,0.26,0.04,6.1,6.1,6.536,0.44,0.07,1,6.0,6.02,5.88,5.63,5.25,5.38,5.61,5.37,False,True,False
2019-04-09,1554768000,6.536,6.536,6.536,6.536,200,6.1,0.44,0.07,6.1,6.1,6.536,0.0,0.0,-1,6.14,6.07,5.94,5.65,5.26,5.38,5.63,5.38,False,True,False
2019-04-10,1554854400,6.536,6.536,6.536,6.536,0,6.1,0.44,0.07,6.1,6.536,5.577,-0.96,-0.15,-1,6.27,6.11,5.96,5.68,5.27,5.39,5.65,5.38,False,True,False
2019-04-11,1554940800,5.577,5.577,5.577,5.577,100,6.1,-0.52,-0.09,6.536,6.536,6.1,0.52,0.09,1,6.17,6.06,5.94,5.68,5.27,5.39,5.68,5.39,False,True,False
2019-04-12,1555027200,6.1,6.1,6.1,6.1,100,6.536,-0.44,-0.07,6.536,5.577,6.1,0.0,0.0,-1,6.17,6.06,5.94,5.7,5.27,5.39,5.68,5.39,False,True,False
2019-04-16,1555372800,6.1,6.1,6.1,6.1,0,6.536,-0.44,-0.07,5.577,6.1,6.1,0.0,0.0,-1,6.17,6.08,5.98,5.7,5.28,5.4,5.7,5.39,False,True,False
2019-04-17,1555459200,6.1,6.1,6.1,6.1,0,5.577,0.52,0.09,6.1,6.1,6.1,0.0,0.0,-1,6.08,6.11,6.01,5.72,5.29,5.4,5.7,5.4,False,True,False
2019-04-18,1555545600,6.1,6.1,6.1,6.1,0,6.1,0.0,0.0,6.1,6.1,6.1,0.0,0.0,-1,6.0,6.13,6.05,5.73,5.3,5.41,5.72,5.4,False,True,False
2019-04-19,1555632000,6.1,6.1,6.1,6.1,0,6.1,0.0,0.0,6.1,6.1,6.797,0.7,0.11,1,6.1,6.13,6.08,5.73,5.31,5.41,5.73,5.41,False,True,False
2019-04-22,1555891200,6.797,6.797,6.797,6.797,100,6.1,0.7,0.11,6.1,6.1,5.839,-0.96,-0.14,-1,6.24,6.2,6.11,5.76,5.33,5.42,5.73,5.41,False,True,False
2019-04-23,1555977600,5.839,5.839,5.839,5.839,100,6.1,-0.26,-0.04,6.1,6.797,5.839,0.0,0.0,-1,6.19,6.18,6.1,5.75,5.34,5.42,5.76,5.42,False,True,False
2019-04-24,1556064000,5.839,5.839,5.839,5.839,0,6.1,-0.26,-0.04,6.797,5.839,5.839,0.0,0.0,-1,6.14,6.11,6.09,5.76,5.34,5.43,5.75,5.42,False,True,False
2019-04-25,1556150400,5.839,5.839,5.839,5.839,0,6.797,-0.96,-0.14,5.839,5.839,5.839,0.0,0.0,-1,6.08,6.04,6.07,5.77,5.34,5.43,5.76,5.43,False,True,False
2019-04-26,1556236800,5.839,5.839,5.839,5.839,0,5.839,0.0,0.0,5.839,5.839,5.839,0.0,0.0,-1,6.03,6.07,6.06,5.78,5.35,5.43,5.77,5.43,False,True,False
2019-05-02,1556755200,5.839,5.839,5.839,5.839,0,5.839,0.0,0.0,5.839,5.839,5.839,0.0,0.0,-1,5.84,6.04,6.05,5.78,5.36,5.44,5.78,5.43,False,True,False
2019-05-03,1556841600,5.839,5.839,5.839,5.839,0,5.839,0.0,0.0,5.839,5.839,5.839,0.0,0.0,-1,5.84,6.01,6.05,5.79,5.37,5.44,5.78,5.44,False,True,False
2019-05-06,1557100800,5.839,5.839,5.839,5.839,0,5.839,0.0,0.0,5.839,5.839,5.839,0.0,0.0,-1,5.84,5.99,6.05,5.79,5.37,5.44,5.79,5.44,False,True,False
2019-05-07,1557187200,5.839,5.839,5.839,5.839,0,5.839,0.0,0.0,5.839,5.839,6.274,0.43,0.07,1,5.84,5.96,6.05,5.79,5.38,5.44,5.79,5.44,False,True,False
2019-05-08,1557273600,4.967,6.274,4.967,6.274,2600,5.839,0.43,0.07,5.839,5.839,6.187,-0.09,-0.01,-1,5.93,5.98,6.06,5.81,5.4,5.45,5.79,5.44,False,True,False
2019-05-09,1557360000,6.187,6.187,6.187,6.187,0,5.839,0.35,0.06,5.839,6.274,5.316,-0.87,-0.14,-1,6.0,5.92,6.06,5.82,5.42,5.45,5.81,5.45,False,True,False
2019-05-10,1557446400,5.316,5.316,5.316,5.316,100,5.839,-0.52,-0.09,6.274,6.187,5.316,0.0,0.0,-1,5.89,5.86,6.02,5.83,5.43,5.45,5.82,5.45,False,True,False
2019-05-13,1557705600,5.316,5.316,5.316,5.316,0,6.274,-0.96,-0.15,6.187,5.316,5.316,0.0,0.0,-1,5.79,5.81,5.96,5.82,5.44,5.45,5.83,5.45,False,True,False
2019-05-14,1557792000,5.316,5.316,5.316,5.316,0,6.187,-0.87,-0.14,5.316,5.316,5.577,0.26,0.05,1,5.68,5.76,5.9,5.82,5.45,5.45,5.82,5.45,False,True,False
2019-05-15,1557878400,5.577,5.577,5.577,5.577,1200,5.316,0.26,0.05,5.316,5.316,6.361,0.78,0.14,1,5.54,5.73,5.9,5.83,5.46,5.45,5.82,5.45,False,True,False
2019-05-16,1557964800,6.361,6.361,6.361,6.361,100,5.316,1.04,0.2,5.316,5.577,5.577,-0.78,-0.12,-1,5.58,5.79,5.91,5.85,5.48,5.45,5.83,5.45,False,True,False
2019-05-17,1558051200,5.577,5.577,5.577,5.577,100,5.316,0.26,0.05,5.577,6.361,5.577,0.0,0.0,-1,5.63,5.76,5.89,5.86,5.49,5.45,5.85,5.45,False,True,False
2019-05-20,1558310400,5.577,5.577,5.577,5.577,0,5.577,0.0,0.0,6.361,5.577,5.577,0.0,0.0,-1,5.68,5.73,5.86,5.86,5.5,5.45,5.86,5.45,False,True,False
2019-05-21,1558396800,5.577,5.577,5.577,5.577,0,6.361,-0.78,-0.12,5.577,5.577,5.577,0.0,0.0,-1,5.73,5.71,5.83,5.87,5.51,5.45,5.86,5.45,False,True,False
2019-05-22,1558483200,5.577,5.577,5.577,5.577,0,5.577,0.0,0.0,5.577,5.577,6.1,0.52,0.09,1,5.73,5.64,5.81,5.87,5.52,5.45,5.87,5.45,False,True,False
2019-05-23,1558569600,6.1,6.1,6.1,6.1,200,5.577,0.52,0.09,5.577,5.577,6.1,0.0,0.0,-1,5.68,5.63,5.77,5.89,5.54,5.46,5.87,5.45,False,True,False
2019-05-24,1558656000,6.1,6.1,6.1,6.1,0,5.577,0.52,0.09,5.577,6.1,6.536,0.44,0.07,1,5.79,5.71,5.79,5.9,5.56,5.46,5.89,5.46,False,True,False
2019-05-27,1558915200,6.536,6.536,6.536,6.536,100,5.577,0.96,0.17,6.1,6.1,5.751,-0.78,-0.12,-1,5.98,5.83,5.82,5.93,5.58,5.47,5.9,5.46,False,True,False
2019-05-28,1559001600,5.751,5.751,5.751,5.751,100,6.1,-0.35,-0.06,6.1,6.536,5.751,0.0,0.0,-1,6.01,5.87,5.82,5.92,5.6,5.47,5.93,5.47,False,True,False
2019-05-29,1559088000,5.751,5.751,5.751,5.751,0,6.1,-0.35,-0.06,6.536,5.751,5.751,0.0,0.0,-1,6.05,5.89,5.81,5.91,5.61,5.47,5.92,5.47,False,True,False
2019-05-30,1559174400,5.751,5.751,5.751,5.751,0,6.536,-0.78,-0.12,5.751,5.751,6.1,0.35,0.06,1,5.98,5.83,5.81,5.91,5.62,5.48,5.91,5.47,False,True,False
2019-05-31,1559260800,6.1,6.1,6.1,6.1,1000,5.751,0.35,0.06,5.751,5.751,6.1,0.0,0.0,-1,5.98,5.88,5.82,5.92,5.64,5.48,5.91,5.48,False,True,False
2019-06-03,1559520000,6.1,6.1,6.1,6.1,0,5.751,0.35,0.06,5.751,6.1,6.1,0.0,0.0,-1,5.89,5.93,5.83,5.94,5.66,5.49,5.92,5.48,False,True,False
2019-06-04,1559606400,6.1,6.1,6.1,6.1,0,5.751,0.35,0.06,6.1,6.1,6.1,0.0,0.0,-1,5.96,5.99,5.85,5.95,5.68,5.49,5.94,5.49,False,True,False
2019-06-05,1559692800,6.1,6.1,6.1,6.1,0,6.1,0.0,0.0,6.1,6.1,6.1,0.0,0.0,-1,6.03,6.04,5.84,5.96,5.7,5.5,5.95,5.49,False,True,False
2019-06-06,1559779200,6.1,6.1,6.1,6.1,0,6.1,0.0,0.0,6.1,6.1,6.274,0.17,0.03,1,6.1,6.04,5.83,5.96,5.71,5.5,5.96,5.5,False,True,False
2019-06-07,1559865600,6.274,6.274,6.274,6.274,2000,6.1,0.17,0.03,6.1,6.1,6.536,0.26,0.04,1,6.13,6.06,5.88,5.97,5.73,5.51,5.96,5.5,False,True,False
2019-06-10,1560124800,6.274,6.536,6.274,6.536,3900,6.1,0.44,0.07,6.1,6.274,6.536,0.0,0.0,-1,6.22,6.06,5.94,5.97,5.74,5.51,5.97,5.51,False,True,False
2019-06-11,1560211200,6.536,6.536,6.536,6.536,3000,6.1,0.44,0.07,6.274,6.536,6.274,-0.26,-0.04,-1,6.31,6.13,6.0,5.98,5.75,5.52,5.97,5.51,False,True,False
2019-06-12,1560297600,6.274,6.274,6.274,6.274,3900,6.274,0.0,0.0,6.536,6.536,5.751,-0.52,-0.08,-1,6.34,6.19,6.04,5.99,5.76,5.53,5.98,5.52,False,True,False
2019-06-13,1560384000,5.403,6.187,5.403,5.751,4900,6.536,-0.78,-0.12,6.536,6.274,6.013,0.26,0.05,1,6.27,6.19,6.01,5.98,5.76,5.53,5.99,5.53,False,True,False
2019-06-14,1560470400,6.013,6.013,6.013,6.013,0,6.536,-0.52,-0.08,6.274,5.751,6.274,0.26,0.04,1,6.22,6.18,6.03,5.98,5.77,5.53,5.98,5.53,False,True,False
2019-06-17,1560729600,6.274,6.274,6.274,6.274,2000,6.274,0.0,0.0,5.751,6.013,5.751,-0.52,-0.08,-1,6.17,6.2,6.07,5.99,5.78,5.54,5.98,5.53,False,True,False
2019-06-18,1560816000,5.839,5.926,5.751,5.751,4000,5.751,0.0,0.0,6.013,6.274,5.839,0.09,0.02,1,6.01,6.16,6.07,5.99,5.78,5.54,5.99,5.54,False,True,False
2019-06-19,1560902400,5.839,5.839,5.839,5.839,0,6.013,-0.17,-0.03,6.274,5.751,5.839,0.0,0.0,-1,5.93,6.13,6.09,5.98,5.79,5.54,5.99,5.54,False,True,False
2019-06-20,1560988800,5.839,5.839,5.839,5.839,0,6.274,-0.43,-0.07,5.751,5.839,5.839,0.0,0.0,-1,5.94,6.11,6.07,5.98,5.8,5.55,5.98,5.54,False,True,False
2019-06-21,1561075200,5.839,5.839,5.839,5.839,0,5.751,0.09,0.02,5.839,5.839,5.839,0.0,0.0,-1,5.91,6.07,6.06,5.97,5.8,5.55,5.98,5.55,False,True,False
2019-06-24,1561334400,5.839,5.839,5.839,5.839,0,5.839,0.0,0.0,5.839,5.839,5.839,0.0,0.0,-1,5.82,6.0,6.03,5.96,5.81,5.55,5.97,5.55,False,True,False
2019-06-25,1561420800,5.839,5.839,5.839,5.839,100,5.839,0.0,0.0,5.839,5.839,5.751,-0.09,-0.02,-1,5.84,5.93,6.03,5.95,5.81,5.55,5.96,5.55,False,True,False
2019-06-26,1561507200,5.751,5.751,5.751,5.751,100,5.839,-0.09,-0.02,5.839,5.839,5.751,0.0,0.0,-1,5.82,5.87,6.03,5.95,5.82,5.56,5.95,5.55,False,True,False
2019-06-27,1561593600,5.751,5.751,5.751,5.751,0,5.839,-0.09,-0.02,5.839,5.751,5.751,0.0,0.0,-1,5.8,5.87,6.03,5.94,5.82,5.56,5.95,5.56,False,True,False
2019-06-28,1561680000,5.751,5.751,5.751,5.751,0,5.839,-0.09,-0.02,5.751,5.751,5.751,0.0,0.0,-1,5.79,5.85,6.01,5.94,5.82,5.56,5.94,5.56,False,True,False
2019-07-01,1561939200,5.751,5.751,5.751,5.751,0,5.751,0.0,0.0,5.751,5.751,5.751,0.0,0.0,-1,5.77,5.8,6.0,5.93,5.82,5.56,5.94,5.56,False,True,False
2019-07-02,1562025600,5.751,5.751,5.751,5.751,0,5.751,0.0,0.0,5.751,5.751,6.1,0.35,0.06,1,5.75,5.8,5.98,5.92,5.82,5.56,5.93,5.56,False,True,False
2019-07-03,1562112000,6.1,6.1,6.1,6.1,1000,5.751,0.35,0.06,5.751,5.751,5.926,-0.17,-0.03,-1,5.82,5.82,5.98,5.92,5.83,5.56,5.92,5.56,False,True,False
2019-07-04,1562198400,6.1,6.1,5.926,5.926,6600,5.751,0.17,0.03,5.751,6.1,5.926,0.0,0.0,-1,5.86,5.83,5.97,5.9,5.83,5.56,5.92,5.56,False,True,False
2019-07-05,1562284800,5.926,6.013,5.926,5.926,6000,5.751,0.17,0.03,6.1,5.926,6.1,0.17,0.03,1,5.89,5.84,5.95,5.91,5.83,5.56,5.9,5.56,False,True,False
2019-07-08,1562544000,6.1,6.1,6.1,6.1,2000,6.1,0.0,0.0,5.926,5.926,6.1,0.0,0.0,-1,5.96,5.86,5.93,5.91,5.83,5.56,5.91,5.56,False,True,False
2019-07-09,1562630400,6.1,6.1,6.1,6.1,5000,5.926,0.17,0.03,5.926,6.1,6.1,0.0,0.0,-1,6.03,5.89,5.91,5.92,5.85,5.57,5.91,5.56,False,True,False
2019-07-10,1562716800,6.1,6.1,6.1,6.1,5100,5.926,0.17,0.03,6.1,6.1,6.1,0.0,0.0,-1,6.03,5.93,5.9,5.92,5.85,5.57,5.92,5.57,False,True,False
2019-07-11,1562803200,6.1,6.1,6.1,6.1,11200,6.1,0.0,0.0,6.1,6.1,6.536,0.44,0.07,1,6.07,5.96,5.92,5.93,5.85,5.57,5.92,5.57,False,True,False
2019-07-12,1562889600,6.187,6.536,6.187,6.536,3000,6.1,0.44,0.07,6.1,6.1,6.274,-0.26,-0.04,-1,6.19,6.04,5.94,5.94,5.86,5.58,5.93,5.57,False,True,False
2019-07-15,1563148800,6.274,6.274,6.274,6.274,500,6.1,0.17,0.03,6.1,6.536,6.536,0.26,0.04,1,6.22,6.09,5.94,5.95,5.87,5.58,5.94,5.58,False,True,False
2019-07-16,1563235200,6.361,6.536,6.274,6.536,3000,6.1,0.44,0.07,6.536,6.274,6.187,-0.35,-0.05,-1,6.31,6.17,5.98,5.96,5.88,5.58,5.95,5.58,False,True,False
2019-07-17,1563321600,6.274,6.361,6.187,6.187,4700,6.536,-0.35,-0.05,6.274,6.536,6.274,0.09,0.01,1,6.33,6.18,6.0,5.96,5.88,5.58,5.96,5.58,False,True,False
2019-07-18,1563408000,6.274,6.274,6.274,6.274,0,6.274,0.0,0.0,6.536,6.187,6.274,0.0,0.0,-1,6.36,6.21,6.02,5.96,5.89,5.58,5.96,5.58,False,True,False
2019-07-19,1563494400,6.274,6.274,6.274,6.274,1300,6.536,-0.26,-0.04,6.187,6.274,6.274,0.0,0.0,-1,6.31,6.25,6.04,5.98,5.9,5.58,5.96,5.58,False,True,False
2019-07-22,1563753600,6.274,6.274,6.274,6.274,0,6.187,0.09,0.01,6.274,6.274,5.926,-0.35,-0.06,-1,6.31,6.27,6.07,6.0,5.91,5.59,5.98,5.58,False,True,False
2019-07-23,1563840000,6.1,6.1,5.926,5.926,1100,6.274,-0.35,-0.06,6.274,6.274,6.013,0.09,0.02,1,6.19,6.25,6.07,6.01,5.92,5.58,6.0,5.59,False,True,False
2019-07-24,1563926400,6.013,6.013,6.013,6.013,0,6.274,-0.26,-0.04,6.274,5.926,6.187,0.17,0.03,1,6.15,6.24,6.08,6.02,5.93,5.58,6.01,5.58,False,True,False
2019-07-25,1564012800,6.187,6.187,6.187,6.187,600,6.274,-0.09,-0.01,5.926,6.013,6.187,0.0,0.0,-1,6.13,6.25,6.1,6.02,5.94,5.58,6.02,5.58,False,True,False
2019-07-26,1564099200,6.187,6.187,6.187,6.187,600,5.926,0.26,0.04,6.013,6.187,6.971,0.78,0.13,1,6.12,6.21,6.13,6.03,5.94,5.59,6.02,5.58,False,True,False
2019-07-29,1564358400,6.971,6.971,6.971,6.971,100,6.013,0.96,0.16,6.187,6.187,6.536,-0.44,-0.06,-1,6.26,6.28,6.19,6.06,5.96,5.59,6.03,5.59,False,True,False
2019-07-30,1564444800,5.926,6.536,5.926,6.536,300,6.187,0.35,0.06,6.187,6.971,6.361,-0.17,-0.03,-1,6.38,6.28,6.23,6.08,5.97,5.59,6.06,5.59,False,True,False
2019-07-31,1564531200,6.361,6.361,6.361,6.361,0,6.187,0.17,0.03,6.971,6.536,6.361,0.0,0.0,-1,6.45,6.3,6.24,6.09,5.98,5.6,6.08,5.59,False,True,False
2019-08-01,1564617600,6.361,6.361,6.361,6.361,0,6.971,-0.61,-0.09,6.536,6.361,6.361,0.0,0.0,-1,6.48,6.31,6.26,6.1,5.99,5.6,6.09,5.6,False,True,False
2019-08-02,1564704000,6.361,6.361,6.361,6.361,0,6.536,-0.17,-0.03,6.361,6.361,6.361,0.0,0.0,-1,6.52,6.32,6.28,6.11,6.0,5.6,6.1,5.6,False,True,False
2019-08-05,1564963200,6.361,6.361,6.361,6.361,0,6.361,0.0,0.0,6.361,6.361,6.187,-0.17,-0.03,-1,6.4,6.33,6.3,6.1,6.01,5.61,6.11,5.6,False,True,False
2019-08-06,1565049600,6.187,6.187,6.187,6.187,7500,6.361,-0.17,-0.03,6.361,6.361,6.187,0.0,0.0,-1,6.33,6.35,6.3,6.11,6.02,5.61,6.1,5.61,False,True,False
2019-08-07,1565136000,6.187,6.187,6.187,6.187,0,6.361,-0.17,-0.03,6.361,6.187,6.187,0.0,0.0,-1,6.29,6.37,6.3,6.12,6.02,5.61,6.11,5.61,False,True,False
2019-08-08,1565222400,6.187,6.187,6.187,6.187,0,6.361,-0.17,-0.03,6.187,6.187,6.187,0.0,0.0,-1,6.26,6.37,6.31,6.13,6.02,5.62,6.12,5.61,False,True,False
2019-08-09,1565308800,6.187,6.187,6.187,6.187,0,6.187,0.0,0.0,6.187,6.187,6.187,0.0,0.0,-1,6.22,6.37,6.29,6.13,6.03,5.62,6.13,5.62,False,True,False
2019-08-12,1565568000,6.187,6.187,6.187,6.187,0,6.187,0.0,0.0,6.187,6.187,6.274,0.09,0.01,1,6.19,6.29,6.29,6.13,6.03,5.62,6.13,5.62,False,True,False
2019-08-13,1565654400,6.274,6.274,6.274,6.274,1100,6.187,0.09,0.01,6.187,6.187,6.361,0.09,0.01,1,6.2,6.27,6.27,6.13,6.04,5.62,6.13,5.62,False,True,False
2019-08-14,1565740800,6.361,6.361,6.361,6.361,1700,6.187,0.17,0.03,6.187,6.274,6.361,0.0,0.0,-1,6.24,6.27,6.28,6.14,6.05,5.63,6.13,5.62,False,True,False
2019-08-15,1565827200,6.361,6.361,6.361,6.361,1700,6.187,0.17,0.03,6.274,6.361,6.361,0.0,0.0,-1,6.27,6.27,6.29,6.15,6.05,5.63,6.14,5.63,False,True,False
2019-08-16,1565913600,6.361,6.361,6.361,6.361,0,6.274,0.09,0.01,6.361,6.361,6.361,0.0,0.0,-1,6.31,6.27,6.29,6.15,6.06,5.63,6.15,5.63,False,True,False
2019-08-19,1566172800,6.361,6.361,6.361,6.361,0,6.361,0.0,0.0,6.361,6.361,6.361,0.0,0.0,-1,6.34,6.27,6.3,6.14,6.06,5.64,6.15,5.63,False,True,False
2019-08-20,1566259200,6.361,6.361,6.361,6.361,0,6.361,0.0,0.0,6.361,6.361,6.361,0.0,0.0,-1,6.36,6.28,6.32,6.14,6.06,5.64,6.14,5.64,False,True,False
2019-08-21,1566345600,6.361,6.361,6.361,6.361,0,6.361,0.0,0.0,6.361,6.361,6.361,0.0,0.0,-1,6.36,6.3,6.33,6.14,6.06,5.65,6.14,5.64,False,True,False
2019-08-22,1566432000,6.361,6.361,6.361,6.361,0,6.361,0.0,0.0,6.361,6.361,6.361,0.0,0.0,-1,6.36,6.32,6.34,6.15,6.07,5.65,6.14,5.65,False,True,False
2019-08-23,1566518400,6.361,6.361,6.361,6.361,0,6.361,0.0,0.0,6.361,6.361,6.1,-0.26,-0.04,-1,6.36,6.33,6.35,6.16,6.07,5.65,6.15,5.65,False,True,False
2019-08-26,1566777600,6.1,6.1,6.1,6.1,600,6.361,-0.26,-0.04,6.361,6.361,6.1,0.0,0.0,-1,6.31,6.33,6.31,6.16,6.07,5.66,6.16,5.65,False,True,False
2019-08-27,1566864000,6.1,6.1,6.1,6.1,4600,6.361,-0.26,-0.04,6.361,6.1,6.1,0.0,0.0,-1,6.26,6.31,6.29,6.16,6.08,5.66,6.16,5.66,False,True,False
2019-08-28,1566950400,6.1,6.1,6.1,6.1,0,6.361,-0.26,-0.04,6.1,6.1,6.1,0.0,0.0,-1,6.2,6.28,6.27,6.17,6.08,5.66,6.16,5.66,False,True,False
2019-08-29,1567036800,6.1,6.1,6.1,6.1,0,6.1,0.0,0.0,6.1,6.1,6.1,0.0,0.0,-1,6.15,6.26,6.26,6.17,6.08,5.66,6.17,5.66,False,True,False
2019-08-30,1567123200,6.1,6.1,6.1,6.1,0,6.1,0.0,0.0,6.1,6.1,6.1,0.0,0.0,-1,6.1,6.23,6.25,6.18,6.08,5.66,6.17,5.66,False,True,False
2019-09-03,1567468800,6.1,6.1,6.1,6.1,0,6.1,0.0,0.0,6.1,6.1,6.1,0.0,0.0,-1,6.1,6.2,6.23,6.19,6.07,5.67,6.18,5.66,False,True,False
2019-09-04,1567555200,6.1,6.1,6.1,6.1,1000,6.1,0.0,0.0,6.1,6.1,6.1,0.0,0.0,-1,6.1,6.18,6.23,6.19,6.07,5.67,6.19,5.67,False,True,False
2019-09-05,1567641600,6.1,6.1,6.1,6.1,0,6.1,0.0,0.0,6.1,6.1,6.274,0.17,0.03,1,6.1,6.15,6.23,6.2,6.07,5.67,6.19,5.67,False,True,False
2019-09-06,1567728000,6.187,6.274,6.187,6.274,7500,6.1,0.17,0.03,6.1,6.1,6.187,-0.09,-0.01,-1,6.13,6.14,6.23,6.21,6.08,5.67,6.2,5.67,False,True,False
2019-09-09,1567987200,6.187,6.187,6.187,6.187,0,6.1,0.09,0.01,6.1,6.274,6.187,0.0,0.0,-1,6.15,6.13,6.23,6.22,6.08,5.68,6.21,5.67,False,True,False
2019-09-10,1568073600,6.187,6.187,6.187,6.187,0,6.1,0.09,0.01,6.274,6.187,6.187,0.0,0.0,-1,6.17,6.13,6.23,6.23,6.08,5.69,6.22,5.68,False,True,False
2019-09-11,1568160000,6.187,6.187,6.187,6.187,300,6.274,-0.09,-0.01,6.187,6.187,6.187,0.0,0.0,-1,6.19,6.14,6.23,6.23,6.08,5.69,6.23,5.69,False,True,False
2019-09-12,1568246400,6.187,6.187,6.187,6.187,200,6.187,0.0,0.0,6.187,6.187,6.187,0.0,0.0,-1,6.2,6.15,6.22,6.24,6.08,5.7,6.23,5.69,False,True,False
2019-09-13,1568332800,6.187,6.187,6.187,6.187,0,6.187,0.0,0.0,6.187,6.187,6.187,0.0,0.0,-1,6.19,6.16,6.21,6.24,6.07,5.7,6.24,5.7,False,True,False
2019-09-16,1568592000,6.187,6.187,6.187,6.187,0,6.187,0.0,0.0,6.187,6.187,6.187,0.0,0.0,-1,6.19,6.17,6.2,6.25,6.08,5.71,6.24,5.7,False,True,False
2019-09-17,1568678400,6.1,6.187,6.1,6.187,5200,6.187,0.0,0.0,6.187,6.187,6.187,0.0,0.0,-1,6.19,6.18,6.19,6.25,6.08,5.71,6.25,5.71,False,True,False
2019-09-18,1568764800,6.187,6.187,6.187,6.187,5200,6.187,0.0,0.0,6.187,6.187,6.187,0.0,0.0,-1,6.19,6.19,6.18,6.25,6.08,5.71,6.25,5.71,False,True,False
2019-09-19,1568851200,6.187,6.187,6.187,6.187,0,6.187,0.0,0.0,6.187,6.187,6.187,0.0,0.0,-1,6.19,6.2,6.17,6.25,6.09,5.72,6.25,5.71,False,True,False
2019-09-20,1568937600,6.187,6.187,6.187,6.187,0,6.187,0.0,0.0,6.187,6.187,6.1,-0.09,-0.01,-1,6.19,6.19,6.17,6.25,6.09,5.72,6.25,5.72,False,True,False
2019-09-23,1569196800,6.187,6.187,6.1,6.1,1500,6.187,-0.09,-0.01,6.187,6.187,6.1,0.0,0.0,-1,6.17,6.18,6.15,6.24,6.09,5.73,6.25,5.72,False,True,False
2019-09-24,1569283200,6.1,6.1,6.1,6.1,500,6.187,-0.09,-0.01,6.187,6.1,6.1,0.0,0.0,-1,6.15,6.17,6.15,6.24,6.1,5.73,6.24,5.73,False,True,False
2019-09-25,1569369600,6.1,6.1,6.1,6.1,400,6.187,-0.09,-0.01,6.1,6.1,6.1,0.0,0.0,-1,6.13,6.16,6.15,6.23,6.1,5.74,6.24,5.73,False,True,False
2019-09-26,1569456000,6.1,6.1,6.1,6.1,0,6.1,0.0,0.0,6.1,6.1,6.1,0.0,0.0,-1,6.12,6.15,6.15,6.23,6.1,5.75,6.23,5.74,False,True,False
2019-09-27,1569542400,6.1,6.1,6.1,6.1,0,6.1,0.0,0.0,6.1,6.1,6.1,0.0,0.0,-1,6.1,6.14,6.15,6.23,6.1,5.76,6.23,5.75,False,True,False
2019-09-30,1569801600,6.1,6.1,6.1,6.1,0,6.1,0.0,0.0,6.1,6.1,6.1,0.0,0.0,-1,6.1,6.13,6.15,6.22,6.1,5.77,6.23,5.76,False,True,False
2019-10-01,1569888000,6.1,6.1,6.1,6.1,0,6.1,0.0,0.0,6.1,6.1,6.1,0.0,0.0,-1,6.1,6.13,6.15,6.22,6.11,5.77,6.22,5.77,False,True,False
2019-10-02,1569974400,6.1,6.1,6.1,6.1,2000,6.1,0.0,0.0,6.1,6.1,5.926,-0.17,-0.03,-1,6.1,6.12,6.15,6.22,6.12,5.78,6.22,5.77,False,True,False
2019-10-03,1570060800,6.013,6.013,5.926,5.926,1300,6.1,-0.17,-0.03,6.1,6.1,5.926,0.0,0.0,-1,6.07,6.09,6.14,6.22,6.12,5.79,6.22,5.78,False,True,False
2019-10-04,1570147200,5.926,5.926,5.926,5.926,0,6.1,-0.17,-0.03,6.1,5.926,5.926,0.0,0.0,-1,6.03,6.07,6.13,6.22,6.12,5.8,6.22,5.79,False,True,False
2019-10-07,1570406400,5.926,5.926,5.926,5.926,0,6.1,-0.17,-0.03,5.926,5.926,5.926,0.0,0.0,-1,6.0,6.05,6.11,6.21,6.12,5.81,6.22,5.8,False,True,False
2019-10-08,1570492800,5.926,5.926,5.926,5.926,0,5.926,0.0,0.0,5.926,5.926,5.926,0.0,0.0,-1,5.96,6.03,6.1,6.19,6.13,5.81,6.21,5.81,False,True,False
2019-10-09,1570579200,5.926,5.926,5.926,5.926,0,5.926,0.0,0.0,5.926,5.926,5.926,0.0,0.0,-1,5.93,6.01,6.09,6.18,6.13,5.82,6.19,5.81,False,True,False
2019-10-10,1570665600,5.926,5.926,5.926,5.926,0,5.926,0.0,0.0,5.926,5.926,6.013,0.09,0.02,1,5.93,6.0,6.07,6.17,6.13,5.83,6.18,5.82,False,True,False
2019-10-11,1570752000,6.013,6.013,6.013,6.013,500,5.926,0.09,0.02,5.926,5.926,6.013,0.0,0.0,-1,5.94,5.99,6.07,6.16,6.13,5.84,6.17,5.83,False,True,False
2019-10-14,1571011200,6.013,6.013,6.013,6.013,0,5.926,0.09,0.02,5.926,6.013,6.1,0.09,0.01,1,5.96,5.98,6.06,6.16,6.13,5.84,6.16,5.84,False,True,False
2019-10-15,1571097600,6.1,6.1,6.013,6.1,300,5.926,0.17,0.03,6.013,6.013,6.1,0.0,0.0,-1,6.0,5.98,6.05,6.15,6.13,5.85,6.16,5.84,False,True,False
2019-10-16,1571184000,6.1,6.1,6.1,6.1,0,6.013,0.09,0.01,6.013,6.1,6.1,0.0,0.0,-1,6.03,5.98,6.05,6.15,6.13,5.86,6.15,5.85,False,True,False
2019-10-17,1571270400,6.1,6.1,6.1,6.1,200,6.013,0.09,0.01,6.1,6.1,6.1,0.0,0.0,-1,6.07,6.0,6.04,6.15,6.13,5.87,6.15,5.86,False,True,False
2019-10-18,1571356800,6.1,6.1,6.1,6.1,100,6.1,0.0,0.0,6.1,6.1,6.1,0.0,0.0,-1,6.08,6.01,6.04,6.15,6.14,5.88,6.15,5.87,False,True,False
2019-10-21,1571616000,6.1,6.1,6.1,6.1,0,6.1,0.0,0.0,6.1,6.1,6.013,-0.09,-0.01,-1,6.1,6.03,6.04,6.14,6.14,5.89,6.15,5.88,False,True,False
2019-10-22,1571702400,6.013,6.013,6.013,6.013,200,6.1,-0.09,-0.01,6.1,6.1,6.013,0.0,0.0,-1,6.08,6.04,6.03,6.14,6.14,5.9,6.14,5.89,False,True,False
2019-10-23,1571788800,6.013,6.013,6.013,6.013,0,6.1,-0.09,-0.01,6.1,6.013,6.013,0.0,0.0,-1,6.07,6.05,6.03,6.13,6.13,5.91,6.14,5.9,False,True,False
2019-10-24,1571875200,6.013,6.013,6.013,6.013,1000,6.1,-0.09,-0.01,6.013,6.013,6.187,0.17,0.03,1,6.05,6.06,6.03,6.13,6.13,5.92,6.13,5.91,False,True,False
2019-10-25,1571961600,6.187,6.187,6.187,6.187,800,6.013,0.17,0.03,6.013,6.013,6.971,0.78,0.13,1,6.07,6.07,6.03,6.12,6.13,5.92,6.13,5.92,False,True,False
2019-10-28,1572220800,7.059,7.059,6.971,6.971,2500,6.013,0.96,0.16,6.013,6.187,7.059,0.09,0.01,1,6.24,6.17,6.07,6.14,6.14,5.93,6.12,5.92,False,True,False
2019-10-29,1572307200,7.059,7.059,7.059,7.059,0,6.013,1.05,0.17,6.187,6.971,7.059,0.0,0.0,-1,6.45,6.27,6.12,6.15,6.15,5.95,6.14,5.93,False,True,False
2019-10-30,1572393600,7.059,7.059,7.059,7.059,0,6.187,0.87,0.14,6.971,7.059,6.274,-0.79,-0.11,-1,6.66,6.36,6.17,6.16,6.15,5.95,6.15,5.95,False,True,False
2019-10-31,1572480000,6.274,6.274,6.274,6.274,4000,6.971,-0.7,-0.1,7.059,7.059,6.274,0.0,0.0,-1,6.71,6.38,6.19,6.16,6.15,5.96,6.16,5.95,False,True,False
2019-11-01,1572566400,6.274,6.274,6.274,6.274,0,7.059,-0.79,-0.11,7.059,6.274,6.274,0.0,0.0,-1,6.73,6.4,6.2,6.16,6.16,5.96,6.16,5.96,False,True,False
2019-11-04,1572825600,6.274,6.274,6.274,6.274,0,7.059,-0.79,-0.11,6.274,6.274,6.274,0.0,0.0,-1,6.59,6.41,6.22,6.16,6.16,5.96,6.16,5.96,False,True,False
2019-11-05,1572912000,6.274,6.274,6.274,6.274,0,6.274,0.0,0.0,6.274,6.274,6.1,-0.17,-0.03,-1,6.43,6.44,6.24,6.16,6.16,5.97,6.16,5.96,False,True,False
2019-11-06,1572998400,6.1,6.1,6.1,6.1,200,6.274,-0.17,-0.03,6.274,6.274,5.839,-0.26,-0.04,-1,6.24,6.45,6.25,6.16,6.16,5.97,6.16,5.97,False,True,False
2019-11-07,1573084800,6.013,6.013,5.839,5.839,2500,6.274,-0.43,-0.07,6.274,6.1,5.926,0.09,0.02,1,6.15,6.43,6.24,6.16,6.16,5.98,6.16,5.97,False,True,False
2019-11-08,1573171200,5.926,5.926,5.926,5.926,0,6.274,-0.35,-0.06,6.1,5.839,5.926,0.0,0.0,-1,6.08,6.41,6.24,6.15,6.16,5.98,6.16,5.98,False,True,False
2019-11-11,1573430400,5.926,5.926,5.926,5.926,0,6.1,-0.17,-0.03,5.839,5.926,5.839,-0.09,-0.02,-1,6.01,6.3,6.24,6.15,6.17,5.98,6.15,5.98,False,True,False
2019-11-12,1573516800,5.926,5.926,5.839,5.839,700,5.839,0.0,0.0,5.926,5.926,5.751,-0.09,-0.02,-1,5.93,6.18,6.22,6.15,6.17,5.99,6.15,5.98,False,True,False
2019-11-13,1573603200,5.926,5.926,5.751,5.751,1800,5.926,-0.17,-0.03,5.926,5.839,5.839,0.09,0.02,1,5.86,6.05,6.2,6.14,6.16,5.99,6.15,5.99,False,True,False
2019-11-14,1573689600,5.839,5.839,5.839,5.839,0,5.926,-0.09,-0.02,5.839,5.751,5.839,0.0,0.0,-1,5.86,6.0,6.19,6.13,6.17,5.99,6.14,5.99,False,True,False
2019-11-15,1573776000,5.839,5.839,5.839,5.839,0,5.839,0.0,0.0,5.751,5.839,5.839,0.0,0.0,-1,5.84,5.96,6.18,6.12,6.17,5.99,6.13,5.99,False,True,False
2019-11-18,1574035200,5.839,5.839,5.839,5.839,500,5.751,0.09,0.02,5.839,5.839,5.839,0.0,0.0,-1,5.82,5.92,6.17,6.12,6.17,5.99,6.12,5.99,False,True,False
2019-11-19,1574121600,5.839,5.839,5.839,5.839,9500,5.839,0.0,0.0,5.839,5.839,5.839,0.0,0.0,-1,5.82,5.87,6.16,6.11,6.17,6.0,6.12,5.99,False,True,False
2019-11-20,1574208000,5.839,5.839,5.839,5.839,0,5.839,0.0,0.0,5.839,5.839,6.013,0.17,0.03,1,5.84,5.85,6.15,6.1,6.17,6.0,6.11,6.0,False,True,False
2019-11-21,1574294400,6.1,6.1,6.013,6.013,700,5.839,0.17,0.03,5.839,5.839,6.013,0.0,0.0,-1,5.87,5.86,6.15,6.1,6.17,6.0,6.1,6.0,False,True,False
2019-11-22,1574380800,6.013,6.013,6.013,6.013,0,5.839,0.17,0.03,5.839,6.013,6.013,0.0,0.0,-1,5.91,5.87,6.14,6.1,6.17,6.0,6.1,6.0,False,True,False
2019-11-25,1574640000,6.013,6.013,6.013,6.013,0,5.839,0.17,0.03,6.013,6.013,6.013,0.0,0.0,-1,5.94,5.88,6.09,6.09,6.17,6.0,6.1,6.0,False,True,False
2019-11-26,1574726400,6.013,6.013,6.013,6.013,0,6.013,0.0,0.0,6.013,6.013,5.926,-0.09,-0.01,-1,5.98,5.9,6.04,6.09,6.17,6.0,6.09,6.0,False,True,False
2019-11-27,1574812800,5.926,5.926,5.926,5.926,1000,6.013,-0.09,-0.01,6.013,6.013,5.926,0.0,0.0,-1,6.0,5.92,5.98,6.08,6.17,6.01,6.09,6.0,False,True,False
2019-11-28,1574899200,5.926,5.926,5.926,5.926,0,6.013,-0.09,-0.01,6.013,5.926,5.926,0.0,0.0,-1,5.98,5.93,5.97,6.08,6.17,6.01,6.08,6.01,False,True,False
2019-11-29,1574985600,5.926,5.926,5.926,5.926,0,6.013,-0.09,-0.01,5.926,5.926,5.926,0.0,0.0,-1,5.96,5.93,5.95,6.07,6.16,6.01,6.08,6.01,False,True,False
2019-12-02,1575244800,5.926,5.926,5.926,5.926,700,5.926,0.0,0.0,5.926,5.926,5.839,-0.09,-0.02,-1,5.94,5.94,5.93,6.07,6.16,6.01,6.07,6.01,False,True,False
2019-12-03,1575331200,5.839,5.839,5.839,5.839,1000,5.926,-0.09,-0.02,5.926,5.926,5.839,0.0,0.0,-1,5.91,5.94,5.91,6.07,6.15,6.01,6.07,6.01,False,True,False
2019-12-04,1575417600,5.839,5.839,5.839,5.839,0,5.926,-0.09,-0.02,5.926,5.839,5.926,0.09,0.02,1,5.89,5.94,5.9,6.06,6.15,6.01,6.07,6.01,False,True,False
2019-12-05,1575504000,5.926,5.926,5.926,5.926,1200,5.926,0.0,0.0,5.839,5.839,5.926,0.0,0.0,-1,5.89,5.93,5.9,6.06,6.14,6.01,6.06,6.01,False,True,False
2019-12-06,1575590400,5.926,5.926,5.926,5.926,0,5.839,0.09,0.02,5.839,5.926,5.926,0.0,0.0,-1,5.89,5.93,5.9,6.05,6.14,6.02,6.06,6.01,False,True,False
2019-12-09,1575849600,5.926,5.926,5.926,5.926,0,5.839,0.09,0.02,5.926,5.926,6.013,0.09,0.02,1,5.89,5.92,5.9,6.05,6.14,6.02,6.05,6.02,False,True,False
2019-12-10,1575936000,6.013,6.013,6.013,6.013,1000,5.926,0.09,0.02,5.926,5.926,6.1,0.09,0.01,1,5.93,5.92,5.91,6.05,6.13,6.02,6.05,6.02,False,True,False
2019-12-11,1576022400,6.1,6.1,6.1,6.1,1300,5.926,0.17,0.03,5.926,6.013,6.1,0.0,0.0,-1,5.98,5.93,5.93,6.05,6.14,6.03,6.05,6.02,False,True,False
2019-12-12,1576108800,6.1,6.1,6.1,6.1,0,5.926,0.17,0.03,6.013,6.1,6.1,0.0,0.0,-1,6.01,5.95,5.94,6.05,6.14,6.03,6.05,6.03,False,True,False
2019-12-13,1576195200,6.1,6.1,6.1,6.1,0,6.013,0.09,0.01,6.1,6.1,6.1,0.0,0.0,-1,6.05,5.97,5.95,6.05,6.14,6.04,6.05,6.03,False,True,False
2019-12-16,1576454400,6.1,6.1,6.1,6.1,0,6.1,0.0,0.0,6.1,6.1,6.1,0.0,0.0,-1,6.08,5.99,5.97,6.06,6.13,6.04,6.05,6.04,False,True,False
2019-12-17,1576540800,6.1,6.1,6.1,6.1,0,6.1,0.0,0.0,6.1,6.1,6.1,0.0,0.0,-1,6.1,6.01,5.98,6.06,6.13,6.04,6.06,6.04,False,True,False
2019-12-18,1576627200,6.1,6.1,6.1,6.1,0,6.1,0.0,0.0,6.1,6.1,6.1,0.0,0.0,-1,6.1,6.04,5.99,6.07,6.12,6.05,6.06,6.04,False,True,False
2019-12-19,1576713600,6.1,6.1,6.1,6.1,0,6.1,0.0,0.0,6.1,6.1,6.1,0.0,0.0,-1,6.1,6.06,6.0,6.07,6.12,6.05,6.07,6.05,False,True,False
2019-12-20,1576800000,6.1,6.1,6.1,6.1,0,6.1,0.0,0.0,6.1,6.1,6.1,0.0,0.0,-1,6.1,6.07,6.0,6.07,6.12,6.06,6.07,6.05,False,True,False
2019-12-23,1577059200,6.1,6.1,6.1,6.1,0,6.1,0.0,0.0,6.1,6.1,6.1,0.0,0.0,-1,6.1,6.09,6.0,6.07,6.11,6.06,6.07,6.06,False,True,False
2019-12-24,1577145600,6.1,6.1,6.1,6.1,100,6.1,0.0,0.0,6.1,6.1,6.1,0.0,0.0,-1,6.1,6.1,6.01,6.07,6.11,6.06,6.07,6.06,False,True,False
2019-12-25,1577232000,6.1,6.1,6.1,6.1,100,6.1,0.0,0.0,6.1,6.1,6.1,0.0,0.0,-1,6.1,6.1,6.02,6.07,6.11,6.06,6.07,6.06,False,True,False
2019-12-26,1577318400,6.1,6.1,6.1,6.1,0,6.1,0.0,0.0,6.1,6.1,6.1,0.0,0.0,-1,6.1,6.1,6.03,6.07,6.11,6.06,6.07,6.06,False,True,False
2019-12-27,1577404800,6.1,6.1,6.1,6.1,0,6.1,0.0,0.0,6.1,6.1,6.1,0.0,0.0,-1,6.1,6.1,6.03,6.07,6.11,6.06,6.07,6.06,False,True,False
2019-12-30,1577664000,6.1,6.1,6.1,6.1,0,6.1,0.0,0.0,6.1,6.1,6.274,0.17,0.03,1,6.1,6.1,6.04,6.07,6.11,6.07,6.07,6.06,False,True,False
2019-12-31,1577750400,6.274,6.274,6.274,6.274,100,6.1,0.17,0.03,6.1,6.1,6.274,0.0,0.0,-1,6.13,6.12,6.07,6.08,6.11,6.07,6.07,6.07,True,True,True
2020-01-02,1577923200,6.274,6.274,6.274,6.274,0,6.1,0.17,0.03,6.1,6.274,6.274,0.0,0.0,-1,6.17,6.13,6.09,6.08,6.11,6.08,6.08,6.07,False,True,False
2020-01-03,1578009600,6.274,6.274,6.274,6.274,0,6.1,0.17,0.03,6.274,6.274,6.274,0.0,0.0,-1,6.2,6.15,6.1,6.09,6.11,6.08,6.08,6.08,True,True,True
2020-01-06,1578268800,6.274,6.274,6.274,6.274,0,6.274,0.0,0.0,6.274,6.274,6.274,0.0,0.0,-1,6.24,6.17,6.12,6.09,6.11,6.08,6.09,6.08,False,True,False
2020-01-07,1578355200,6.274,6.274,6.274,6.274,0,6.274,0.0,0.0,6.274,6.274,6.274,0.0,0.0,-1,6.27,6.19,6.14,6.08,6.11,6.08,6.09,6.08,False,True,False
2020-01-08,1578441600,6.274,6.274,6.274,6.274,0,6.274,0.0,0.0,6.274,6.274,6.274,0.0,0.0,-1,6.27,6.2,6.15,6.06,6.11,6.08,6.08,6.08,True,False,False
2020-01-09,1578528000,6.274,6.274,6.274,6.274,0,6.274,0.0,0.0,6.274,6.274,6.274,0.0,0.0,-1,6.27,6.22,6.16,6.04,6.1,6.08,6.06,6.08,True,False,False
2020-01-10,1578614400,6.274,6.274,6.274,6.274,0,6.274,0.0,0.0,6.274,6.274,6.274,0.0,0.0,-1,6.27,6.24,6.17,6.04,6.1,6.08,6.04,6.08,True,False,False
2020-01-13,1578873600,6.1,6.274,6.1,6.274,1200,6.274,0.0,0.0,6.274,6.274,6.187,-0.09,-0.01,-1,6.27,6.26,6.18,6.04,6.1,6.08,6.04,6.08,True,False,False
2020-01-14,1578960000,6.187,6.187,6.187,6.187,0,6.274,-0.09,-0.01,6.274,6.274,6.187,0.0,0.0,-1,6.26,6.27,6.18,6.04,6.1,6.09,6.04,6.08,True,False,False
2020-01-15,1579046400,6.187,6.187,6.187,6.187,0,6.274,-0.09,-0.01,6.274,6.187,6.187,0.0,0.0,-1,6.24,6.26,6.19,6.04,6.1,6.09,6.04,6.09,True,False,False
2020-01-16,1579132800,6.187,6.187,6.187,6.187,0,6.274,-0.09,-0.01,6.187,6.187,6.187,0.0,0.0,-1,6.22,6.25,6.19,6.04,6.1,6.09,6.04,6.09,True,False,False
2020-01-17,1579219200,6.187,6.187,6.187,6.187,0,6.187,0.0,0.0,6.187,6.187,6.1,-0.09,-0.01,-1,6.2,6.24,6.2,6.05,6.1,6.09,6.04,6.09,True,False,False
2020-01-20,1579478400,6.1,6.1,6.1,6.1,900,6.187,-0.09,-0.01,6.187,6.187,6.1,0.0,0.0,-1,6.17,6.22,6.2,6.05,6.1,6.09,6.05,6.09,True,False,False
2020-01-21,1579564800,6.1,6.1,6.1,6.1,200,6.187,-0.09,-0.01,6.187,6.1,6.1,0.0,0.0,-1,6.15,6.2,6.2,6.06,6.1,6.09,6.05,6.09,True,False,False
2020-01-22,1579651200,6.1,6.1,6.1,6.1,300,6.187,-0.09,-0.01,6.1,6.1,6.1,0.0,0.0,-1,6.13,6.19,6.2,6.06,6.1,6.09,6.06,6.09,True,False,False
2020-01-30,1580342400,6.1,6.1,6.1,6.1,300,6.1,0.0,0.0,6.1,6.1,6.1,0.0,0.0,-1,6.12,6.17,6.2,6.07,6.1,6.09,6.06,6.09,True,False,False
2020-01-31,1580428800,6.1,6.1,6.1,6.1,100,6.1,0.0,0.0,6.1,6.1,6.1,0.0,0.0,-1,6.1,6.15,6.2,6.07,6.1,6.09,6.07,6.09,True,False,False
2020-02-03,1580688000,6.1,6.1,6.1,6.1,100,6.1,0.0,0.0,6.1,6.1,6.1,0.0,0.0,-1,6.1,6.13,6.2,6.08,6.1,6.09,6.07,6.09,True,False,False
2020-02-04,1580774400,6.1,6.1,6.1,6.1,0,6.1,0.0,0.0,6.1,6.1,6.1,0.0,0.0,-1,6.1,6.13,6.2,6.08,6.1,6.09,6.08,6.09,True,False,False
2020-02-05,1580860800,6.1,6.1,6.1,6.1,0,6.1,0.0,0.0,6.1,6.1,6.1,0.0,0.0,-1,6.1,6.12,6.19,6.09,6.1,6.09,6.08,6.09,True,True,True
2020-02-06,1580947200,6.1,6.1,6.1,6.1,100,6.1,0.0,0.0,6.1,6.1,6.1,0.0,0.0,-1,6.1,6.11,6.18,6.09,6.1,6.09,6.09,6.09,True,True,True
2020-02-07,1581033600,6.1,6.1,6.1,6.1,0,6.1,0.0,0.0,6.1,6.1,6.1,0.0,0.0,-1,6.1,6.1,6.17,6.1,6.1,6.09,6.09,6.09,True,True,True
2020-02-10,1581292800,6.1,6.1,6.1,6.1,200,6.1,0.0,0.0,6.1,6.1,6.1,0.0,0.0,-1,6.1,6.1,6.16,6.1,6.1,6.09,6.1,6.09,False,True,False
2020-02-11,1581379200,6.1,6.1,6.1,6.1,1200,6.1,0.0,0.0,6.1,6.1,6.1,0.0,0.0,-1,6.1,6.1,6.15,6.1,6.1,6.09,6.1,6.09,False,True,False
2020-02-12,1581465600,6.1,6.1,6.1,6.1,500,6.1,0.0,0.0,6.1,6.1,6.1,0.0,0.0,-1,6.1,6.1,6.14,6.1,6.1,6.09,6.1,6.09,False,True,False
2020-02-13,1581552000,6.1,6.1,6.1,6.1,1100,6.1,0.0,0.0,6.1,6.1,6.1,0.0,0.0,-1,6.1,6.1,6.13,6.11,6.09,6.09,6.1,6.09,False,True,False
2020-02-14,1581638400,6.1,6.1,6.1,6.1,100,6.1,0.0,0.0,6.1,6.1,6.1,0.0,0.0,-1,6.1,6.1,6.13,6.11,6.09,6.09,6.11,6.09,False,True,False
2020-02-17,1581897600,6.1,6.1,6.1,6.1,0,6.1,0.0,0.0,6.1,6.1,6.1,0.0,0.0,-1,6.1,6.1,6.12,6.11,6.09,6.09,6.11,6.09,False,True,False
2020-02-18,1581984000,6.1,6.1,6.1,6.1,0,6.1,0.0,0.0,6.1,6.1,6.1,0.0,0.0,-1,6.1,6.1,6.11,6.12,6.09,6.09,6.11,6.09,False,True,False
2020-02-19,1582070400,6.1,6.1,6.1,6.1,0,6.1,0.0,0.0,6.1,6.1,6.1,0.0,0.0,-1,6.1,6.1,6.11,6.12,6.09,6.09,6.12,6.09,False,True,False
2020-02-20,1582156800,6.1,6.1,6.1,6.1,1200,6.1,0.0,0.0,6.1,6.1,6.1,0.0,0.0,-1,6.1,6.1,6.1,6.13,6.09,6.1,6.12,6.09,False,True,False
2020-02-21,1582243200,6.1,6.1,6.1,6.1,0,6.1,0.0,0.0,6.1,6.1,6.1,0.0,0.0,-1,6.1,6.1,6.1,6.13,6.09,6.09,6.13,6.1,False,True,False
2020-02-24,1582502400,6.1,6.1,6.1,6.1,0,6.1,0.0,0.0,6.1,6.1,6.099,-0.0,-0.0,-1,6.1,6.1,6.1,6.13,6.09,6.09,6.13,6.09,False,True,False
2020-02-25,1582588800,6.099,6.099,6.099,6.099,0,6.1,-0.0,-0.0,6.1,6.1,6.099,0.0,0.0,-1,6.1,6.1,6.1,6.14,6.09,6.1,6.13,6.09,False,True,False
2020-02-26,1582675200,6.099,6.099,6.099,6.099,6600,6.1,-0.0,-0.0,6.1,6.099,6.361,0.26,0.04,1,6.1,6.1,6.1,6.14,6.09,6.1,6.14,6.1,False,True,False
2020-02-27,1582761600,6.361,6.361,6.361,6.361,1000,6.1,0.26,0.04,6.099,6.099,6.274,-0.09,-0.01,-1,6.15,6.13,6.11,6.14,6.1,6.11,6.14,6.1,False,True,False
2020-02-28,1582848000,6.274,6.274,6.274,6.274,1000,6.099,0.17,0.03,6.099,6.361,6.274,0.0,0.0,-1,6.19,6.14,6.12,6.15,6.1,6.11,6.14,6.11,False,True,False
2020-03-02,1583107200,6.274,6.274,6.274,6.274,0,6.099,0.17,0.03,6.361,6.274,6.274,0.0,0.0,-1,6.22,6.16,6.13,6.15,6.1,6.11,6.15,6.11,False,True,False
2020-03-03,1583193600,6.274,6.274,6.274,6.274,0,6.361,-0.09,-0.01,6.274,6.274,6.274,0.0,0.0,-1,6.26,6.18,6.14,6.15,6.11,6.11,6.15,6.11,False,True,False
2020-03-04,1583280000,6.274,6.274,6.274,6.274,0,6.274,0.0,0.0,6.274,6.274,6.187,-0.09,-0.01,-1,6.29,6.2,6.15,6.16,6.11,6.12,6.15,6.11,False,True,False
2020-03-05,1583366400,6.187,6.187,6.187,6.187,400,6.274,-0.09,-0.01,6.274,6.274,6.187,0.0,0.0,-1,6.26,6.2,6.15,6.16,6.11,6.12,6.16,6.12,False,True,False
2020-03-06,1583452800,6.187,6.187,6.187,6.187,0,6.274,-0.09,-0.01,6.274,6.187,6.1,-0.09,-0.01,-1,6.24,6.21,6.16,6.16,6.11,6.12,6.16,6.12,False,True,False
2020-03-09,1583712000,6.187,6.187,6.1,6.1,2400,6.274,-0.17,-0.03,6.187,6.187,6.71,0.61,0.1,1,6.2,6.21,6.16,6.16,6.12,6.12,6.16,6.12,False,True,False
2020-03-10,1583798400,6.71,6.71,6.71,6.71,100,6.187,0.52,0.08,6.187,6.1,6.71,0.0,0.0,-1,6.29,6.27,6.19,6.17,6.12,6.13,6.16,6.12,False,True,False
2020-03-11,1583884800,6.71,6.71,6.71,6.71,0,6.187,0.52,0.08,6.1,6.71,5.514,-1.2,-0.18,-1,6.38,6.34,6.22,6.19,6.13,6.13,6.17,6.13,False,True,False
2020-03-12,1583971200,5.514,5.514,5.514,5.514,1000,6.1,-0.59,-0.1,6.71,6.71,5.514,0.0,0.0,-1,6.24,6.25,6.19,6.17,6.12,6.13,6.19,6.13,False,True,False
2020-03-13,1584057600,5.514,5.514,5.514,5.514,0,6.71,-1.2,-0.18,6.71,5.514,5.514,0.0,0.0,-1,6.11,6.17,6.16,6.16,6.12,6.13,6.17,6.13,False,True,False
2020-03-16,1584316800,5.514,5.514,5.514,5.514,0,6.71,-1.2,-0.18,5.514,5.514,5.514,0.0,0.0,-1,5.99,6.1,6.13,6.15,6.11,6.12,6.16,6.13,False,True,False
2020-03-17,1584403200,5.514,5.514,5.514,5.514,0,5.514,0.0,0.0,5.514,5.514,5.514,0.0,0.0,-1,5.75,6.02,6.1,6.14,6.11,6.12,6.15,6.12,False,True,False
2020-03-18,1584489600,5.514,5.514,5.514,5.514,0,5.514,0.0,0.0,5.514,5.514,5.514,0.0,0.0,-1,5.51,5.95,6.07,6.12,6.1,6.12,6.14,6.12,False,True,False
2020-03-19,1584576000,5.514,5.514,5.514,5.514,0,5.514,0.0,0.0,5.514,5.514,5.514,0.0,0.0,-1,5.51,5.88,6.04,6.11,6.1,6.12,6.12,6.12,True,False,False
2020-03-20,1584662400,5.514,5.514,5.514,5.514,0,5.514,0.0,0.0,5.514,5.514,5.514,0.0,0.0,-1,5.51,5.81,6.01,6.09,6.09,6.11,6.11,6.12,True,False,False
2020-03-23,1584921600,5.514,5.514,5.514,5.514,0,5.514,0.0,0.0,5.514,5.514,5.876,0.36,0.07,1,5.51,5.75,5.98,6.08,6.08,6.11,6.09,6.11,True,False,False
2020-03-24,1585008000,5.876,5.876,5.876,5.876,100,5.514,0.36,0.07,5.514,5.514,5.876,0.0,0.0,-1,5.59,5.67,5.97,6.07,6.07,6.11,6.08,6.11,True,False,False
2020-03-25,1585094400,5.876,5.876,5.876,5.876,0,5.514,0.36,0.07,5.514,5.876,5.876,0.0,0.0,-1,5.66,5.59,5.96,6.06,6.06,6.1,6.07,6.11,True,False,False
2020-03-26,1585180800,5.876,5.876,5.876,5.876,0,5.514,0.36,0.07,5.876,5.876,5.876,0.0,0.0,-1,5.73,5.62,5.94,6.05,6.05,6.1,6.06,6.1,True,False,False
2020-03-27,1585267200,5.876,5.876,5.876,5.876,0,5.876,0.0,0.0,5.876,5.876,5.876,0.0,0.0,-1,5.8,5.66,5.92,6.05,6.05,6.1,6.05,6.1,True,False,False
2020-03-30,1585526400,5.876,5.876,5.876,5.876,0,5.876,0.0,0.0,5.876,5.876,5.876,0.0,0.0,-1,5.88,5.7,5.9,6.04,6.04,6.1,6.05,6.1,True,False,False
2020-03-31,1585612800,5.876,5.876,5.876,5.876,0,5.876,0.0,0.0,5.876,5.876,5.876,0.0,0.0,-1,5.88,5.73,5.88,6.03,6.04,6.1,6.04,6.1,True,False,False
2020-04-01,1585699200,5.876,5.876,5.876,5.876,0,5.876,0.0,0.0,5.876,5.876,5.876,0.0,0.0,-1,5.88,5.77,5.86,6.03,6.03,6.1,6.03,6.1,True,False,False
2020-04-03,1585872000,5.876,5.876,5.876,5.876,0,5.876,0.0,0.0,5.876,5.876,5.876,0.0,0.0,-1,5.88,5.8,5.84,6.02,6.03,6.1,6.03,6.1,True,False,False
2020-04-06,1586131200,5.876,5.876,5.876,5.876,0,5.876,0.0,0.0,5.876,5.876,5.876,0.0,0.0,-1,5.88,5.84,5.83,6.01,6.03,6.1,6.02,6.1,True,False,False
2020-04-07,1586217600,5.876,5.876,5.876,5.876,0,5.876,0.0,0.0,5.876,5.876,5.695,-0.18,-0.03,-1,5.88,5.88,5.81,6.01,6.03,6.1,6.01,6.1,True,False,False
2020-04-08,1586304000,5.695,5.695,5.695,5.695,100,5.876,-0.18,-0.03,5.876,5.876,5.459,-0.24,-0.04,-1,5.84,5.86,5.76,6.0,6.03,6.1,6.01,6.1,True,False,False
2020-04-09,1586390400,5.604,5.604,5.424,5.459,6200,5.876,-0.42,-0.07,5.876,5.695,5.424,-0.03,-0.01,-1,5.76,5.82,5.7,5.99,6.02,6.09,6.0,6.1,True,False,False
2020-04-10,1586476800,5.424,5.424,5.424,5.424,100,5.876,-0.45,-0.08,5.695,5.459,5.597,0.17,0.03,1,5.67,5.77,5.7,5.97,6.02,6.09,5.99,6.09,True,False,False
2020-04-13,1586736000,5.514,5.604,5.514,5.597,1200,5.695,-0.1,-0.02,5.459,5.424,5.604,0.01,0.0,1,5.61,5.74,5.7,5.96,6.02,6.09,5.97,6.09,True,False,False
2020-04-14,1586822400,5.604,5.604,5.604,5.604,500,5.459,0.15,0.03,5.424,5.597,5.695,0.09,0.02,1,5.56,5.72,5.71,5.95,6.02,6.09,5.96,6.09,True,False,False
2020-04-15,1586908800,5.695,5.695,5.695,5.695,100,5.424,0.27,0.05,5.597,5.604,5.695,0.0,0.0,-1,5.56,5.7,5.71,5.95,6.02,6.09,5.95,6.09,True,False,False
2020-04-16,1586995200,5.695,5.695,5.695,5.695,3400,5.597,0.1,0.02,5.604,5.695,5.695,0.0,0.0,-1,5.6,5.68,5.72,5.94,6.01,6.09,5.95,6.09,True,False,False
2020-04-17,1587081600,5.695,5.695,5.695,5.695,0,5.604,0.09,0.02,5.695,5.695,5.424,-0.27,-0.05,-1,5.66,5.66,5.73,5.93,6.01,6.09,5.94,6.09,True,False,False
2020-04-20,1587340800,5.424,5.424,5.424,5.424,2000,5.695,-0.27,-0.05,5.695,5.695,5.424,0.0,0.0,-1,5.62,5.62,5.73,5.92,6.01,6.09,5.93,6.09,True,False,False
2020-04-21,1587427200,5.424,5.424,5.424,5.424,0,5.695,-0.27,-0.05,5.695,5.424,5.537,0.11,0.02,1,5.59,5.57,5.72,5.9,6.0,6.08,5.92,6.09,True,False,False
2020-04-22,1587513600,5.514,5.604,5.514,5.537,2000,5.695,-0.16,-0.03,5.424,5.424,5.514,-0.02,-0.0,-1,5.56,5.56,5.71,5.89,6.0,6.08,5.9,6.08,True,False,False
2020-04-23,1587600000,5.514,5.514,5.514,5.514,0,5.424,0.09,0.02,5.424,5.537,5.514,0.0,0.0,-1,5.52,5.56,5.69,5.88,5.99,6.08,5.89,6.08,True,False,False
2020-04-24,1587686400,5.514,5.514,5.514,5.514,0,5.424,0.09,0.02,5.537,5.514,5.514,0.0,0.0,-1,5.48,5.57,5.67,5.87,5.99,6.08,5.88,6.08,True,False,False
2020-04-27,1587945600,5.514,5.514,5.514,5.514,0,5.537,-0.02,-0.0,5.514,5.514,5.622,0.11,0.02,1,5.5,5.56,5.65,5.86,5.98,6.07,5.87,6.08,True,False,False
2020-04-28,1588032000,5.695,5.695,5.604,5.622,2500,5.514,0.11,0.02,5.514,5.514,5.604,-0.02,-0.0,-1,5.54,5.56,5.64,5.85,5.98,6.07,5.86,6.07,True,False,False
2020-04-29,1588118400,5.604,5.604,5.604,5.604,0,5.514,0.09,0.02,5.514,5.622,5.785,0.18,0.03,1,5.55,5.55,5.63,5.84,5.98,6.07,5.85,6.07,True,False,False
2020-05-04,1588550400,5.785,5.785,5.785,5.785,100,5.514,0.27,0.05,5.622,5.604,5.785,0.0,0.0,-1,5.61,5.56,5.62,5.83,5.98,6.06,5.84,6.07,True,False,False
2020-05-05,1588636800,5.785,5.785,5.785,5.785,100,5.622,0.16,0.03,5.604,5.785,5.785,0.0,0.0,-1,5.66,5.57,5.62,5.82,5.98,6.06,5.83,6.06,True,False,False
2020-05-06,1588723200,5.785,5.785,5.785,5.785,0,5.604,0.18,0.03,5.785,5.785,5.785,0.0,0.0,-1,5.72,5.61,5.61,5.82,5.97,6.06,5.82,6.06,True,False,False
2020-05-07,1588809600,5.785,5.785,5.785,5.785,0,5.785,0.0,0.0,5.785,5.785,5.785,0.0,0.0,-1,5.75,5.64,5.61,5.81,5.97,6.06,5.82,6.06,True,False,False
2020-05-08,1588896000,5.785,5.785,5.785,5.785,0,5.785,0.0,0.0,5.785,5.785,5.74,-0.04,-0.01,-1,5.78,5.67,5.61,5.81,5.97,6.05,5.81,6.06,True,False,False
2020-05-11,1589155200,5.695,5.785,5.695,5.74,2000,5.785,-0.04,-0.01,5.785,5.785,5.785,0.04,0.01,1,5.78,5.69,5.63,5.8,5.97,6.05,5.81,6.05,True,False,False
2020-05-12,1589241600,5.785,5.785,5.785,5.785,0,5.785,0.0,0.0,5.785,5.74,5.785,0.0,0.0,-1,5.78,5.72,5.64,5.79,5.97,6.05,5.8,6.05,True,False,False
2020-05-13,1589328000,5.785,5.785,5.785,5.785,500,5.785,0.0,0.0,5.74,5.785,5.785,0.0,0.0,-1,5.78,5.75,5.65,5.78,5.96,6.05,5.79,6.05,True,False,False
2020-05-14,1589414400,5.785,5.785,5.785,5.785,0,5.74,0.04,0.01,5.785,5.785,5.785,0.0,0.0,-1,5.78,5.76,5.66,5.77,5.96,6.05,5.78,6.05,True,False,False
2020-05-15,1589500800,5.785,5.785,5.785,5.785,0,5.785,0.0,0.0,5.785,5.785,5.876,0.09,0.02,1,5.78,5.78,5.67,5.76,5.96,6.05,5.77,6.05,True,False,False
2020-05-18,1589760000,5.876,5.876,5.876,5.876,400,5.785,0.09,0.02,5.785,5.785,5.876,0.0,0.0,-1,5.8,5.79,5.68,5.75,5.95,6.04,5.76,6.05,True,False,False
2020-05-19,1589846400,5.876,5.876,5.876,5.876,0,5.785,0.09,0.02,5.785,5.876,5.876,0.0,0.0,-1,5.82,5.8,5.69,5.74,5.95,6.04,5.75,6.04,True,False,False
2020-05-20,1589932800,5.876,5.876,5.876,5.876,100,5.785,0.09,0.02,5.876,5.876,5.677,-0.2,-0.03,-1,5.84,5.81,5.71,5.74,5.95,6.03,5.74,6.04,True,False,False
2020-05-21,1590019200,5.062,5.876,5.062,5.677,500,5.876,-0.2,-0.03,5.876,5.876,5.695,0.02,0.0,1,5.82,5.8,5.72,5.73,5.94,6.03,5.74,6.03,True,False,False
2020-05-22,1590105600,5.695,5.695,5.695,5.695,0,5.876,-0.18,-0.03,5.876,5.677,5.695,0.0,0.0,-1,5.8,5.79,5.73,5.71,5.94,6.03,5.73,6.03,True,False,False
2020-05-25,1590364800,5.695,5.695,5.695,5.695,0,5.876,-0.18,-0.03,5.677,5.695,5.695,0.0,0.0,-1,5.76,5.78,5.74,5.69,5.94,6.02,5.71,6.03,True,False,False
2020-05-26,1590451200,5.695,5.695,5.695,5.695,0,5.677,0.02,0.0,5.695,5.695,5.695,0.0,0.0,-1,5.73,5.77,5.75,5.69,5.93,6.02,5.69,6.02,True,False,False
2020-05-27,1590537600,5.695,5.695,5.695,5.695,0,5.695,0.0,0.0,5.695,5.695,5.695,0.0,0.0,-1,5.69,5.77,5.76,5.7,5.93,6.02,5.69,6.02,True,False,False
2020-05-28,1590624000,5.695,5.695,5.695,5.695,0,5.695,0.0,0.0,5.695,5.695,5.695,0.0,0.0,-1,5.7,5.76,5.76,5.7,5.92,6.02,5.7,6.02,True,False,False
2020-05-29,1590710400,5.695,5.695,5.695,5.695,0,5.695,0.0,0.0,5.695,5.695,5.876,0.18,0.03,1,5.7,5.75,5.76,5.7,5.92,6.01,5.7,6.02,True,False,False
2020-06-01,1590969600,5.876,5.876,5.876,5.876,300,5.695,0.18,0.03,5.695,5.695,5.966,0.09,0.02,1,5.73,5.75,5.77,5.71,5.92,6.01,5.7,6.01,True,False,False
2020-06-02,1591056000,5.966,5.966,5.966,5.966,100,5.695,0.27,0.05,5.695,5.876,5.966,0.0,0.0,-1,5.79,5.76,5.78,5.72,5.91,6.01,5.71,6.01,True,False,False
2020-06-03,1591142400,5.966,5.966,5.966,5.966,0,5.695,0.27,0.05,5.876,5.966,5.785,-0.18,-0.03,-1,5.84,5.77,5.79,5.73,5.91,6.01,5.72,6.01,True,False,False
2020-06-04,1591228800,5.785,5.785,5.785,5.785,800,5.876,-0.09,-0.02,5.966,5.966,5.839,0.05,0.01,1,5.86,5.78,5.79,5.73,5.91,6.01,5.73,6.01,True,False,False
2020-06-05,1591315200,5.785,6.056,5.785,5.839,1000,5.966,-0.13,-0.02,5.966,5.785,5.966,0.13,0.02,1,5.89,5.79,5.79,5.73,5.9,6.0,5.73,6.01,True,False,False
2020-06-08,1591574400,5.966,5.966,5.966,5.966,100,5.966,0.0,0.0,5.785,5.839,5.966,0.0,0.0,-1,5.9,5.82,5.8,5.73,5.9,6.0,5.73,6.0,True,False,False
2020-06-09,1591660800,5.966,5.966,5.966,5.966,0,5.785,0.18,0.03,5.839,5.966,5.966,0.0,0.0,-1,5.9,5.84,5.81,5.74,5.89,6.0,5.73,6.0,True,False,False
2020-06-10,1591747200,5.966,5.966,5.966,5.966,1200,5.839,0.13,0.02,5.966,5.966,5.876,-0.09,-0.02,-1,5.9,5.87,5.82,5.74,5.89,6.0,5.74,6.0,True,False,False
2020-06-11,1591833600,5.876,5.876,5.876,5.876,200,5.966,-0.09,-0.02,5.966,5.966,5.876,0.0,0.0,-1,5.92,5.89,5.82,5.74,5.89,6.0,5.74,6.0,True,False,False
2020-06-12,1591920000,5.876,5.876,5.876,5.876,2400,5.966,-0.09,-0.02,5.966,5.876,5.904,0.03,0.01,1,5.93,5.91,5.83,5.74,5.88,5.99,5.74,6.0,True,False,False
2020-06-15,1592179200,5.966,5.966,5.876,5.904,3200,5.966,-0.06,-0.01,5.876,5.876,5.904,0.0,0.0,-1,5.92,5.91,5.83,5.74,5.88,5.99,5.74,5.99,True,False,False
2020-06-16,1592265600,5.966,5.966,5.876,5.904,4100,5.876,0.03,0.01,5.876,5.904,5.876,-0.03,-0.01,-1,5.91,5.9,5.83,5.74,5.88,5.99,5.74,5.99,True,False,False
2020-06-17,1592352000,5.876,5.966,5.876,5.876,16000,5.876,0.0,0.0,5.904,5.904,5.876,0.0,0.0,-1,5.89,5.9,5.83,5.74,5.88,5.99,5.74,5.99,True,False,False
2020-06-18,1592438400,5.876,5.876,5.876,5.876,200,5.904,-0.03,-0.01,5.904,5.876,6.147,0.27,0.05,1,5.89,5.9,5.84,5.74,5.87,5.99,5.74,5.99,True,False,False
2020-06-19,1592524800,6.147,6.147,6.147,6.147,1000,5.904,0.24,0.04,5.876,5.876,5.876,-0.27,-0.04,-1,5.94,5.94,5.86,5.75,5.87,5.99,5.74,5.99,True,False,False
2020-06-22,1592784000,5.876,5.876,5.876,5.876,300,5.876,0.0,0.0,5.876,6.147,5.876,0.0,0.0,-1,5.94,5.93,5.87,5.76,5.87,5.99,5.75,5.99,True,False,False
2020-06-23,1592870400,5.876,5.876,5.876,5.876,0,5.876,0.0,0.0,6.147,5.876,5.876,0.0,0.0,-1,5.93,5.92,5.88,5.77,5.87,5.99,5.76,5.99,True,False,False
2020-06-24,1592956800,5.876,5.876,5.876,5.876,0,6.147,-0.27,-0.04,5.876,5.876,5.876,0.0,0.0,-1,5.93,5.91,5.89,5.77,5.87,5.99,5.77,5.99,True,False,False
2020-06-25,1593043200,5.876,5.876,5.876,5.876,800,5.876,0.0,0.0,5.876,5.876,5.876,0.0,0.0,-1,5.93,5.91,5.9,5.78,5.87,5.98,5.77,5.99,True,False,False
2020-06-26,1593129600,5.876,5.876,5.876,5.876,0,5.876,0.0,0.0,5.876,5.876,6.314,0.44,0.07,1,5.88,5.91,5.91,5.78,5.86,5.98,5.78,5.98,True,False,False
2020-06-29,1593388800,6.237,6.328,6.237,6.314,2700,5.876,0.44,0.07,5.876,5.876,6.147,-0.17,-0.03,-1,5.96,5.95,5.93,5.79,5.87,5.98,5.78,5.98,True,False,False
2020-06-30,1593475200,6.147,6.147,6.147,6.147,400,5.876,0.27,0.05,5.876,6.314,6.147,0.0,0.0,-1,6.02,5.97,5.94,5.8,5.87,5.98,5.79,5.98,True,False,False
2020-07-01,1593561600,6.147,6.147,6.147,6.147,2600,5.876,0.27,0.05,6.314,6.147,6.147,0.0,0.0,-1,6.07,6.0,5.95,5.82,5.87,5.98,5.8,5.98,True,False,False
2020-07-02,1593648000,6.147,6.147,6.147,6.147,5700,6.314,-0.17,-0.03,6.147,6.147,6.147,0.0,0.0,-1,6.13,6.03,5.97,5.83,5.87,5.98,5.82,5.98,True,False,False
2020-07-03,1593734400,6.147,6.147,6.147,6.147,9700,6.147,0.0,0.0,6.147,6.147,6.147,0.0,0.0,-1,6.18,6.03,5.98,5.84,5.87,5.98,5.83,5.98,True,False,False
2020-07-06,1593993600,6.147,6.147,6.147,6.147,0,6.147,0.0,0.0,6.147,6.147,6.147,0.0,0.0,-1,6.15,6.06,5.99,5.86,5.87,5.98,5.84,5.98,True,False,False
2020-07-07,1594080000,6.147,6.147,6.147,6.147,0,6.147,0.0,0.0,6.147,6.147,6.147,0.0,0.0,-1,6.15,6.08,6.0,5.87,5.87,5.98,5.86,5.98,True,False,False
2020-07-08,1594166400,6.147,6.147,6.147,6.147,0,6.147,0.0,0.0,6.147,6.147,6.147,0.0,0.0,-1,6.15,6.11,6.01,5.88,5.87,5.98,5.87,5.98,True,False,False
2020-07-09,1594252800,6.147,6.147,6.147,6.147,0,6.147,0.0,0.0,6.147,6.147,6.147,0.0,0.0,-1,6.15,6.14,6.02,5.89,5.87,5.98,5.88,5.98,True,False,False
2020-07-10,1594339200,6.147,6.147,6.147,6.147,0,6.147,0.0,0.0,6.147,6.147,6.328,0.18,0.03,1,6.15,6.16,6.04,5.9,5.87,5.98,5.89,5.98,True,False,False
2020-07-13,1594598400,6.328,6.328,6.328,6.328,400,6.147,0.18,0.03,6.147,6.147,6.328,0.0,0.0,-1,6.18,6.17,6.06,5.91,5.87,5.98,5.9,5.98,True,False,False
2020-07-14,1594684800,6.328,6.328,6.328,6.328,0,6.147,0.18,0.03,6.147,6.328,6.328,0.0,0.0,-1,6.22,6.18,6.08,5.92,5.87,5.98,5.91,5.98,True,False,False
2020-07-15,1594771200,6.328,6.328,6.328,6.328,500,6.147,0.18,0.03,6.328,6.328,6.328,0.0,0.0,-1,6.26,6.2,6.1,5.93,5.88,5.98,5.92,5.98,True,False,False
2020-07-16,1594857600,6.328,6.328,6.328,6.328,1600,6.328,0.0,0.0,6.328,6.328,6.312,-0.02,-0.0,-1,6.29,6.22,6.12,5.95,5.88,5.99,5.93,5.98,True,False,False
2020-07-17,1594944000,6.237,6.328,6.237,6.312,7200,6.328,-0.02,-0.0,6.328,6.328,6.328,0.02,0.0,1,6.32,6.24,6.13,5.96,5.88,5.99,5.95,5.99,True,False,False
2020-07-20,1595203200,6.328,6.328,6.328,6.328,0,6.328,0.0,0.0,6.328,6.312,6.328,0.0,0.0,-1,6.32,6.25,6.15,5.97,5.88,5.99,5.96,5.99,True,False,False
2020-07-21,1595289600,6.328,6.328,6.328,6.328,6500,6.328,0.0,0.0,6.312,6.328,6.328,0.0,0.0,-1,6.32,6.27,6.18,5.98,5.88,5.99,5.97,5.99,True,False,False
2020-07-22,1595376000,6.328,6.328,6.328,6.328,5200,6.312,0.02,0.0,6.328,6.328,6.328,0.0,0.0,-1,6.32,6.29,6.2,5.99,5.88,5.99,5.98,5.99,True,True,True
2020-07-23,1595462400,6.328,6.328,6.328,6.328,0,6.328,0.0,0.0,6.328,6.328,6.328,0.0,0.0,-1,6.32,6.31,6.22,6.0,5.88,5.99,5.99,5.99,True,True,True
2020-07-24,1595548800,6.328,6.328,6.328,6.328,0,6.328,0.0,0.0,6.328,6.328,6.328,0.0,0.0,-1,6.33,6.33,6.25,6.01,5.88,6.0,6.0,5.99,False,True,False
2020-07-27,1595808000,6.328,6.328,6.328,6.328,100,6.328,0.0,0.0,6.328,6.328,6.328,0.0,0.0,-1,6.33,6.33,6.25,6.02,5.88,6.0,6.01,6.0,False,True,False
2020-07-28,1595894400,6.328,6.328,6.328,6.328,5100,6.328,0.0,0.0,6.328,6.328,6.256,-0.07,-0.01,-1,6.33,6.33,6.25,6.03,5.89,6.0,6.02,6.0,False,True,False
2020-07-29,1595980800,6.328,6.328,6.237,6.256,2800,6.328,-0.07,-0.01,6.328,6.328,6.328,0.07,0.01,1,6.31,6.32,6.26,6.04,5.89,6.0,6.03,6.0,False,True,False
2020-07-30,1596067200,6.328,6.328,6.328,6.328,2200,6.328,0.0,0.0,6.328,6.256,6.328,0.0,0.0,-1,6.31,6.32,6.27,6.05,5.89,6.0,6.04,6.0,False,True,False
2020-07-31,1596153600,6.328,6.328,6.328,6.328,1000,6.328,0.0,0.0,6.256,6.328,6.328,0.0,0.0,-1,6.31,6.32,6.28,6.06,5.89,6.0,6.05,6.0,False,True,False
2020-08-03,1596412800,6.328,6.328,6.328,6.328,3600,6.256,0.07,0.01,6.328,6.328,6.418,0.09,0.01,1,6.31,6.32,6.29,6.07,5.88,6.01,6.06,6.0,False,True,False
2020-08-04,1596499200,6.418,6.418,6.418,6.418,2000,6.328,0.09,0.01,6.328,6.328,6.418,0.0,0.0,-1,6.33,6.33,6.3,6.09,5.89,6.01,6.07,6.01,False,True,False
2020-08-05,1596585600,6.418,6.418,6.418,6.418,5600,6.328,0.09,0.01,6.328,6.418,6.328,-0.09,-0.01,-1,6.36,6.34,6.31,6.1,5.9,6.01,6.09,6.01,False,True,False
2020-08-06,1596672000,6.328,6.328,6.328,6.328,5000,6.328,0.0,0.0,6.418,6.418,6.328,0.0,0.0,-1,6.36,6.34,6.32,6.12,5.91,6.01,6.1,6.01,False,True,False
2020-08-07,1596758400,6.328,6.328,6.328,6.328,6500,6.418,-0.09,-0.01,6.418,6.328,6.421,0.09,0.01,1,6.36,6.34,6.33,6.13,5.92,6.01,6.12,6.01,False,True,False
2020-08-10,1597017600,6.418,6.508,6.418,6.421,3200,6.418,0.0,0.0,6.328,6.328,6.333,-0.09,-0.01,-1,6.38,6.35,6.34,6.14,5.92,6.01,6.13,6.01,False,True,False
2020-08-11,1597104000,6.508,6.508,6.328,6.333,3100,6.328,0.0,0.0,6.328,6.421,6.328,-0.0,-0.0,-1,6.37,6.35,6.34,6.15,5.93,6.01,6.14,6.01,False,True,False
2020-08-12,1597190400,6.328,6.328,6.328,6.328,2000,6.328,0.0,0.0,6.421,6.333,6.418,0.09,0.01,1,6.35,6.36,6.34,6.15,5.94,6.02,6.15,6.01,False,True,False
2020-08-13,1597276800,6.418,6.418,6.418,6.418,1200,6.421,-0.0,-0.0,6.333,6.328,6.418,0.0,0.0,-1,6.37,6.36,6.34,6.17,5.95,6.02,6.15,6.02,False,True,False
2020-08-14,1597363200,6.418,6.418,6.418,6.418,100,6.333,0.08,0.01,6.328,6.418,6.418,0.0,0.0,-1,6.38,6.37,6.35,6.18,5.96,6.01,6.17,6.02,False,True,False
2020-08-17,1597622400,6.418,6.418,6.418,6.418,0,6.328,0.09,0.01,6.418,6.418,6.418,0.0,0.0,-1,6.38,6.38,6.35,6.19,5.96,6.01,6.18,6.01,False,True,False
2020-08-18,1597708800,6.418,6.418,6.418,6.418,800,6.418,0.0,0.0,6.418,6.418,6.418,0.0,0.0,-1,6.4,6.38,6.36,6.2,5.97,6.01,6.19,6.01,False,True,False
2020-08-19,1597795200,6.418,6.418,6.418,6.418,3000,6.418,0.0,0.0,6.418,6.418,6.418,0.0,0.0,-1,6.42,6.38,6.36,6.21,5.97,6.01,6.2,6.01,False,True,False
2020-08-20,1597881600,6.418,6.418,6.418,6.418,0,6.418,0.0,0.0,6.418,6.418,6.418,0.0,0.0,-1,6.42,6.39,6.37,6.22,5.98,6.01,6.21,6.01,False,True,False
2020-08-21,1597968000,6.418,6.418,6.418,6.418,200,6.418,0.0,0.0,6.418,6.418,6.384,-0.03,-0.0,-1,6.42,6.4,6.37,6.23,5.98,6.01,6.22,6.01,False,True,False
2020-08-24,1598227200,6.418,6.418,5.966,6.384,5400,6.418,-0.03,-0.0,6.418,6.418,6.418,0.03,0.0,1,6.41,6.4,6.37,6.24,5.99,6.01,6.23,6.01,False,True,False
2020-08-25,1598313600,6.418,6.418,6.418,6.418,0,6.418,0.0,0.0,6.418,6.384,6.418,0.0,0.0,-1,6.41,6.41,6.38,6.25,5.99,6.01,6.24,6.01,False,True,False
2020-08-26,1598400000,6.418,6.418,6.418,6.418,0,6.418,0.0,0.0,6.384,6.418,6.418,0.0,0.0,-1,6.41,6.41,6.39,6.26,6.0,6.01,6.25,6.01,False,True,False
2020-08-27,1598486400,6.418,6.418,6.418,6.418,1200,6.384,0.03,0.0,6.418,6.418,6.418,0.0,0.0,-1,6.41,6.41,6.39,6.27,6.0,6.02,6.26,6.01,False,True,False
2020-08-28,1598572800,6.418,6.418,6.418,6.418,0,6.418,0.0,0.0,6.418,6.418,6.508,0.09,0.01,1,6.41,6.41,6.39,6.27,6.01,6.02,6.27,6.02,False,True,False
2020-08-31,1598832000,6.508,6.508,6.508,6.508,300,6.418,0.09,0.01,6.418,6.418,6.543,0.04,0.01,1,6.44,6.42,6.4,6.29,6.02,6.02,6.27,6.02,False,True,False
2020-09-01,1598918400,6.508,6.78,6.508,6.543,800,6.418,0.12,0.02,6.418,6.508,6.508,-0.04,-0.01,-1,6.46,6.44,6.41,6.3,6.03,6.03,6.29,6.02,False,True,False
2020-09-03,1599091200,6.508,6.508,6.508,6.508,100,6.418,0.09,0.01,6.508,6.543,6.418,-0.09,-0.01,-1,6.48,6.45,6.41,6.31,6.04,6.03,6.3,6.03,False,True,False
2020-09-04,1599177600,6.418,6.418,6.418,6.418,400,6.508,-0.09,-0.01,6.543,6.508,6.418,0.0,0.0,-1,6.48,6.45,6.42,6.32,6.05,6.03,6.31,6.03,False,True,False
2020-09-07,1599436800,6.418,6.418,6.418,6.418,0,6.543,-0.12,-0.02,6.508,6.418,6.418,0.0,0.0,-1,6.48,6.45,6.42,6.33,6.06,6.04,6.32,6.03,False,True,False
2020-09-08,1599523200,6.418,6.418,6.418,6.418,0,6.508,-0.09,-0.01,6.418,6.418,6.328,-0.09,-0.01,-1,6.46,6.45,6.42,6.34,6.06,6.04,6.33,6.04,False,True,False
2020-09-09,1599609600,6.328,6.328,6.328,6.328,3000,6.418,-0.09,-0.01,6.418,6.418,5.949,-0.38,-0.06,-1,6.42,6.44,6.42,6.34,6.07,6.04,6.34,6.04,False,True,False
2020-09-10,1599696000,6.328,6.508,5.695,5.949,14000,6.418,-0.47,-0.07,6.418,6.328,6.554,0.61,0.1,1,6.31,6.39,6.4,6.34,6.08,6.04,6.34,6.04,False,True,False
2020-09-11,1599782400,6.418,6.689,6.418,6.554,200,6.418,0.14,0.02,6.328,5.949,6.393,-0.16,-0.02,-1,6.33,6.41,6.41,6.34,6.09,6.04,6.34,6.04,False,True,False
2020-09-14,1600041600,6.78,6.78,6.328,6.393,1100,6.328,0.06,0.01,5.949,6.554,6.328,-0.06,-0.01,-1,6.33,6.4,6.41,6.35,6.1,6.05,6.34,6.04,False,True,False
2020-09-15,1600128000,6.328,6.328,6.328,6.328,8400,5.949,0.38,0.06,6.554,6.393,6.689,0.36,0.06,1,6.31,6.39,6.4,6.35,6.1,6.05,6.35,6.05,False,True,False
2020-09-16,1600214400,6.689,6.689,6.689,6.689,200,6.554,0.13,0.02,6.393,6.328,6.599,-0.09,-0.01,-1,6.38,6.4,6.42,6.36,6.12,6.05,6.35,6.05,False,True,False
2020-09-17,1600300800,6.599,6.599,6.599,6.599,400,6.393,0.21,0.03,6.328,6.689,6.328,-0.27,-0.04,-1,6.51,6.41,6.43,6.37,6.13,6.05,6.36,6.05,False,True,False
2020-09-18,1600387200,6.328,6.328,6.328,6.328,6000,6.328,0.0,0.0,6.689,6.599,6.328,0.0,0.0,-1,6.47,6.4,6.42,6.38,6.13,6.06,6.37,6.05,False,True,False
2020-09-21,1600646400,6.328,6.328,6.328,6.328,0,6.689,-0.36,-0.05,6.599,6.328,6.328,0.0,0.0,-1,6.45,6.39,6.42,6.38,6.14,6.06,6.38,6.06,False,True,False
2020-09-22,1600732800,6.328,6.328,6.328,6.328,0,6.599,-0.27,-0.04,6.328,6.328,6.328,0.0,0.0,-1,6.45,6.38,6.42,6.38,6.15,6.06,6.38,6.06,False,True,False
2020-09-23,1600819200,6.328,6.328,6.328,6.328,0,6.328,0.0,0.0,6.328,6.328,6.328,0.0,0.0,-1,6.38,6.38,6.41,6.38,6.15,6.06,6.38,6.06,False,True,False
2020-09-24,1600905600,6.328,6.328,6.328,6.328,0,6.328,0.0,0.0,6.328,6.328,6.328,0.0,0.0,-1,6.33,6.42,6.41,6.38,6.16,6.07,6.38,6.06,False,True,False
2020-09-25,1600992000,6.328,6.328,6.328,6.328,700,6.328,0.0,0.0,6.328,6.328,6.328,0.0,0.0,-1,6.33,6.4,6.4,6.38,6.16,6.07,6.38,6.07,False,True,False
2020-09-28,1601251200,6.328,6.328,6.328,6.328,0,6.328,0.0,0.0,6.328,6.328,6.418,0.09,0.01,1,6.33,6.39,6.4,6.38,6.17,6.07,6.38,6.07,False,True,False
2020-09-29,1601337600,6.418,6.418,6.418,6.418,100,6.328,0.09,0.01,6.328,6.328,6.418,0.0,0.0,-1,6.35,6.4,6.39,6.38,6.18,6.07,6.38,6.07,False,True,False
2020-09-30,1601424000,6.418,6.418,6.418,6.418,600,6.328,0.09,0.01,6.328,6.418,6.418,0.0,0.0,-1,6.36,6.37,6.39,6.38,6.18,6.07,6.38,6.07,False,True,False
2020-10-01,1601510400,6.418,6.418,6.418,6.418,0,6.328,0.09,0.01,6.418,6.418,6.418,0.0,0.0,-1,6.38,6.36,6.38,6.39,6.19,6.07,6.38,6.07,False,True,False
2020-10-02,1601596800,6.418,6.418,6.418,6.418,0,6.418,0.0,0.0,6.418,6.418,6.689,0.27,0.04,1,6.4,6.36,6.38,6.39,6.19,6.08,6.39,6.07,False,True,False
2020-10-05,1601856000,6.689,6.689,6.689,6.689,100,6.418,0.27,0.04,6.418,6.418,6.689,0.0,0.0,-1,6.47,6.4,6.4,6.4,6.2,6.08,6.39,6.08,False,True,False
2020-10-06,1601942400,6.689,6.689,6.689,6.689,0,6.418,0.27,0.04,6.418,6.689,6.78,0.09,0.01,1,6.53,6.44,6.41,6.4,6.21,6.08,6.4,6.08,False,True,False
2020-10-07,1602028800,6.78,6.78,6.78,6.78,100,6.418,0.36,0.06,6.689,6.689,6.599,-0.18,-0.03,-1,6.6,6.48,6.43,6.41,6.22,6.09,6.4,6.08,False,True,False
2020-10-08,1602115200,6.418,6.78,6.418,6.599,200,6.689,-0.09,-0.01,6.689,6.78,6.345,-0.25,-0.04,-1,6.64,6.51,6.46,6.42,6.23,6.09,6.41,6.09,False,True,False
2020-10-09,1602201600,6.328,6.689,6.328,6.345,2100,6.689,-0.34,-0.05,6.78,6.599,6.508,0.16,0.03,1,6.62,6.51,6.45,6.42,6.23,6.09,6.42,6.09,False,True,False
2020-10-12,1602460800,6.508,6.508,6.508,6.508,1600,6.78,-0.27,-0.04,6.599,6.345,6.508,0.0,0.0,-1,6.58,6.53,6.46,6.42,6.24,6.09,6.42,6.09,False,True,False
2020-10-13,1602547200,6.508,6.508,6.508,6.508,0,6.599,-0.09,-0.01,6.345,6.508,6.75,0.24,0.04,1,6.55,6.54,6.47,6.43,6.25,6.09,6.42,6.09,False,True,False
2020-10-14,1602633600,6.689,6.78,6.689,6.75,4200,6.345,0.41,0.06,6.508,6.508,6.78,0.03,0.0,1,6.54,6.57,6.47,6.43,6.26,6.1,6.43,6.09,False,True,False
2020-10-15,1602720000,6.78,6.78,6.78,6.78,0,6.508,0.27,0.04,6.508,6.75,6.78,0.0,0.0,-1,6.58,6.61,6.48,6.44,6.27,6.1,6.43,6.1,False,True,False
2020-10-16,1602806400,6.78,6.78,6.78,6.78,0,6.508,0.27,0.04,6.75,6.78,6.78,0.0,0.0,-1,6.67,6.64,6.5,6.45,6.28,6.1,6.44,6.1,False,True,False
2020-10-19,1603065600,6.78,6.78,6.78,6.78,0,6.75,0.03,0.0,6.78,6.78,6.78,0.0,0.0,-1,6.72,6.65,6.53,6.46,6.29,6.11,6.45,6.1,False,True,False
2020-10-20,1603152000,6.78,6.78,6.78,6.78,0,6.78,0.0,0.0,6.78,6.78,6.78,0.0,0.0,-1,6.77,6.66,6.55,6.47,6.3,6.11,6.46,6.11,False,True,False
2020-10-21,1603238400,6.78,6.78,6.78,6.78,0,6.78,0.0,0.0,6.78,6.78,6.78,0.0,0.0,-1,6.78,6.66,6.57,6.47,6.31,6.11,6.47,6.11,False,True,False
2020-10-22,1603324800,6.78,6.78,6.78,6.78,0,6.78,0.0,0.0,6.78,6.78,6.78,0.0,0.0,-1,6.78,6.68,6.59,6.48,6.32,6.11,6.47,6.11,False,True,False
2020-10-23,1603411200,6.78,6.78,6.78,6.78,0,6.78,0.0,0.0,6.78,6.78,6.78,0.0,0.0,-1,6.78,6.72,6.62,6.49,6.33,6.12,6.48,6.11,False,True,False
2020-10-26,1603670400,6.78,6.78,6.78,6.78,0,6.78,0.0,0.0,6.78,6.78,6.769,-0.01,-0.0,-1,6.78,6.75,6.64,6.5,6.34,6.12,6.49,6.12,False,True,False
2020-10-27,1603756800,6.689,6.78,6.689,6.769,6500,6.78,-0.01,-0.0,6.78,6.78,6.78,0.01,0.0,1,6.78,6.78,6.66,6.5,6.35,6.12,6.5,6.12,False,True,False
2020-10-28,1603843200,6.78,6.78,6.78,6.78,0,6.78,0.0,0.0,6.78,6.769,6.78,0.0,0.0,-1,6.78,6.78,6.67,6.51,6.35,6.12,6.5,6.12,False,True,False
2020-10-29,1603929600,6.78,6.78,6.78,6.78,0,6.78,0.0,0.0,6.769,6.78,6.734,-0.05,-0.01,-1,6.78,6.78,6.69,6.52,6.36,6.13,6.51,6.12,False,True,False
2020-10-30,1604016000,6.78,6.78,6.508,6.734,41500,6.769,-0.04,-0.01,6.78,6.78,6.78,0.05,0.01,1,6.77,6.77,6.71,6.53,6.37,6.13,6.52,6.13,False,True,False
2020-11-02,1604275200,6.78,6.78,6.78,6.78,43100,6.78,0.0,0.0,6.78,6.734,6.78,0.0,0.0,-1,6.77,6.77,6.71,6.53,6.38,6.13,6.53,6.13,False,True,False
2020-11-03,1604361600,6.78,6.78,6.78,6.78,0,6.78,0.0,0.0,6.734,6.78,6.78,0.0,0.0,-1,6.77,6.77,6.72,6.54,6.39,6.14,6.53,6.13,False,True,False
2020-11-04,1604448000,6.78,6.78,6.78,6.78,0,6.734,0.05,0.01,6.78,6.78,6.728,-0.05,-0.01,-1,6.77,6.77,6.72,6.55,6.4,6.14,6.54,6.14,False,True,False
2020-11-05,1604534400,6.599,6.78,6.599,6.728,700,6.78,-0.05,-0.01,6.78,6.78,6.689,-0.04,-0.01,-1,6.76,6.77,6.72,6.55,6.41,6.14,6.55,6.14,False,True,False
2020-11-06,1604620800,6.689,6.689,6.689,6.689,0,6.78,-0.09,-0.01,6.78,6.728,6.689,0.0,0.0,-1,6.75,6.76,6.74,6.56,6.41,6.14,6.55,6.14,False,True,False
2020-11-09,1604880000,6.689,6.689,6.689,6.689,0,6.78,-0.09,-0.01,6.728,6.689,7.684,1.0,0.15,1,6.73,6.75,6.75,6.56,6.42,6.15,6.56,6.14,False,True,False
2020-11-10,1604966400,7.684,7.684,7.684,7.684,100,6.728,0.96,0.14,6.689,6.689,7.684,0.0,0.0,-1,6.91,6.84,6.81,6.59,6.44,6.15,6.56,6.15,False,True,False
2020-11-11,1605052800,7.684,7.684,7.684,7.684,0,6.689,1.0,0.15,6.689,7.684,6.825,-0.86,-0.11,-1,7.09,6.93,6.86,6.61,6.46,6.16,6.59,6.15,False,True,False
2020-11-12,1605139200,6.87,6.87,6.78,6.825,4000,6.689,0.14,0.02,7.684,7.684,6.87,0.04,0.01,1,7.11,6.94,6.86,6.62,6.47,6.17,6.61,6.16,False,True,False
2020-11-13,1605225600,6.87,6.87,6.87,6.87,0,7.684,-0.81,-0.11,7.684,6.825,6.78,-0.09,-0.01,-1,7.15,6.95,6.86,6.63,6.48,6.17,6.62,6.17,False,True,False
2020-11-16,1605484800,6.78,6.78,6.78,6.78,2000,7.684,-0.9,-0.12,6.825,6.87,6.78,0.0,0.0,-1,7.17,6.95,6.86,6.63,6.48,6.17,6.63,6.17,False,True,False
2020-11-17,1605571200,6.78,6.78,6.78,6.78,1000,6.825,-0.04,-0.01,6.87,6.78,6.78,0.0,0.0,-1,6.99,6.95,6.86,6.64,6.49,6.18,6.63,6.17,False,True,False
2020-11-18,1605657600,6.78,6.78,6.78,6.78,11000,6.87,-0.09,-0.01,6.78,6.78,6.78,0.0,0.0,-1,6.81,6.95,6.86,6.65,6.5,6.18,6.64,6.18,False,True,False
2020-11-19,1605744000,6.78,6.78,6.78,6.78,0,6.78,0.0,0.0,6.78,6.78,6.75,-0.03,-0.0,-1,6.8,6.96,6.86,6.67,6.5,6.18,6.65,6.18,False,True,False
2020-11-20,1605830400,6.689,6.87,6.689,6.75,300,6.78,-0.03,-0.0,6.78,6.78,6.96,0.21,0.03,1,6.77,6.96,6.86,6.67,6.51,6.19,6.67,6.18,False,True,False
2020-11-23,1606089600,6.96,6.96,6.96,6.96,1000,6.78,0.18,0.03,6.78,6.75,6.96,0.0,0.0,-1,6.81,6.99,6.87,6.68,6.52,6.19,6.67,6.19,False,True,False
2020-11-24,1606176000,6.96,6.96,6.96,6.96,0,6.78,0.18,0.03,6.75,6.96,7.051,0.09,0.01,1,6.85,6.92,6.88,6.69,6.52,6.2,6.68,6.19,False,True,False
2020-11-25,1606262400,7.051,7.051,7.051,7.051,500,6.75,0.3,0.04,6.96,6.96,7.051,0.0,0.0,-1,6.9,6.85,6.89,6.7,6.53,6.2,6.69,6.2,False,True,False
2020-11-26,1606348800,7.051,7.051,7.051,7.051,0,6.96,0.09,0.01,6.96,7.051,6.689,-0.36,-0.05,-1,6.95,6.88,6.91,6.71,6.54,6.21,6.7,6.2,False,True,False
2020-11-27,1606435200,6.689,6.689,6.689,6.689,100,6.96,-0.27,-0.04,7.051,7.051,6.87,0.18,0.03,1,6.94,6.86,6.9,6.72,6.55,6.21,6.71,6.21,False,True,False
2020-11-30,1606694400,6.87,6.87,6.87,6.87,500,7.051,-0.18,-0.03,7.051,6.689,6.87,0.0,0.0,-1,6.92,6.87,6.91,6.73,6.55,6.21,6.72,6.21,False,True,False
2020-12-01,1606780800,6.87,6.87,6.87,6.87,3000,7.051,-0.18,-0.03,6.689,6.87,6.87,0.0,0.0,-1,6.91,6.88,6.91,6.74,6.56,6.22,6.73,6.21,False,True,False
2020-12-02,1606867200,6.87,6.87,6.87,6.87,2200,6.689,0.18,0.03,6.87,6.87,6.87,0.0,0.0,-1,6.87,6.89,6.92,6.75,6.57,6.22,6.74,6.22,False,True,False
2020-12-03,1606953600,6.87,6.87,6.87,6.87,0,6.87,0.0,0.0,6.87,6.87,6.87,0.0,0.0,-1,6.83,6.89,6.93,6.76,6.57,6.22,6.75,6.22,False,True,False
2020-12-04,1607040000,6.87,6.87,6.87,6.87,2000,6.87,0.0,0.0,6.87,6.87,6.87,0.0,0.0,-1,6.87,6.91,6.93,6.77,6.58,6.23,6.76,6.22,False,True,False
2020-12-07,1607299200,6.87,6.87,6.87,6.87,5700,6.87,0.0,0.0,6.87,6.87,6.87,0.0,0.0,-1,6.87,6.9,6.94,6.78,6.58,6.23,6.77,6.23,False,True,False
2020-12-08,1607385600,6.87,6.87,6.87,6.87,0,6.87,0.0,0.0,6.87,6.87,6.689,-0.18,-0.03,-1,6.87,6.89,6.9,6.79,6.59,6.24,6.78,6.23,False,True,False
2020-12-09,1607472000,6.689,6.689,6.689,6.689,500,6.87,-0.18,-0.03,6.87,6.87,6.632,-0.06,-0.01,-1,6.83,6.85,6.85,6.8,6.59,6.24,6.79,6.24,False,True,False
2020-12-10,1607558400,6.689,6.78,6.328,6.632,10200,6.87,-0.24,-0.03,6.87,6.689,6.599,-0.03,-0.0,-1,6.79,6.81,6.84,6.8,6.59,6.24,6.8,6.24,False,True,False
2020-12-11,1607644800,6.599,6.599,6.599,6.599,0,6.87,-0.27,-0.04,6.689,6.632,6.689,0.09,0.01,1,6.73,6.8,6.83,6.81,6.6,6.24,6.8,6.24,False,True,False
2020-12-14,1607904000,6.689,6.689,6.689,6.689,1000,6.689,0.0,0.0,6.632,6.599,6.706,0.02,0.0,1,6.7,6.78,6.82,6.81,6.6,6.24,6.81,6.24,False,True,False
2020-12-15,1607990400,6.78,6.78,6.689,6.706,2100,6.632,0.07,0.01,6.599,6.689,6.689,-0.02,-0.0,-1,6.66,6.77,6.82,6.81,6.6,6.24,6.81,6.24,False,True,False
2020-12-16,1608076800,6.689,6.689,6.689,6.689,0,6.599,0.09,0.01,6.689,6.706,6.689,0.0,0.0,-1,6.66,6.75,6.82,6.8,6.61,6.25,6.81,6.24,False,True,False
2020-12-17,1608163200,6.689,6.689,6.689,6.689,0,6.689,0.0,0.0,6.706,6.689,6.689,0.0,0.0,-1,6.67,6.73,6.81,6.81,6.61,6.25,6.8,6.25,False,True,False
2020-12-18,1608249600,6.689,6.689,6.689,6.689,0,6.706,-0.02,-0.0,6.689,6.689,6.84,0.15,0.02,1,6.69,6.71,6.81,6.81,6.62,6.25,6.81,6.25,False,True,False
2020-12-21,1608508800,6.78,6.87,6.78,6.84,300,6.689,0.15,0.02,6.689,6.689,6.87,0.03,0.0,1,6.72,6.71,6.8,6.82,6.62,6.25,6.81,6.25,False,True,False
2020-12-22,1608595200,6.87,6.87,6.87,6.87,0,6.689,0.18,0.03,6.689,6.84,6.87,0.0,0.0,-1,6.76,6.71,6.8,6.83,6.63,6.25,6.82,6.25,False,True,False
2020-12-23,1608681600,6.87,6.87,6.87,6.87,0,6.689,0.18,0.03,6.84,6.87,6.689,-0.18,-0.03,-1,6.79,6.73,6.79,6.83,6.63,6.26,6.83,6.25,False,True,False
2020-12-24,1608768000,6.689,6.689,6.689,6.689,1000,6.84,-0.15,-0.02,6.87,6.87,7.051,0.36,0.05,1,6.79,6.73,6.77,6.83,6.63,6.27,6.83,6.26,False,True,False
2020-12-25,1608854400,7.051,7.051,7.051,7.051,300,6.87,0.18,0.03,6.87,6.689,7.051,0.0,0.0,-1,6.86,6.78,6.79,6.83,6.64,6.27,6.83,6.27,False,True,False
2020-12-28,1609113600,7.051,7.051,7.051,7.051,700,6.87,0.18,0.03,6.689,7.051,7.051,0.0,0.0,-1,6.91,6.81,6.8,6.84,6.65,6.28,6.83,6.27,False,True,False
2020-12-29,1609200000,7.051,7.051,7.051,7.051,0,6.689,0.36,0.05,7.051,7.051,7.051,0.0,0.0,-1,6.94,6.85,6.81,6.84,6.65,6.29,6.84,6.28,False,True,False
2020-12-30,1609286400,7.051,7.051,7.051,7.051,0,7.051,0.0,0.0,7.051,7.051,7.185,0.13,0.02,1,6.98,6.89,6.82,6.85,6.66,6.3,6.84,6.29,False,True,False
2020-12-31,1609372800,7.141,7.232,7.141,7.185,5900,7.051,0.13,0.02,7.051,7.051,7.236,0.05,0.01,1,7.08,6.93,6.83,6.86,6.67,6.31,6.85,6.3,False,True,False
2021-01-04,1609718400,7.232,7.322,7.232,7.236,3700,7.051,0.18,0.03,7.051,7.185,7.194,-0.04,-0.01,-1,7.11,6.99,6.85,6.87,6.68,6.31,6.86,6.31,False,True,False
2021-01-05,1609804800,7.141,7.503,7.141,7.194,1700,7.051,0.14,0.02,7.185,7.236,7.382,0.19,0.03,1,7.14,7.02,6.87,6.87,6.69,6.32,6.87,6.31,False,True,False
2021-01-06,1609891200,7.322,7.503,7.322,7.382,5200,7.185,0.2,0.03,7.236,7.194,7.414,0.03,0.0,1,7.21,7.08,6.89,6.89,6.7,6.33,6.87,6.32,False,True,False
2021-01-07,1609977600,7.412,7.503,7.412,7.414,4300,7.236,0.18,0.02,7.194,7.382,7.412,-0.0,-0.0,-1,7.28,7.13,6.93,6.9,6.71,6.34,6.89,6.33,False,True,False
2021-01-08,1610064000,7.412,7.412,7.412,7.412,0,7.194,0.22,0.03,7.382,7.414,7.412,0.0,0.0,-1,7.33,7.2,6.97,6.91,6.72,6.34,6.9,6.34,False,True,False
2021-01-11,1610323200,7.412,7.412,7.412,7.412,0,7.382,0.03,0.0,7.414,7.412,7.684,0.27,0.04,1,7.36,7.24,7.01,6.93,6.73,6.35,6.91,6.34,False,True,False
2021-01-12,1610409600,7.684,7.684,7.684,7.684,100,7.414,0.27,0.04,7.412,7.412,7.593,-0.09,-0.01,-1,7.46,7.3,7.06,6.94,6.74,6.36,6.93,6.35,False,True,False
2021-01-13,1610496000,7.593,7.593,7.593,7.593,1900,7.412,0.18,0.02,7.412,7.684,7.593,0.0,0.0,-1,7.5,7.36,7.1,6.96,6.75,6.37,6.94,6.36,False,True,False
2021-01-14,1610582400,7.593,7.593,7.593,7.593,400,7.412,0.18,0.02,7.684,7.593,7.593,0.0,0.0,-1,7.54,7.41,7.15,6.98,6.76,6.38,6.96,6.37,False,True,False
2021-01-15,1610668800,7.593,7.593,7.593,7.593,800,7.684,-0.09,-0.01,7.593,7.593,7.617,0.02,0.0,1,7.58,7.45,7.19,6.99,6.77,6.39,6.98,6.38,False,True,False
2021-01-18,1610928000,7.593,7.684,7.593,7.617,11700,7.593,0.02,0.0,7.593,7.593,7.593,-0.02,-0.0,-1,7.62,7.49,7.24,7.01,6.79,6.39,6.99,6.39,False,True,False
2021-01-19,1611014400,7.593,7.593,7.593,7.593,0,7.593,0.0,0.0,7.593,7.617,7.593,0.0,0.0,-1,7.6,7.53,7.28,7.03,6.8,6.4,7.01,6.39,False,True,False
2021-01-20,1611100800,7.593,7.593,7.593,7.593,38900,7.593,0.0,0.0,7.617,7.593,7.608,0.01,0.0,1,7.6,7.55,7.31,7.03,6.81,6.41,7.03,6.4,False,True,False
2021-01-21,1611187200,7.593,7.684,7.593,7.608,7200,7.617,-0.01,-0.0,7.593,7.593,7.593,-0.01,-0.0,-1,7.6,7.57,7.35,7.03,6.82,6.43,7.03,6.41,False,True,False
2021-01-22,1611273600,7.593,7.593,7.593,7.593,9500,7.593,0.0,0.0,7.593,7.608,7.593,0.0,0.0,-1,7.6,7.59,7.4,7.04,6.83,6.44,7.03,6.43,False,True,False
2021-01-25,1611532800,7.593,7.593,7.593,7.593,4000,7.593,0.0,0.0,7.608,7.593,7.593,0.0,0.0,-1,7.6,7.61,7.42,7.06,6.84,6.45,7.04,6.44,False,True,False
2021-01-26,1611619200,7.593,7.593,7.593,7.593,2800,7.608,-0.01,-0.0,7.593,7.593,7.593,0.0,0.0,-1,7.6,7.6,7.45,7.07,6.85,6.46,7.06,6.45,False,True,False
2021-01-27,1611705600,7.593,7.593,7.593,7.593,5600,7.593,0.0,0.0,7.593,7.593,6.936,-0.66,-0.09,-1,7.6,7.6,7.48,7.09,6.86,6.46,7.07,6.46,False,True,False
2021-01-28,1611792000,7.141,7.141,6.87,6.936,1100,7.593,-0.66,-0.09,7.593,7.593,7.774,0.84,0.12,1,7.46,7.53,7.47,7.09,6.87,6.47,7.09,6.46,False,True,False
2021-01-29,1611878400,7.593,7.955,7.593,7.774,200,7.593,0.18,0.02,7.593,6.936,7.684,-0.09,-0.01,-1,7.5,7.55,7.5,7.11,6.89,6.48,7.09,6.47,False,True,False
2021-02-01,1612137600,7.684,7.684,7.684,7.684,500,7.593,0.09,0.01,6.936,7.774,7.593,-0.09,-0.01,-1,7.52,7.56,7.52,7.13,6.9,6.49,7.11,6.48,False,True,False
2021-02-02,1612224000,7.593,7.593,7.593,7.593,6000,6.936,0.66,0.1,7.774,7.684,7.593,0.0,0.0,-1,7.52,7.56,7.54,7.14,6.91,6.5,7.13,6.49,False,True,False
2021-02-03,1612310400,7.593,7.593,7.593,7.593,0,7.774,-0.18,-0.02,7.684,7.593,7.593,0.0,0.0,-1,7.52,7.56,7.55,7.16,6.93,6.51,7.14,6.5,False,True,False
2021-02-04,1612396800,7.593,7.593,7.593,7.593,500,7.684,-0.09,-0.01,7.593,7.593,7.593,0.0,0.0,-1,7.65,7.55,7.56,7.17,6.93,6.53,7.16,6.51,False,True,False
2021-02-05,1612483200,7.593,7.593,7.593,7.593,0,7.593,0.0,0.0,7.593,7.593,7.593,0.0,0.0,-1,7.61,7.55,7.57,7.18,6.94,6.54,7.17,6.53,False,True,False
2021-02-08,1612742400,7.593,7.593,7.593,7.593,0,7.593,0.0,0.0,7.593,7.593,7.557,-0.04,-0.01,-1,7.59,7.55,7.58,7.2,6.96,6.55,7.18,6.54,False,True,False
2021-02-09,1612828800,7.503,7.593,7.503,7.557,500,7.593,-0.04,-0.01,7.593,7.593,7.593,0.04,0.01,1,7.59,7.55,7.57,7.21,6.97,6.56,7.2,6.55,False,True,False
2021-02-17,1613520000,7.593,7.593,7.593,7.593,0,7.593,0.0,0.0,7.593,7.557,7.593,0.0,0.0,-1,7.59,7.55,7.57,7.22,6.98,6.56,7.21,6.56,False,True,False
2021-02-18,1613606400,7.593,7.593,7.593,7.593,4400,7.593,0.0,0.0,7.557,7.593,7.658,0.07,0.01,1,7.59,7.62,7.57,7.24,6.99,6.57,7.22,6.56,False,True,False
2021-02-19,1613692800,7.593,7.684,7.593,7.658,8900,7.557,0.1,0.01,7.593,7.593,7.636,-0.02,-0.0,-1,7.6,7.6,7.58,7.25,7.01,6.58,7.24,6.57,False,True,False
2021-02-22,1613952000,7.593,7.774,7.593,7.636,6700,7.593,0.04,0.01,7.593,7.658,7.6,-0.04,-0.01,-1,7.61,7.6,7.58,7.27,7.02,6.59,7.25,6.58,False,True,False
2021-02-23,1614038400,7.593,7.684,7.593,7.6,6000,7.593,0.01,0.0,7.658,7.636,7.684,0.08,0.01,1,7.62,7.6,7.58,7.28,7.03,6.6,7.27,6.59,False,True,False
2021-02-24,1614124800,7.684,7.684,7.684,7.684,1700,7.658,0.03,0.0,7.636,7.6,8.117,0.43,0.06,1,7.63,7.61,7.58,7.3,7.05,6.61,7.28,6.6,False,True,False
2021-02-25,1614211200,8.045,8.136,8.045,8.117,5000,7.636,0.48,0.06,7.6,7.684,8.136,0.02,0.0,1,7.74,7.66,7.61,7.33,7.06,6.62,7.3,6.61,False,True,False
2021-02-26,1614297600,8.136,8.136,8.136,8.136,0,7.6,0.54,0.07,7.684,8.117,8.226,0.09,0.01,1,7.83,7.72,7.64,7.36,7.08,6.63,7.33,6.62,False,True,False
2021-03-01,1614556800,8.136,8.316,8.136,8.226,2100,7.684,0.54,0.07,8.117,8.136,8.226,0.0,0.0,-1,7.95,7.78,7.67,7.39,7.1,6.65,7.36,6.63,False,True,False
2021-03-02,1614643200,8.226,8.226,8.226,8.226,2000,8.117,0.11,0.01,8.136,8.226,9.036,0.81,0.1,1,8.08,7.85,7.7,7.42,7.11,6.66,7.39,6.65,False,True,False
2021-03-03,1614729600,9.04,9.311,8.497,9.036,31000,8.136,0.9,0.11,8.226,8.226,8.998,-0.04,-0.0,-1,8.35,7.99,7.77,7.47,7.14,6.67,7.42,6.66,False,True,False
2021-03-04,1614816000,9.22,9.22,8.678,8.998,19900,8.226,0.77,0.09,8.226,9.036,9.012,0.01,0.0,1,8.52,8.13,7.87,7.52,7.16,6.69,7.47,6.67,False,True,False
2021-03-05,1614902400,9.04,9.04,8.678,9.012,11100,8.226,0.79,0.1,9.036,8.998,9.103,0.09,0.01,1,8.7,8.27,7.94,7.56,7.18,6.71,7.52,6.69,False,True,False
2021-03-08,1615161600,9.04,9.13,9.04,9.103,82400,9.036,0.07,0.01,8.998,9.012,9.17,0.07,0.01,1,8.88,8.41,8.01,7.61,7.21,6.72,7.56,6.71,False,True,False
2021-03-09,1615248000,9.13,9.22,9.13,9.17,79500,8.998,0.17,0.02,9.012,9.103,9.32,0.15,0.02,1,9.06,8.57,8.09,7.66,7.24,6.74,7.61,6.72,False,True,False
2021-03-10,1615334400,9.311,9.582,9.13,9.32,63500,9.012,0.31,0.03,9.103,9.17,8.682,-0.64,-0.07,-1,9.12,8.73,8.17,7.71,7.27,6.76,7.66,6.74,False,True,False
2021-03-11,1615420800,8.672,8.922,8.588,8.682,153500,9.103,-0.42,-0.05,9.17,9.32,9.261,0.58,0.07,1,9.06,8.79,8.23,7.74,7.29,6.77,7.71,6.76,False,True,False
2021-03-12,1615507200,8.855,9.5,8.855,9.261,26400,9.17,0.09,0.01,9.32,8.682,9.021,-0.24,-0.03,-1,9.11,8.9,8.31,7.79,7.31,6.79,7.74,6.77,False,True,False
2021-03-15,1615766400,9.224,9.408,7.932,9.021,49700,9.32,-0.3,-0.03,8.682,9.261,9.009,-0.01,-0.0,-1,9.09,8.98,8.38,7.83,7.33,6.81,7.79,6.79,False,True,False
2021-03-16,1615852800,9.039,9.131,8.855,9.009,24000,8.682,0.33,0.04,9.261,9.021,9.01,0.0,0.0,-1,9.06,9.06,8.45,7.87,7.35,6.82,7.83,6.81,False,True,False
2021-03-17,1615939200,9.039,9.039,8.855,9.01,42300,9.261,-0.25,-0.03,9.021,9.009,9.021,0.01,0.0,1,9.0,9.06,8.52,7.91,7.38,6.84,7.87,6.82,False,True,False
2021-03-18,1616025600,8.947,9.039,8.947,9.021,14600,9.021,0.0,0.0,9.009,9.01,8.948,-0.07,-0.01,-1,9.06,9.06,8.6,7.95,7.4,6.86,7.91,6.84,False,True,False
2021-03-19,1616112000,8.947,9.039,8.855,8.948,34800,9.009,-0.06,-0.01,9.01,9.021,9.145,0.2,0.02,1,9.0,9.05,8.66,7.99,7.42,6.87,7.95,6.86,False,True,False
2021-03-22,1616371200,8.947,9.224,8.947,9.145,13700,9.01,0.13,0.01,9.021,8.948,9.105,-0.04,-0.0,-1,9.03,9.06,8.74,8.02,7.44,6.89,7.99,6.87,False,True,False
2021-03-23,1616457600,9.131,9.224,9.039,9.105,11200,9.021,0.08,0.01,8.948,9.145,8.957,-0.15,-0.02,-1,9.05,9.05,8.81,8.06,7.47,6.9,8.02,6.89,False,True,False
2021-03-24,1616544000,9.039,9.131,8.855,8.957,11800,8.948,0.01,0.0,9.145,9.105,8.876,-0.08,-0.01,-1,9.04,9.02,8.88,8.09,7.49,6.92,8.06,6.9,False,True,False
2021-03-25,1616630400,8.947,8.947,8.762,8.876,12800,9.145,-0.27,-0.03,9.105,8.957,8.855,-0.02,-0.0,-1,9.01,9.04,8.91,8.12,7.51,6.93,8.09,6.92,False,True,False
2021-03-26,1616716800,8.947,9.039,8.762,8.855,19900,9.105,-0.25,-0.03,8.957,8.876,8.794,-0.06,-0.01,-1,8.99,8.99,8.95,8.15,7.53,6.95,8.12,6.93,False,True,False
2021-03-29,1616976000,8.947,8.947,8.762,8.794,13400,8.957,-0.16,-0.02,8.876,8.855,8.773,-0.02,-0.0,-1,8.92,8.97,8.98,8.18,7.55,6.96,8.15,6.95,False,True,False
2021-03-30,1617062400,8.762,9.039,8.67,8.773,21600,8.876,-0.1,-0.01,8.855,8.794,8.772,-0.0,-0.0,-1,8.85,8.95,9.0,8.2,7.57,6.98,8.18,6.96,False,True,False
2021-03-31,1617148800,8.762,8.947,8.762,8.772,2100,8.855,-0.08,-0.01,8.794,8.773,8.801,0.03,0.0,1,8.81,8.92,8.99,8.22,7.59,6.99,8.2,6.98,False,True,False
2021-04-01,1617235200,8.762,9.039,8.762,8.801,3800,8.794,0.01,0.0,8.773,8.772,8.882,0.08,0.01,1,8.8,8.9,8.98,8.25,7.61,7.0,8.22,6.99,False,True,False
2021-04-02,1617321600,8.762,8.947,8.762,8.882,6400,8.773,0.11,0.01,8.772,8.801,8.767,-0.12,-0.01,-1,8.8,8.9,8.98,8.27,7.63,7.02,8.25,7.0,False,True,False
2021-04-05,1617580800,8.762,8.947,8.762,8.767,4100,8.772,-0.01,-0.0,8.801,8.882,8.856,0.09,0.01,1,8.8,8.86,8.96,8.3,7.65,7.03,8.27,7.02,False,True,False
2021-04-06,1617667200,8.855,8.947,8.855,8.856,6000,8.801,0.05,0.01,8.882,8.767,8.89,0.03,0.0,1,8.82,8.83,8.94,8.32,7.68,7.05,8.3,7.03,False,True,False
2021-04-07,1617753600,8.762,9.039,8.762,8.89,15700,8.882,0.01,0.0,8.767,8.856,8.926,0.04,0.0,1,8.84,8.83,8.92,8.35,7.69,7.06,8.32,7.05,False,True,False
2021-04-08,1617840000,8.947,9.039,8.855,8.926,9500,8.767,0.16,0.02,8.856,8.89,8.909,-0.02,-0.0,-1,8.86,8.83,8.93,8.37,7.7,7.08,8.35,7.06,False,True,False
2021-04-09,1617926400,8.855,8.947,8.762,8.909,14800,8.856,0.05,0.01,8.89,8.926,8.948,0.04,0.0,1,8.87,8.84,8.92,8.4,7.72,7.09,8.37,7.08,False,True,False
2021-04-12,1618185600,8.947,9.039,8.947,8.948,11300,8.89,0.06,0.01,8.926,8.909,8.888,-0.06,-0.01,-1,8.91,8.85,8.91,8.43,7.74,7.11,8.4,7.09,False,True,False
2021-04-13,1618272000,8.947,8.947,8.855,8.888,14100,8.926,-0.04,-0.0,8.909,8.948,8.816,-0.07,-0.01,-1,8.91,8.86,8.91,8.45,7.76,7.12,8.43,7.11,False,True,False
2021-04-14,1618358400,8.855,8.947,8.67,8.816,43400,8.909,-0.09,-0.01,8.948,8.888,8.87,0.05,0.01,1,8.9,8.87,8.9,8.48,7.78,7.14,8.45,7.12,False,True,False
2021-04-15,1618444800,8.947,8.947,8.855,8.87,6900,8.948,-0.08,-0.01,8.888,8.816,8.769,-0.1,-0.01,-1,8.89,8.88,8.89,8.52,7.8,7.15,8.48,7.14,False,True,False
2021-04-16,1618531200,8.762,8.947,8.762,8.769,7000,8.888,-0.12,-0.01,8.816,8.87,8.859,0.09,0.01,1,8.86,8.86,8.88,8.54,7.82,7.16,8.52,7.15,False,True,False
2021-04-19,1618790400,8.855,8.947,8.855,8.859,2000,8.816,0.04,0.0,8.87,8.769,8.867,0.01,0.0,1,8.84,8.87,8.87,8.56,7.85,7.18,8.54,7.16,False,True,False
2021-04-20,1618876800,8.947,8.947,8.855,8.867,2900,8.87,-0.0,-0.0,8.769,8.859,8.887,0.02,0.0,1,8.84,8.87,8.85,8.59,7.86,7.19,8.56,7.18,False,True,False
2021-04-22,1619049600,8.855,8.947,8.855,8.887,15200,8.769,0.12,0.01,8.859,8.867,8.905,0.02,0.0,1,8.85,8.87,8.85,8.61,7.88,7.2,8.59,7.19,False,True,False
2021-04-23,1619136000,8.947,9.039,8.762,8.905,37200,8.859,0.05,0.01,8.867,8.887,8.986,0.08,0.01,1,8.86,8.87,8.85,8.64,7.9,7.22,8.61,7.2,False,True,False
2021-04-26,1619395200,8.855,9.131,8.855,8.986,34800,8.867,0.12,0.01,8.887,8.905,8.949,-0.04,-0.0,-1,8.9,8.88,8.86,8.67,7.92,7.23,8.64,7.22,False,True,False
2021-04-27,1619481600,8.947,9.039,8.947,8.949,8500,8.887,0.06,0.01,8.905,8.986,8.968,0.02,0.0,1,8.92,8.88,8.87,8.69,7.94,7.25,8.67,7.23,False,True,False
2021-04-28,1619568000,8.947,9.131,8.947,8.968,10600,8.905,0.06,0.01,8.986,8.949,8.916,-0.05,-0.01,-1,8.94,8.89,8.88,8.72,7.97,7.26,8.69,7.25,False,True,False
2021-04-29,1619654400,8.947,9.039,8.855,8.916,4200,8.986,-0.07,-0.01,8.949,8.968,9.001,0.08,0.01,1,8.94,8.9,8.88,8.75,7.99,7.27,8.72,7.26,False,True,False
2021-05-04,1620086400,9.039,9.039,8.947,9.001,4900,8.949,0.05,0.01,8.968,8.916,8.905,-0.1,-0.01,-1,8.96,8.91,8.89,8.78,8.01,7.29,8.75,7.27,False,True,False
2021-05-05,1620172800,8.947,9.039,8.855,8.905,7600,8.968,-0.06,-0.01,8.916,9.001,8.947,0.04,0.0,1,8.95,8.92,8.89,8.8,8.03,7.3,8.78,7.29,False,True,False
2021-05-06,1620259200,8.947,8.947,8.947,8.947,2000,8.916,0.03,0.0,9.001,8.905,8.838,-0.11,-0.01,-1,8.95,8.93,8.9,8.83,8.05,7.31,8.8,7.3,False,True,False
2021-05-07,1620345600,8.855,8.947,8.762,8.838,3300,9.001,-0.16,-0.02,8.905,8.947,8.856,0.02,0.0,1,8.92,8.93,8.9,8.85,8.07,7.33,8.83,7.31,False,True,False
2021-05-10,1620604800,8.855,8.947,8.855,8.856,5100,8.905,-0.05,-0.01,8.947,8.838,8.862,0.01,0.0,1,8.91,8.93,8.9,8.88,8.09,7.34,8.85,7.33,False,True,False
2021-05-11,1620691200,8.947,8.947,8.855,8.862,28600,8.947,-0.08,-0.01,8.838,8.856,8.943,0.08,0.01,1,8.88,8.92,8.9,8.89,8.11,7.35,8.88,7.34,False,True,False
2021-05-12,1620777600,8.947,8.947,8.855,8.943,5000,8.838,0.11,0.01,8.856,8.862,8.947,0.0,0.0,-1,8.89,8.92,8.9,8.91,8.13,7.36,8.89,7.35,False,True,False
2021-05-13,1620864000,8.947,8.947,8.947,8.947,1000,8.856,0.09,0.01,8.862,8.943,9.005,0.06,0.01,1,8.89,8.92,8.9,8.92,8.16,7.38,8.91,7.36,False,True,False
2021-05-14,1620950400,8.947,9.131,8.855,9.005,6300,8.862,0.14,0.02,8.943,8.947,8.926,-0.08,-0.01,-1,8.92,8.92,8.9,8.94,8.18,7.39,8.92,7.38,False,True,False
2021-05-17,1621209600,8.947,9.039,8.855,8.926,6800,8.943,-0.02,-0.0,8.947,9.005,8.947,0.02,0.0,1,8.94,8.92,8.91,8.93,8.2,7.4,8.94,7.39,False,True,False
2021-05-18,1621296000,8.947,8.947,8.947,8.947,2100,8.947,0.0,0.0,9.005,8.926,8.949,0.0,0.0,-1,8.95,8.92,8.91,8.93,8.22,7.42,8.93,7.4,False,True,False
2021-05-19,1621382400,8.947,9.039,8.947,8.949,4100,9.005,-0.06,-0.01,8.926,8.947,8.948,-0.0,-0.0,-1,8.95,8.92,8.92,8.93,8.25,7.43,8.93,7.42,False,True,False
2021-05-20,1621468800,8.947,9.039,8.947,8.948,10100,8.926,0.02,0.0,8.947,8.949,9.039,0.09,0.01,1,8.96,8.92,8.93,8.93,8.27,7.44,8.93,7.43,False,True,False
2021-05-21,1621555200,9.039,9.039,9.039,9.039,3400,8.947,0.09,0.01,8.949,8.948,8.998,-0.04,-0.0,-1,8.96,8.94,8.94,8.93,8.29,7.46,8.93,7.44,False,True,False
2021-05-24,1621814400,9.039,9.039,8.947,8.998,13200,8.949,0.05,0.01,8.948,9.039,9.039,0.04,0.0,1,8.98,8.96,8.94,8.92,8.31,7.47,8.93,7.46,False,True,False
2021-05-25,1621900800,9.039,9.039,9.039,9.039,700,8.948,0.09,0.01,9.039,8.998,8.857,-0.18,-0.02,-1,8.99,8.97,8.95,8.93,8.33,7.48,8.92,7.47,False,True,False
2021-05-26,1621987200,8.947,9.039,8.855,8.857,32100,9.039,-0.18,-0.02,8.998,9.039,8.871,0.01,0.0,1,8.98,8.97,8.94,8.92,8.36,7.49,8.93,7.48,False,True,False
2021-05-27,1622073600,8.855,9.039,8.855,8.871,1100,8.998,-0.13,-0.01,9.039,8.857,8.865,-0.01,-0.0,-1,8.96,8.96,8.94,8.92,8.37,7.51,8.92,7.49,False,True,False
2021-05-28,1622160000,8.855,9.039,8.855,8.865,13200,9.039,-0.17,-0.02,8.857,8.871,8.949,0.08,0.01,1,8.93,8.94,8.93,8.91,8.39,7.52,8.92,7.51,False,True,False
2021-05-31,1622419200,8.947,9.039,8.947,8.949,6000,8.857,0.09,0.01,8.871,8.865,9.039,0.09,0.01,1,8.92,8.95,8.93,8.91,8.41,7.53,8.91,7.52,False,True,False
2021-06-01,1622505600,9.039,9.039,9.039,9.039,100,8.871,0.17,0.02,8.865,8.949,9.006,-0.03,-0.0,-1,8.92,8.96,8.94,8.91,8.43,7.55,8.91,7.53,False,True,False
2021-06-02,1622592000,9.039,9.039,8.947,9.006,2800,8.865,0.14,0.02,8.949,9.039,8.948,-0.06,-0.01,-1,8.95,8.96,8.94,8.91,8.45,7.56,8.91,7.55,False,True,False
2021-06-03,1622678400,8.947,9.039,8.947,8.948,11500,8.949,-0.0,-0.0,9.039,9.006,8.919,-0.03,-0.0,-1,8.96,8.96,8.94,8.91,8.47,7.57,8.91,7.56,False,True,False
2021-06-04,1622764800,8.947,9.039,8.855,8.919,8200,9.039,-0.12,-0.01,9.006,8.948,8.868,-0.05,-0.01,-1,8.97,8.95,8.95,8.91,8.48,7.58,8.91,7.57,False,True,False
2021-06-07,1623024000,8.855,9.039,8.855,8.868,4600,9.006,-0.14,-0.02,8.948,8.919,8.906,0.04,0.0,1,8.96,8.94,8.95,8.9,8.5,7.6,8.91,7.58,False,True,False
2021-06-08,1623110400,8.855,9.039,8.855,8.906,13100,8.948,-0.04,-0.0,8.919,8.868,9.039,0.13,0.01,1,8.93,8.92,8.95,8.9,8.51,7.61,8.9,7.6,False,True,False
2021-06-09,1623196800,9.039,9.039,9.039,9.039,12000,8.919,0.12,0.01,8.868,8.906,9.039,0.0,0.0,-1,8.94,8.94,8.95,8.91,8.53,7.62,8.9,7.61,False,True,False
2021-06-10,1623283200,9.039,9.039,9.039,9.039,900,8.868,0.17,0.02,8.906,9.039,8.95,-0.09,-0.01,-1,8.95,8.96,8.96,8.91,8.55,7.64,8.91,7.62,False,True,False
2021-06-11,1623369600,8.947,9.039,8.947,8.95,2400,8.906,0.04,0.0,9.039,9.039,8.909,-0.04,-0.0,-1,8.96,8.97,8.96,8.92,8.56,7.65,8.91,7.64,False,True,False
2021-06-14,1623628800,8.947,9.039,8.855,8.909,18100,9.039,-0.13,-0.01,9.039,8.95,8.949,0.04,0.0,1,8.97,8.96,8.95,8.92,8.57,7.66,8.92,7.65,False,True,False
2021-06-15,1623715200,8.947,9.039,8.947,8.949,5700,9.039,-0.09,-0.01,8.95,8.909,8.948,-0.0,-0.0,-1,8.98,8.95,8.95,8.92,8.59,7.67,8.92,7.66,False,True,False
2021-06-16,1623801600,8.947,9.039,8.947,8.948,10200,8.95,-0.0,-0.0,8.909,8.949,9.039,0.09,0.01,1,8.96,8.95,8.95,8.92,8.6,7.69,8.92,7.67,False,True,False
2021-06-17,1623888000,9.039,9.039,9.039,9.039,500,8.909,0.13,0.01,8.949,8.948,8.938,-0.1,-0.01,-1,8.96,8.96,8.96,8.93,8.61,7.7,8.92,7.69,False,True,False
2021-06-18,1623974400,8.947,9.039,8.855,8.938,8900,8.949,-0.01,-0.0,8.948,9.039,9.027,0.09,0.01,1,8.96,8.96,8.95,8.93,8.63,7.71,8.93,7.7,False,True,False
2021-06-21,1624233600,8.947,9.131,8.947,9.027,1500,8.948,0.08,0.01,9.039,8.938,9.039,0.01,0.0,1,8.98,8.97,8.96,8.93,8.64,7.72,8.93,7.71,False,True,False
2021-06-22,1624320000,9.039,9.039,9.039,9.039,16400,9.039,0.0,0.0,8.938,9.027,9.055,0.02,0.0,1,9.0,8.99,8.96,8.94,8.66,7.74,8.93,7.72,False,True,False
2021-06-23,1624406400,9.131,9.131,9.039,9.055,1200,8.938,0.12,0.01,9.027,9.039,9.039,-0.02,-0.0,-1,9.02,8.99,8.97,8.94,8.67,7.75,8.94,7.74,False,True,False
2021-06-24,1624492800,9.039,9.039,9.039,9.039,0,9.027,0.01,0.0,9.039,9.055,9.039,0.0,0.0,-1,9.02,8.99,8.97,8.94,8.68,7.76,8.94,7.75,False,True,False
2021-06-25,1624579200,9.039,9.039,9.039,9.039,0,9.039,0.0,0.0,9.055,9.039,9.039,0.0,0.0,-1,9.04,9.0,8.98,8.94,8.7,7.78,8.94,7.76,False,True,False
2021-06-28,1624838400,9.039,9.131,8.947,9.039,13100,9.055,-0.02,-0.0,9.039,9.039,8.979,-0.06,-0.01,-1,9.04,9.01,8.99,8.95,8.71,7.79,8.94,7.78,False,True,False
2021-06-29,1624924800,9.131,9.131,8.947,8.979,3100,9.039,-0.06,-0.01,9.039,9.039,8.932,-0.05,-0.01,-1,9.03,9.01,8.98,8.95,8.73,7.8,8.95,7.79,False,True,False
2021-06-30,1625011200,8.947,9.039,8.578,8.932,1900,9.039,-0.11,-0.01,9.039,8.979,9.039,0.11,0.01,1,9.01,9.01,8.98,8.95,8.75,7.82,8.95,7.8,False,True,False
2021-07-01,1625097600,9.039,9.039,9.039,9.039,100,9.039,0.0,0.0,8.979,8.932,9.039,0.0,0.0,-1,9.01,9.01,8.98,8.96,8.76,7.83,8.95,7.82,False,True,False
2021-07-02,1625184000,9.039,9.039,9.039,9.039,0,8.979,0.06,0.01,8.932,9.039,9.039,0.0,0.0,-1,9.01,9.02,8.99,8.96,8.77,7.84,8.96,7.83,False,True,False
2021-07-05,1625443200,9.039,9.039,9.039,9.039,0,8.932,0.11,0.01,9.039,9.039,9.039,0.0,0.0,-1,9.01,9.02,9.0,8.96,8.79,7.86,8.96,7.84,False,True,False
2021-07-06,1625529600,9.039,9.039,9.039,9.039,100,9.039,0.0,0.0,9.039,9.039,8.953,-0.09,-0.01,-1,9.02,9.02,9.01,8.97,8.8,7.87,8.96,7.86,False,True,False
2021-07-07,1625616000,8.947,9.039,8.947,8.953,1500,9.039,-0.09,-0.01,9.039,9.039,9.024,0.07,0.01,1,9.02,9.01,9.0,8.97,8.82,7.88,8.97,7.87,False,True,False
2021-07-08,1625702400,8.947,9.131,8.947,9.024,10500,9.039,-0.02,-0.0,9.039,8.953,8.947,-0.08,-0.01,-1,9.02,9.01,9.0,8.97,8.83,7.89,8.97,7.88,False,True,False
2021-07-09,1625788800,8.947,8.947,8.947,8.947,3000,9.039,-0.09,-0.01,8.953,9.024,8.876,-0.07,-0.01,-1,9.0,9.0,9.0,8.97,8.84,7.91,8.97,7.89,False,True,False
2021-07-12,1626048000,9.039,9.039,8.393,8.876,3900,8.953,-0.08,-0.01,9.024,8.947,9.039,0.16,0.02,1,8.97,8.99,9.0,8.97,8.86,7.92,8.97,7.91,False,True,False
2021-07-13,1626134400,9.039,9.039,9.039,9.039,100,9.024,0.02,0.0,8.947,8.876,8.835,-0.2,-0.02,-1,8.97,8.99,9.0,8.97,8.87,7.93,8.97,7.92,False,True,False
2021-07-14,1626220800,9.039,9.039,8.762,8.835,6601,8.947,-0.11,-0.01,8.876,9.039,8.856,0.02,0.0,1,8.94,8.98,9.0,8.97,8.88,7.95,8.97,7.93,False,True,False
2021-07-15,1626307200,8.855,8.947,8.855,8.856,9700,8.876,-0.02,-0.0,9.039,8.835,8.933,0.08,0.01,1,8.91,8.96,8.99,8.96,8.9,7.96,8.97,7.95,False,True,False
2021-07-16,1626393600,8.855,9.039,8.855,8.933,8700,9.039,-0.11,-0.01,8.835,8.856,8.947,0.01,0.0,1,8.91,8.95,8.99,8.97,8.91,7.97,8.96,7.96,False,True,False
2021-07-19,1626652800,8.947,8.947,8.947,8.947,0,8.835,0.11,0.01,8.856,8.933,8.936,-0.01,-0.0,-1,8.92,8.94,8.98,8.97,8.92,7.98,8.97,7.97,False,True,False
2021-07-20,1626739200,8.855,9.039,8.855,8.936,3400,8.856,0.08,0.01,8.933,8.947,9.144,0.21,0.02,1,8.9,8.93,8.98,8.97,8.93,8.0,8.97,7.98,False,True,False
2021-07-21,1626825600,9.039,9.224,9.039,9.144,3600,8.933,0.21,0.02,8.947,8.936,9.262,0.12,0.01,1,8.96,8.95,8.98,8.97,8.94,8.01,8.97,8.0,False,True,False
2021-07-22,1626912000,9.224,9.316,9.224,9.262,1200,8.947,0.32,0.04,8.936,9.144,9.534,0.27,0.03,1,9.04,8.98,8.99,8.98,8.95,8.02,8.97,8.01,False,True,False
2021-07-23,1626998400,9.131,10.607,9.131,9.534,5200,8.936,0.6,0.07,9.144,9.262,8.975,-0.56,-0.06,-1,9.16,9.04,9.02,8.99,8.96,8.04,8.98,8.02,False,True,False
2021-07-26,1627257600,9.5,9.5,8.762,8.975,7800,9.144,-0.17,-0.02,9.262,9.534,9.736,0.76,0.08,1,9.17,9.05,9.02,8.99,8.96,8.05,8.99,8.04,False,True,False
2021-07-27,1627344000,8.947,10.238,8.947,9.736,2700,9.262,0.47,0.05,9.534,8.975,9.685,-0.05,-0.01,-1,9.33,9.12,9.05,9.01,8.97,8.06,8.99,8.05,False,True,False
2021-07-28,1627430400,9.685,9.685,9.685,9.685,100,9.534,0.15,0.02,8.975,9.736,9.685,0.0,0.0,-1,9.44,9.2,9.09,9.02,8.98,8.08,9.01,8.06,False,True,False
2021-07-29,1627516800,9.685,9.685,9.685,9.685,0,8.975,0.71,0.08,9.736,9.685,10.033,0.35,0.04,1,9.52,9.28,9.12,9.04,8.98,8.1,9.02,8.08,False,True,False
2021-07-30,1627603200,9.685,11.068,9.685,10.033,4900,9.736,0.3,0.03,9.685,9.685,10.015,-0.02,-0.0,-1,9.62,9.39,9.17,9.06,8.99,8.11,9.04,8.1,False,True,False
2021-08-02,1627862400,10.054,10.054,9.961,10.015,2400,9.685,0.33,0.03,9.685,10.033,9.381,-0.63,-0.06,-1,9.83,9.5,9.22,9.08,9.0,8.13,9.06,8.11,False,True,False
2021-08-03,1627948800,8.947,10.054,8.855,9.381,4500,9.685,-0.3,-0.03,10.033,10.015,9.04,-0.34,-0.04,-1,9.76,9.54,9.24,9.08,9.0,8.15,9.08,8.13,False,True,False
2021-08-04,1628035200,9.039,9.685,8.855,9.04,9200,10.033,-0.99,-0.1,10.015,9.381,9.753,0.71,0.08,1,9.63,9.53,9.24,9.09,9.0,8.16,9.08,8.15,False,True,False
2021-08-05,1628121600,9.685,9.961,9.685,9.753,3100,10.015,-0.26,-0.03,9.381,9.04,9.755,0.0,0.0,-1,9.64,9.58,9.28,9.1,9.01,8.17,9.09,8.16,False,True,False
2021-08-06,1628208000,9.5,10.054,9.5,9.755,5500,9.381,0.37,0.04,9.04,9.753,9.728,-0.03,-0.0,-1,9.59,9.61,9.32,9.12,9.02,8.19,9.1,8.17,False,True,False
2021-08-09,1628467200,9.592,9.961,9.592,9.728,4500,9.04,0.69,0.08,9.753,9.755,9.131,-0.6,-0.06,-1,9.53,9.68,9.36,9.14,9.02,8.2,9.12,8.19,False,True,False
2021-08-10,1628553600,8.947,9.777,8.947,9.131,2500,9.753,-0.62,-0.06,9.755,9.728,9.426,0.29,0.03,1,9.48,9.62,9.37,9.14,9.03,8.21,9.14,8.2,False,True,False
2021-08-11,1628640000,9.039,9.777,9.039,9.426,5300,9.755,-0.33,-0.03,9.728,9.131,9.341,-0.09,-0.01,-1,9.56,9.59,9.4,9.15,9.03,8.23,9.14,8.21,False,True,False
2021-08-12,1628726400,9.039,9.592,9.039,9.341,4400,9.728,-0.39,-0.04,9.131,9.426,9.596,0.26,0.03,1,9.48,9.56,9.42,9.16,9.03,8.24,9.15,8.23,False,True,False
2021-08-13,1628812800,9.316,9.685,9.316,9.596,2700,9.131,0.46,0.05,9.426,9.341,9.168,-0.43,-0.04,-1,9.44,9.52,9.46,9.17,9.04,8.25,9.16,8.24,False,True,False
2021-08-16,1629072000,9.039,9.592,9.039,9.168,6200,9.426,-0.26,-0.03,9.341,9.596,9.381,0.21,0.02,1,9.33,9.43,9.47,9.18,9.04,8.26,9.17,8.25,False,True,False
2021-08-17,1629158400,9.592,9.592,9.316,9.381,9900,9.341,0.04,0.0,9.596,9.168,9.328,-0.05,-0.01,-1,9.38,9.43,9.49,9.18,9.04,8.28,9.18,8.26,False,True,False
2021-08-18,1629244800,9.131,9.592,9.131,9.328,3100,9.596,-0.27,-0.03,9.168,9.381,9.524,0.2,0.02,1,9.36,9.46,9.5,9.19,9.05,8.29,9.18,8.28,False,True,False
2021-08-19,1629331200,9.039,9.777,8.947,9.524,12200,9.168,0.36,0.04,9.381,9.328,9.627,0.1,0.01,1,9.4,9.44,9.51,9.2,9.06,8.3,9.19,8.29,False,True,False
2021-08-20,1629417600,9.592,9.685,9.592,9.627,800,9.381,0.25,0.03,9.328,9.524,9.432,-0.2,-0.02,-1,9.41,9.43,9.52,9.21,9.07,8.32,9.2,8.3,False,True,False
2021-08-23,1629676800,9.039,9.592,9.039,9.432,1900,9.328,0.1,0.01,9.524,9.627,9.408,-0.02,-0.0,-1,9.46,9.4,9.54,9.22,9.07,8.33,9.21,8.32,False,True,False
2021-08-24,1629763200,9.408,9.408,9.408,9.408,500,9.524,-0.12,-0.01,9.627,9.432,9.412,0.0,0.0,-1,9.46,9.42,9.52,9.23,9.08,8.35,9.22,8.33,False,True,False
2021-08-25,1629849600,9.408,9.5,9.408,9.412,2500,9.627,-0.21,-0.02,9.432,9.408,9.421,0.01,0.0,1,9.48,9.42,9.51,9.24,9.08,8.36,9.23,8.35,False,True,False
2021-08-26,1629936000,9.316,9.685,9.224,9.421,15400,9.432,-0.01,-0.0,9.408,9.412,9.685,0.26,0.03,1,9.46,9.43,9.5,9.25,9.09,8.37,9.24,8.36,False,True,False
2021-08-27,1630022400,9.224,9.685,9.224,9.685,3800,9.408,0.28,0.03,9.412,9.421,9.526,-0.16,-0.02,-1,9.47,9.44,9.48,9.27,9.1,8.39,9.25,8.37,False,True,False
2021-08-30,1630281600,9.592,9.685,9.5,9.526,5801,9.412,0.11,0.01,9.421,9.685,9.458,-0.07,-0.01,-1,9.49,9.47,9.45,9.28,9.1,8.4,9.27,8.39,False,True,False
2021-08-31,1630368000,9.592,9.685,9.131,9.458,11400,9.421,0.04,0.0,9.685,9.526,9.651,0.19,0.02,1,9.5,9.48,9.46,9.28,9.11,8.41,9.28,8.4,False,True,False
2021-09-01,1630454400,9.592,10.146,9.5,9.651,9600,9.685,-0.03,-0.0,9.526,9.458,10.168,0.52,0.05,1,9.55,9.51,9.49,9.3,9.12,8.42,9.28,8.41,False,True,False
2021-09-06,1630886400,10.054,10.699,10.054,10.168,11600,9.526,0.64,0.07,9.458,9.651,10.189,0.02,0.0,1,9.7,9.58,9.51,9.32,9.13,8.44,9.3,8.42,False,True,False
2021-09-07,1630972800,10.146,10.976,9.685,10.189,11600,9.458,0.73,0.08,9.651,10.168,10.712,0.52,0.05,1,9.8,9.64,9.53,9.34,9.14,8.45,9.32,8.44,False,True,False
2021-09-08,1631059200,10.792,10.792,10.699,10.712,7033,9.651,1.06,0.11,10.168,10.189,10.367,-0.34,-0.03,-1,10.04,9.76,9.58,9.37,9.16,8.47,9.34,8.45,False,True,False
2021-09-09,1631145600,10.699,10.884,10.146,10.367,6500,10.168,0.2,0.02,10.189,10.712,10.276,-0.09,-0.01,-1,10.22,9.86,9.64,9.4,9.18,8.49,9.37,8.47,False,True,False
2021-09-10,1631232000,10.146,10.699,9.869,10.276,7900,10.189,0.09,0.01,10.712,10.367,9.96,-0.32,-0.03,-1,10.34,9.95,9.68,9.43,9.19,8.51,9.4,8.49,False,True,False
2021-09-13,1631491200,10.146,10.792,9.5,9.96,18600,10.712,-0.75,-0.07,10.367,10.276,10.082,0.12,0.01,1,10.3,10.0,9.71,9.45,9.2,8.52,9.43,8.51,False,True,False
2021-09-14,1631577600,10.515,10.515,9.685,10.082,18300,10.367,-0.29,-0.03,10.276,9.96,10.262,0.18,0.02,1,10.28,10.04,9.74,9.47,9.21,8.54,9.45,8.52,False,True,False
2021-09-15,1631664000,10.607,10.792,10.146,10.262,11400,10.276,-0.01,-0.0,9.96,10.082,10.525,0.26,0.03,1,10.19,10.11,9.79,9.49,9.23,8.56,9.47,8.54,False,True,False
2021-09-16,1631750400,10.607,10.792,10.054,10.525,20400,9.96,0.56,0.06,10.082,10.262,10.463,-0.06,-0.01,-1,10.22,10.22,9.85,9.52,9.24,8.57,9.49,8.56,False,True,False
2021-09-17,1631836800,10.33,10.607,10.33,10.463,6200,10.082,0.38,0.04,10.262,10.525,10.382,-0.08,-0.01,-1,10.26,10.3,9.91,9.55,9.26,8.59,9.52,8.57,False,True,False
2021-09-20,1632096000,10.146,10.607,10.146,10.382,20700,10.262,0.12,0.01,10.525,10.463,10.398,0.02,0.0,1,10.34,10.32,9.95,9.58,9.27,8.61,9.55,8.59,False,True,False
2021-09-21,1632182400,10.146,10.884,10.146,10.398,17100,10.525,-0.13,-0.01,10.463,10.382,10.951,0.55,0.05,1,10.41,10.34,9.99,9.61,9.29,8.63,9.58,8.61,False,True,False
2021-09-22,1632268800,10.884,11.068,10.884,10.951,4500,10.463,0.49,0.05,10.382,10.398,10.618,-0.33,-0.03,-1,10.54,10.37,10.06,9.65,9.31,8.65,9.61,8.63,False,True,False
2021-09-23,1632355200,10.33,10.976,10.33,10.618,12101,10.382,0.24,0.02,10.398,10.951,10.323,-0.29,-0.03,-1,10.56,10.39,10.13,9.68,9.32,8.67,9.65,8.65,False,True,False
2021-09-24,1632441600,10.884,10.976,9.869,10.323,16800,10.398,-0.07,-0.01,10.951,10.618,11.134,0.81,0.08,1,10.53,10.4,10.17,9.71,9.34,8.68,9.68,8.67,False,True,False
2021-09-27,1632700800,10.884,11.806,10.884,11.134,20564,10.951,0.18,0.02,10.618,10.323,10.851,-0.28,-0.03,-1,10.68,10.51,10.26,9.76,9.36,8.7,9.71,8.68,False,True,False
2021-09-28,1632787200,11.068,11.53,10.054,10.851,11600,10.618,0.23,0.02,10.323,11.134,10.657,-0.19,-0.02,-1,10.78,10.59,10.31,9.8,9.38,8.72,9.76,8.7,False,True,False
2021-09-29,1632873600,11.068,11.161,10.238,10.657,20500,10.323,0.33,0.03,11.134,10.851,11.068,0.41,0.04,1,10.72,10.63,10.37,9.83,9.4,8.74,9.8,8.72,False,True,False
2021-09-30,1632960000,11.068,11.068,11.068,11.068,2700,11.134,-0.07,-0.01,10.851,10.657,11.07,0.0,0.0,-1,10.81,10.68,10.45,9.87,9.42,8.77,9.83,8.74,False,True,False
2021-10-01,1633046400,11.068,11.345,10.607,11.07,8500,10.851,0.22,0.02,10.657,11.068,11.028,-0.04,-0.0,-1,10.96,10.75,10.52,9.91,9.44,8.79,9.87,8.77,False,True,False
2021-10-04,1633305600,10.976,11.161,10.976,11.028,17800,10.657,0.37,0.03,11.068,11.07,10.774,-0.25,-0.02,-1,10.93,10.81,10.57,9.95,9.46,8.81,9.91,8.79,False,True,False
2021-10-05,1633392000,10.792,10.976,10.699,10.774,10100,11.068,-0.29,-0.03,11.07,11.028,10.822,0.05,0.0,1,10.92,10.85,10.6,9.97,9.48,8.83,9.95,8.81,False,True,False
2021-10-06,1633478400,10.699,11.068,10.699,10.822,300,11.07,-0.25,-0.02,11.028,10.774,10.619,-0.2,-0.02,-1,10.95,10.83,10.6,10.01,9.5,8.85,9.97,8.83,False,True,False
2021-10-07,1633564800,10.607,11.161,10.054,10.619,21700,11.028,-0.41,-0.04,10.774,10.822,10.705,0.09,0.01,1,10.86,10.83,10.61,10.03,9.52,8.87,10.01,8.85,False,True,False
2021-10-08,1633651200,10.976,10.976,10.607,10.705,4801,10.774,-0.07,-0.01,10.822,10.619,10.367,-0.34,-0.03,-1,10.79,10.87,10.63,10.05,9.53,8.89,10.03,8.87,False,True,False
2021-10-11,1633910400,10.515,10.884,10.33,10.367,12600,10.822,-0.45,-0.04,10.619,10.705,10.916,0.55,0.05,1,10.66,10.8,10.65,10.06,9.55,8.91,10.05,8.89,False,True,False
2021-10-12,1633996800,11.345,11.345,10.515,10.916,21200,10.619,0.3,0.03,10.705,10.367,11.254,0.34,0.03,1,10.69,10.8,10.7,10.08,9.57,8.93,10.06,8.91,False,True,False
2021-10-13,1634083200,11.161,11.345,11.161,11.254,7800,10.705,0.55,0.05,10.367,10.916,10.992,-0.26,-0.02,-1,10.77,10.86,10.75,10.1,9.59,8.95,10.08,8.93,False,True,False
2021-10-14,1634169600,11.253,11.345,10.607,10.992,33800,10.367,0.62,0.06,10.916,11.254,11.253,0.26,0.02,1,10.85,10.85,10.77,10.13,9.61,8.97,10.1,8.95,False,True,False
2021-10-15,1634256000,11.253,11.253,11.253,11.253,4800,10.916,0.34,0.03,11.254,10.992,11.136,-0.12,-0.01,-1,10.96,10.87,10.81,10.18,9.63,8.99,10.13,8.97,False,True,False
2021-10-18,1634515200,11.161,11.253,11.068,11.136,7164,11.254,-0.12,-0.01,10.992,11.253,11.069,-0.07,-0.01,-1,11.11,10.88,10.85,10.21,9.66,9.01,10.18,8.99,False,True,False
2021-10-19,1634601600,11.068,11.161,11.068,11.069,8400,10.992,0.08,0.01,11.253,11.136,11.257,0.19,0.02,1,11.14,10.91,10.88,10.23,9.68,9.03,10.21,9.01,False,True,False
2021-10-20,1634688000,11.161,11.898,10.976,11.257,11000,11.253,0.0,0.0,11.136,11.069,11.066,-0.19,-0.02,-1,11.14,10.96,10.9,10.26,9.7,9.06,10.23,9.03,False,True,False
2021-10-21,1634774400,10.607,11.253,10.607,11.066,26200,11.136,-0.07,-0.01,11.069,11.257,11.009,-0.06,-0.01,-1,11.16,11.0,10.92,10.3,9.72,9.08,10.26,9.06,False,True,False
2021-10-22,1634860800,11.437,11.437,10.792,11.009,26000,11.069,-0.06,-0.01,11.257,11.066,10.607,-0.4,-0.04,-1,11.11,11.03,10.95,10.33,9.74,9.1,10.3,9.08,False,True,False
2021-10-25,1635120000,10.884,11.253,10.33,10.607,15800,11.257,-0.65,-0.06,11.066,11.009,11.073,0.47,0.04,1,11.0,11.06,10.93,10.36,9.76,9.11,10.33,9.1,False,True,False
2021-10-26,1635206400,11.253,11.253,11.068,11.073,8200,11.066,0.01,0.0,11.009,10.607,10.957,-0.12,-0.01,-1,11.0,11.07,10.94,10.39,9.78,9.13,10.36,9.11,False,True,False
2021-10-27,1635292800,10.792,11.253,10.792,10.957,39200,11.009,-0.05,-0.0,10.607,11.073,10.748,-0.21,-0.02,-1,10.94,11.04,10.95,10.42,9.8,9.15,10.39,9.13,False,True,False
2021-10-28,1635379200,11.345,11.53,10.423,10.748,16200,10.607,0.14,0.01,11.073,10.957,11.889,1.14,0.11,1,10.88,11.02,10.94,10.45,9.82,9.17,10.42,9.15,False,True,False
2021-10-29,1635465600,11.253,12.36,11.068,11.889,117900,11.073,0.82,0.07,10.957,10.748,12.97,1.08,0.09,1,11.05,11.08,10.98,10.5,9.85,9.19,10.45,9.17,False,True,False
2021-11-01,1635724800,13.651,13.651,12.544,12.97,50200,10.957,2.01,0.18,10.748,11.889,13.141,0.17,0.01,1,11.53,11.26,11.07,10.57,9.89,9.22,10.5,9.19,False,True,False
2021-11-02,1635811200,13.005,13.651,13.005,13.141,38200,10.748,2.39,0.22,11.889,12.97,12.921,-0.22,-0.02,-1,11.94,11.47,11.19,10.64,9.93,9.24,10.57,9.22,False,True,False
2021-11-03,1635897600,13.005,13.374,12.452,12.921,46100,11.889,1.03,0.09,12.97,13.141,12.555,-0.37,-0.03,-1,12.33,11.64,11.3,10.71,9.97,9.27,10.64,9.24,False,True,False
2021-11-04,1635984000,12.36,12.913,12.36,12.555,11700,12.97,-0.42,-0.03,13.141,12.921,12.791,0.24,0.02,1,12.7,11.79,11.39,10.77,10.0,9.29,10.71,9.27,False,True,False
2021-11-05,1636070400,12.913,12.913,12.636,12.791,11500,13.141,-0.35,-0.03,12.921,12.555,12.033,-0.76,-0.06,-1,12.88,11.97,11.5,10.84,10.04,9.32,10.77,9.29,False,True,False
2021-11-08,1636329600,11.345,12.729,11.345,12.033,16800,12.921,-0.89,-0.07,12.555,12.791,12.243,0.21,0.02,1,12.69,12.11,11.58,10.89,10.07,9.34,10.84,9.32,False,True,False
2021-11-09,1636416000,11.898,12.729,11.898,12.243,27500,12.555,-0.31,-0.02,12.791,12.033,12.335,0.09,0.01,1,12.51,12.22,11.65,10.95,10.11,9.37,10.89,9.34,False,True,False
2021-11-10,1636502400,12.913,12.913,11.806,12.335,35700,12.791,-0.46,-0.04,12.033,12.243,12.634,0.3,0.02,1,12.39,12.36,11.7,11.0,10.14,9.39,10.95,9.37,False,True,False
2021-11-11,1636588800,12.913,13.005,12.36,12.634,16400,12.033,0.6,0.05,12.243,12.335,12.795,0.16,0.01,1,12.41,12.55,11.78,11.07,10.17,9.41,11.0,9.39,False,True,False
2021-11-12,1636675200,12.913,13.005,12.452,12.795,6000,12.243,0.55,0.04,12.335,12.634,12.49,-0.3,-0.02,-1,12.41,12.64,11.86,11.13,10.21,9.44,11.07,9.41,False,True,False
2021-11-15,1636934400,12.821,13.005,11.437,12.49,39100,12.335,0.15,0.01,12.634,12.795,12.647,0.16,0.01,1,12.5,12.59,11.93,11.17,10.25,9.47,11.13,9.44,False,True,False
2021-11-16,1637020800,11.898,13.005,11.806,12.647,63800,12.634,0.01,0.0,12.795,12.49,13.188,0.54,0.04,1,12.58,12.54,12.01,11.22,10.28,9.49,11.17,9.47,False,True,False
2021-11-17,1637107200,12.729,13.559,12.636,13.188,53600,12.795,0.39,0.03,12.49,12.647,13.406,0.22,0.02,1,12.75,12.57,12.1,11.27,10.32,9.52,11.22,9.49,False,True,False
2021-11-18,1637193600,13.374,13.467,13.374,13.406,14000,12.49,0.92,0.07,12.647,13.188,12.527,-0.88,-0.07,-1,12.91,12.66,12.22,11.33,10.37,9.55,11.27,9.52,False,True,False
2021-11-19,1637280000,13.282,13.836,12.083,12.527,21200,12.647,-0.12,-0.01,13.188,13.406,12.715,0.19,0.02,1,12.85,12.63,12.3,11.38,10.4,9.57,11.33,9.55,False,True,False
2021-11-22,1637539200,11.991,13.374,11.991,12.715,39400,13.188,-0.47,-0.04,13.406,12.527,13.307,0.59,0.05,1,12.9,12.7,12.4,11.43,10.44,9.6,11.38,9.57,False,True,False
2021-11-23,1637625600,12.729,13.836,12.636,13.307,14900,13.406,-0.1,-0.01,12.527,12.715,12.584,-0.72,-0.05,-1,13.03,12.8,12.51,11.5,10.48,9.63,11.43,9.6,False,True,False
2021-11-24,1637712000,13.19,13.19,12.267,12.584,21300,12.527,0.06,0.0,12.715,13.307,12.72,0.14,0.01,1,12.91,12.83,12.6,11.55,10.52,9.65,11.5,9.63,False,True,False
2021-11-25,1637798400,13.005,13.098,12.452,12.72,9300,12.715,0.01,0.0,13.307,12.584,12.112,-0.61,-0.05,-1,12.77,12.84,12.69,11.59,10.56,9.68,11.55,9.65,False,True,False
2021-11-26,1637884800,12.452,12.913,11.437,12.112,16000,13.307,-1.2,-0.09,12.584,12.72,12.113,0.0,0.0,-1,12.69,12.77,12.71,11.62,10.59,9.7,11.59,9.68,False,True,False
2021-11-29,1638144000,11.714,12.729,11.714,12.113,13100,12.584,-0.47,-0.04,12.72,12.112,12.067,-0.05,-0.0,-1,12.57,12.73,12.66,11.66,10.62,9.72,11.62,9.7,False,True,False
2021-11-30,1638230400,11.991,12.729,11.991,12.067,7600,12.72,-0.65,-0.05,12.112,12.113,12.075,0.01,0.0,1,12.32,12.67,12.61,11.69,10.65,9.75,11.66,9.72,False,True,False
2021-12-01,1638316800,12.452,12.636,11.991,12.075,27000,12.112,-0.04,-0.0,12.113,12.067,12.14,0.07,0.01,1,12.22,12.56,12.57,11.71,10.68,9.77,11.69,9.75,False,True,False
2021-12-02,1638403200,12.636,12.636,11.806,12.14,12900,12.113,0.03,0.0,12.067,12.075,12.349,0.21,0.02,1,12.1,12.44,12.55,11.74,10.71,9.79,11.71,9.77,False,True,False
2021-12-03,1638489600,11.898,12.636,11.898,12.349,17800,12.067,0.28,0.02,12.075,12.14,12.349,0.0,0.0,-1,12.15,12.42,12.52,11.78,10.75,9.82,11.74,9.79,False,True,False
2021-12-06,1638748800,11.806,12.821,11.806,12.349,15700,12.075,0.27,0.02,12.14,12.349,12.026,-0.32,-0.03,-1,12.2,12.38,12.54,11.81,10.78,9.84,11.78,9.82,False,True,False
2021-12-07,1638835200,11.806,12.544,11.806,12.026,9000,12.14,-0.11,-0.01,12.349,12.349,11.758,-0.27,-0.02,-1,12.19,12.25,12.53,11.83,10.81,9.86,11.81,9.84,False,True,False
2021-12-08,1638921600,11.991,12.36,11.53,11.758,10400,12.349,-0.59,-0.05,12.349,12.026,12.166,0.41,0.03,1,12.12,12.17,12.5,11.85,10.84,9.88,11.83,9.86,False,True,False
2021-12-09,1639008000,12.267,12.636,11.806,12.166,25200,12.349,-0.18,-0.01,12.026,11.758,12.429,0.26,0.02,1,12.13,12.12,12.48,11.88,10.87,9.9,11.85,9.88,False,True,False
2021-12-10,1639094400,12.175,12.636,12.175,12.429,1600,12.026,0.4,0.03,11.758,12.166,12.658,0.23,0.02,1,12.15,12.15,12.46,11.9,10.91,9.92,11.88,9.9,False,True,False
2021-12-13,1639353600,12.452,12.913,12.452,12.658,13200,11.758,0.9,0.08,12.166,12.429,12.37,-0.29,-0.02,-1,12.21,12.2,12.47,11.94,10.94,9.95,11.9,9.92,False,True,False
2021-12-14,1639440000,12.636,13.743,11.898,12.37,7400,12.166,0.2,0.02,12.429,12.658,12.566,0.2,0.02,1,12.28,12.23,12.45,11.97,10.97,9.97,11.94,9.95,False,True,False
2021-12-15,1639526400,13.282,13.282,11.991,12.566,8200,12.429,0.14,0.01,12.658,12.37,12.87,0.3,0.02,1,12.44,12.28,12.42,12.0,11.01,9.98,11.97,9.97,False,True,False
2021-12-16,1639612800,12.636,13.374,12.36,12.87,4900,12.658,0.21,0.02,12.37,12.566,12.175,-0.69,-0.05,-1,12.58,12.35,12.4,12.05,11.04,10.0,12.0,9.98,False,True,False
2021-12-17,1639699200,12.083,13.282,12.083,12.175,4100,12.37,-0.19,-0.02,12.566,12.87,12.221,0.05,0.0,1,12.53,12.34,12.38,12.08,11.06,10.02,12.05,10.0,False,True,False
2021-12-20,1639958400,11.991,12.821,11.991,12.221,600,12.566,-0.35,-0.03,12.87,12.175,12.419,0.2,0.02,1,12.44,12.32,12.35,12.11,11.09,10.03,12.08,10.02,False,True,False
2021-12-21,1640044800,12.175,13.005,12.175,12.419,2500,12.87,-0.45,-0.03,12.175,12.221,12.528,0.11,0.01,1,12.45,12.36,12.31,12.14,11.11,10.05,12.11,10.03,False,True,False
2021-12-22,1640131200,11.991,12.729,11.991,12.528,2200,12.175,0.35,0.03,12.221,12.419,12.143,-0.38,-0.03,-1,12.44,12.44,12.31,12.17,11.14,10.07,12.14,10.05,False,True,False
2021-12-23,1640217600,12.729,12.729,11.991,12.143,8400,12.221,-0.08,-0.01,12.419,12.528,12.741,0.6,0.05,1,12.3,12.44,12.28,12.19,11.16,10.08,12.17,10.07,False,True,False
2021-12-24,1640304000,11.991,12.913,11.991,12.741,3000,12.419,0.32,0.03,12.528,12.143,11.657,-1.08,-0.08,-1,12.41,12.47,12.31,12.22,11.2,10.1,12.19,10.08,False,True,False
2021-12-27,1640563200,12.729,12.729,11.622,11.657,7400,12.528,-0.87,-0.07,12.143,12.741,12.314,0.66,0.06,1,12.3,12.37,12.29,12.23,11.22,10.11,12.22,10.1,False,True,False
2021-12-28,1640649600,12.729,12.729,11.898,12.314,400,12.143,0.17,0.01,12.741,11.657,12.224,-0.09,-0.01,-1,12.28,12.36,12.3,12.26,11.24,10.13,12.23,10.11,False,True,False
2021-12-29,1640736000,11.714,12.913,11.714,12.224,12700,12.741,-0.52,-0.04,11.657,12.314,12.461,0.24,0.02,1,12.22,12.33,12.31,12.28,11.27,10.15,12.26,10.13,False,True,False
2021-12-30,1640822400,12.083,12.636,12.083,12.461,5200,11.657,0.8,0.07,12.314,12.224,12.538,0.08,0.01,1,12.28,12.29,12.32,12.3,11.3,10.16,12.28,10.15,False,True,False
2021-12-31,1640908800,12.36,12.913,12.267,12.538,4600,12.314,0.22,0.02,12.224,12.461,12.544,0.01,0.0,1,12.24,12.32,12.33,12.33,11.33,10.18,12.3,10.16,False,True,False
2022-01-04,1641254400,12.544,12.544,12.544,12.544,0,12.224,0.32,0.03,12.461,12.538,12.101,-0.44,-0.04,-1,12.42,12.36,12.34,12.37,11.37,10.2,12.33,10.18,False,True,False
2022-01-05,1641340800,11.898,12.544,11.898,12.101,1500,12.461,-0.36,-0.03,12.538,12.544,11.736,-0.37,-0.03,-1,12.37,12.33,12.34,12.39,11.39,10.21,12.37,10.2,False,True,False
2022-01-06,1641427200,11.714,12.729,11.714,11.736,6600,12.538,-0.8,-0.06,12.544,12.101,11.914,0.18,0.02,1,12.28,12.25,12.34,12.41,11.42,10.23,12.39,10.21,False,True,False
2022-01-07,1641513600,11.714,12.452,11.714,11.914,5300,12.544,-0.63,-0.05,12.101,11.736,11.794,-0.12,-0.01,-1,12.17,12.22,12.33,12.43,11.44,10.24,12.41,10.23,False,True,False
2022-01-10,1641772800,11.806,12.36,11.714,11.794,3100,12.101,-0.31,-0.03,11.736,11.914,11.63,-0.16,-0.01,-1,12.02,12.13,12.3,12.43,11.47,10.26,12.43,10.24,False,True,False
2022-01-11,1641859200,11.622,12.36,11.622,11.63,9600,11.736,-0.11,-0.01,11.914,11.794,11.962,0.33,0.03,1,11.84,12.13,12.25,12.4,11.49,10.27,12.43,10.26,False,True,False
2022-01-12,1641945600,11.898,12.083,11.898,11.962,5200,11.914,0.05,0.0,11.794,11.63,11.859,-0.1,-0.01,-1,11.81,12.09,12.23,12.38,11.51,10.29,12.4,10.27,False,True,False
2022-01-13,1642032000,11.806,11.991,11.806,11.859,2100,11.794,0.06,0.01,11.63,11.962,12.11,0.25,0.02,1,11.83,12.05,12.19,12.36,11.54,10.3,12.38,10.29,False,True,False
2022-01-14,1642118400,11.622,12.175,11.622,12.11,1700,11.63,0.48,0.04,11.962,11.859,11.716,-0.39,-0.03,-1,11.87,12.02,12.15,12.35,11.56,10.32,12.36,10.3,False,True,False
2022-01-17,1642377600,11.714,11.806,11.714,11.716,5300,11.962,-0.25,-0.02,11.859,12.11,11.258,-0.46,-0.04,-1,11.86,11.94,12.13,12.33,11.59,10.33,12.35,10.32,False,True,False
2022-01-18,1642464000,11.53,12.36,10.884,11.258,20200,11.859,-0.6,-0.05,12.11,11.716,11.898,0.64,0.06,1,11.78,11.81,12.08,12.31,11.6,10.35,12.33,10.33,False,True,False
2022-01-19,1642550400,11.898,11.898,11.898,11.898,100,12.11,-0.21,-0.02,11.716,11.258,12.041,0.14,0.01,1,11.77,11.79,12.06,12.31,11.63,10.36,12.31,10.35,False,True,False
2022-01-20,1642636800,12.36,12.36,11.437,12.041,10100,11.716,0.33,0.03,11.258,11.898,12.01,-0.03,-0.0,-1,11.8,11.82,12.03,12.3,11.65,10.38,12.31,10.36,False,True,False
2022-01-21,1642723200,12.267,12.36,11.622,12.01,10200,11.258,0.75,0.07,11.898,12.041,12.16,0.15,0.01,1,11.78,11.83,12.03,12.29,11.68,10.39,12.3,10.38,False,True,False
2022-01-24,1642982400,11.991,12.36,11.898,12.16,10800,11.898,0.26,0.02,12.041,12.01,12.033,-0.13,-0.01,-1,11.87,11.86,12.0,12.28,11.7,10.41,12.29,10.39,False,True,False
2022-01-25,1643068800,11.53,12.083,11.53,12.033,1300,12.041,-0.01,-0.0,12.01,12.16,12.136,0.1,0.01,1,12.03,11.9,12.02,12.27,11.72,10.42,12.28,10.41,False,True,False
2022-01-26,1643155200,12.175,12.175,12.083,12.136,2600,12.01,0.13,0.01,12.16,12.033,11.53,-0.61,-0.05,-1,12.08,11.92,12.01,12.26,11.74,10.44,12.27,10.42,False,True,False
2022-01-27,1643241600,11.53,11.53,11.53,11.53,100,12.16,-0.63,-0.05,12.033,12.136,12.171,0.64,0.06,1,11.97,11.89,11.97,12.22,11.75,10.45,12.26,10.44,False,True,False
2022-01-28,1643328000,11.806,12.729,11.806,12.171,16400,12.033,0.14,0.01,12.136,11.53,12.381,0.21,0.02,1,12.01,11.9,11.96,12.2,11.77,10.47,12.22,10.45,False,True,False
2022-02-07,1644192000,12.452,12.544,12.267,12.381,3100,12.136,0.25,0.02,11.53,12.171,12.387,0.01,0.0,1,12.05,11.96,11.95,12.2,11.79,10.49,12.2,10.47,False,True,False
2022-02-08,1644278400,12.267,12.636,12.267,12.387,3000,11.53,0.86,0.07,12.171,12.381,12.517,0.13,0.01,1,12.12,12.07,11.94,12.19,11.81,10.51,12.2,10.49,False,True,False
2022-02-09,1644364800,12.729,12.821,12.452,12.517,13100,12.171,0.35,0.03,12.381,12.387,12.555,0.04,0.0,1,12.2,12.14,11.96,12.17,11.84,10.53,12.19,10.51,False,True,False
2022-02-10,1644451200,12.452,12.821,12.452,12.555,5900,12.381,0.17,0.01,12.387,12.517,12.638,0.08,0.01,1,12.4,12.19,12.0,12.17,11.86,10.54,12.17,10.53,False,True,False
2022-02-11,1644537600,12.636,12.729,12.636,12.638,5700,12.387,0.25,0.02,12.517,12.555,12.624,-0.01,-0.0,-1,12.5,12.25,12.04,12.17,11.88,10.56,12.17,10.54,False,True,False
2022-02-14,1644796800,12.452,12.636,12.452,12.624,5400,12.517,0.11,0.01,12.555,12.638,12.636,0.01,0.0,1,12.54,12.3,12.08,12.18,11.9,10.58,12.17,10.56,False,True,False
2022-02-15,1644883200,12.636,12.636,12.636,12.636,0,12.555,0.08,0.01,12.638,12.624,12.264,-0.37,-0.03,-1,12.59,12.36,12.13,12.19,11.92,10.6,12.18,10.58,False,True,False
2022-02-16,1644969600,12.544,12.821,11.806,12.264,17800,12.638,-0.37,-0.03,12.624,12.636,12.682,0.42,0.03,1,12.54,12.37,12.15,12.2,11.94,10.62,12.19,10.6,False,True,False
2022-02-17,1645056000,12.636,12.821,12.636,12.682,5700,12.624,0.06,0.0,12.636,12.264,12.667,-0.02,-0.0,-1,12.57,12.49,12.19,12.21,11.96,10.63,12.2,10.62,False,True,False
2022-02-18,1645142400,12.636,12.821,12.636,12.667,600,12.636,0.03,0.0,12.264,12.682,12.38,-0.29,-0.02,-1,12.57,12.54,12.22,12.22,11.98,10.65,12.21,10.63,False,True,False
2022-02-21,1645401600,12.36,12.729,12.36,12.38,14400,12.264,0.12,0.01,12.682,12.667,12.288,-0.09,-0.01,-1,12.53,12.54,12.25,12.22,12.0,10.67,12.22,10.65,False,True,False
2022-02-22,1645488000,11.991,13.282,11.806,12.288,19200,12.682,-0.39,-0.03,12.667,12.38,13.351,1.06,0.09,1,12.46,12.53,12.3,12.22,12.01,10.69,12.22,10.67,False,True,False
2022-02-23,1645574400,12.913,13.374,12.913,13.351,2000,12.667,0.68,0.05,12.38,12.288,13.001,-0.35,-0.03,-1,12.67,12.61,12.37,12.24,12.04,10.71,12.22,10.69,False,True,False
2022-02-24,1645660800,13.19,13.282,12.544,13.001,8300,12.38,0.62,0.05,12.288,13.351,13.118,0.12,0.01,1,12.74,12.65,12.42,12.27,12.06,10.73,12.24,10.71,False,True,False
2022-02-25,1645747200,13.005,13.19,13.005,13.118,2300,12.288,0.83,0.07,13.351,13.001,13.45,0.33,0.03,1,12.83,12.7,12.48,12.29,12.08,10.75,12.27,10.73,False,True,False
2022-02-28,1646006400,13.19,13.651,13.19,13.45,3800,13.351,0.1,0.01,13.001,13.118,13.414,-0.04,-0.0,-1,13.04,12.78,12.54,12.31,12.11,10.77,12.29,10.75,False,True,False
2022-03-01,1646092800,13.374,13.467,13.374,13.414,2100,13.001,0.41,0.03,13.118,13.45,13.282,-0.13,-0.01,-1,13.27,12.86,12.61,12.32,12.13,10.8,12.31,10.77,False,True,False
2022-03-02,1646179200,13.282,13.282,13.282,13.282,4100,13.118,0.16,0.01,13.45,13.414,13.093,-0.19,-0.01,-1,13.25,12.96,12.67,12.34,12.15,10.82,12.32,10.8,False,True,False
2022-03-03,1646265600,13.19,13.19,12.913,13.093,19300,13.45,-0.36,-0.03,13.414,13.282,13.503,0.41,0.03,1,13.27,13.0,12.74,12.35,12.18,10.84,12.34,10.82,False,True,False
2022-03-04,1646352000,13.651,13.651,13.374,13.503,8100,13.414,0.09,0.01,13.282,13.093,13.592,0.09,0.01,1,13.35,13.09,12.81,12.37,12.21,10.86,12.35,10.84,False,True,False
2022-03-07,1646611200,13.651,13.743,13.374,13.592,10700,13.282,0.31,0.02,13.093,13.503,13.445,-0.15,-0.01,-1,13.38,13.21,12.87,12.39,12.23,10.88,12.37,10.86,False,True,False
2022-03-08,1646697600,13.559,13.651,13.282,13.445,10900,13.093,0.35,0.03,13.503,13.592,13.559,0.11,0.01,1,13.38,13.32,12.92,12.42,12.27,10.91,12.39,10.88,False,True,False
2022-03-09,1646784000,13.559,13.559,13.559,13.559,700,13.503,0.06,0.0,13.592,13.445,13.08,-0.48,-0.04,-1,13.44,13.35,12.98,12.44,12.29,10.93,12.42,10.91,False,True,False
2022-03-10,1646870400,13.559,13.559,12.913,13.08,17600,13.592,-0.51,-0.04,13.445,13.559,13.184,0.1,0.01,1,13.44,13.35,13.0,12.45,12.31,10.95,12.44,10.93,False,True,False
2022-03-11,1646956800,13.1,13.8,13.1,13.184,15800,13.445,-0.26,-0.02,13.559,13.08,13.956,0.77,0.06,1,13.37,13.36,13.03,12.47,12.33,10.97,12.45,10.95,False,True,False
2022-03-14,1647216000,12.8,14.1,12.8,13.956,900,13.559,0.4,0.03,13.08,13.184,13.741,-0.21,-0.02,-1,13.44,13.41,13.1,12.5,12.36,11.0,12.47,10.97,False,True,False
2022-03-15,1647302400,13.2,13.9,13.2,13.741,1700,13.08,0.66,0.05,13.184,13.956,13.339,-0.4,-0.03,-1,13.5,13.44,13.15,12.54,12.39,11.02,12.5,11.0,False,True,False
2022-03-16,1647388800,13.7,13.8,13.2,13.339,5900,13.184,0.16,0.01,13.956,13.741,13.349,0.01,0.0,1,13.46,13.45,13.21,12.56,12.41,11.04,12.54,11.02,False,True,False
2022-03-17,1647475200,13.2,14.0,13.2,13.349,31000,13.956,-0.61,-0.04,13.741,13.339,13.841,0.49,0.04,1,13.51,13.47,13.24,12.58,12.43,11.06,12.56,11.04,False,True,False
2022-03-18,1647561600,13.5,14.0,13.5,13.841,1700,13.741,0.1,0.01,13.339,13.349,12.873,-0.97,-0.07,-1,13.65,13.51,13.3,12.61,12.46,11.09,12.58,11.06,False,True,False
2022-03-21,1647820800,12.702,12.974,12.702,12.873,7500,13.339,-0.47,-0.04,13.349,13.841,12.515,-0.36,-0.03,-1,13.43,13.44,13.32,12.62,12.48,11.11,12.61,11.09,False,True,False
2022-03-22,1647907200,12.792,12.792,12.43,12.515,3300,13.349,-0.83,-0.06,13.841,12.873,12.72,0.21,0.02,1,13.18,13.34,13.33,12.62,12.49,11.13,12.62,11.11,False,True,False
2022-03-23,1647993600,12.883,13.065,12.52,12.72,9600,13.841,-1.12,-0.08,12.873,12.515,12.697,-0.02,-0.0,-1,13.06,13.26,13.3,12.63,12.51,11.14,12.62,11.13,False,True,False
2022-03-24,1648080000,12.611,12.702,12.611,12.697,2200,12.873,-0.18,-0.01,12.515,12.72,12.469,-0.23,-0.02,-1,12.93,13.22,13.29,12.65,12.53,11.16,12.63,11.14,False,True,False
2022-03-25,1648166400,12.067,12.792,12.067,12.469,4800,12.515,-0.05,-0.0,12.72,12.697,12.611,0.14,0.01,1,12.65,13.15,13.26,12.66,12.55,11.18,12.65,11.16,False,True,False
2022-03-28,1648425600,12.611,12.611,12.611,12.611,100,12.72,-0.11,-0.01,12.697,12.469,12.845,0.23,0.02,1,12.6,13.02,13.21,12.67,12.55,11.2,12.66,11.18,False,True,False
2022-03-29,1648512000,12.611,12.883,12.611,12.845,5000,12.697,0.15,0.01,12.469,12.611,12.733,-0.11,-0.01,-1,12.67,12.93,13.18,12.7,12.55,11.22,12.67,11.2,False,True,False
2022-03-30,1648598400,12.792,12.883,12.611,12.733,4100,12.469,0.26,0.02,12.611,12.845,12.816,0.08,0.01,1,12.67,12.87,13.16,12.71,12.55,11.24,12.7,11.22,False,True,False
2022-03-31,1648684800,12.883,12.883,12.702,12.816,3500,12.611,0.21,0.02,12.845,12.733,12.743,-0.07,-0.01,-1,12.69,12.81,13.14,12.73,12.55,11.26,12.71,11.24,False,True,False
2022-04-01,1648771200,12.883,12.883,12.611,12.743,5700,12.845,-0.1,-0.01,12.733,12.816,12.805,0.06,0.0,1,12.75,12.7,13.11,12.75,12.55,11.28,12.73,11.26,False,True,False
2022-04-04,1649030400,12.702,13.065,12.702,12.805,10400,12.733,0.07,0.01,12.816,12.743,12.83,0.03,0.0,1,12.79,12.7,13.07,12.77,12.55,11.3,12.75,11.28,False,True,False
2022-04-05,1649116800,12.792,13.065,12.792,12.83,3400,12.816,0.01,0.0,12.743,12.805,12.908,0.08,0.01,1,12.79,12.73,13.04,12.8,12.56,11.31,12.77,11.3,False,True,False
2022-04-06,1649203200,13.155,13.155,12.792,12.908,6200,12.743,0.16,0.01,12.805,12.83,12.913,0.01,0.0,1,12.82,12.75,13.0,12.82,12.56,11.33,12.8,11.31,False,True,False
2022-04-07,1649289600,12.883,12.974,12.883,12.913,1500,12.805,0.11,0.01,12.83,12.908,12.981,0.07,0.01,1,12.84,12.77,12.99,12.84,12.57,11.35,12.82,11.33,False,True,False
2022-04-08,1649376000,12.883,13.246,12.883,12.981,1300,12.83,0.15,0.01,12.908,12.913,12.831,-0.15,-0.01,-1,12.89,12.82,12.98,12.86,12.57,11.37,12.84,11.35,False,True,False
2022-04-12,1649721600,12.974,12.974,12.702,12.831,6900,12.908,-0.08,-0.01,12.913,12.981,12.362,-0.47,-0.04,-1,12.89,12.84,12.93,12.87,12.57,11.39,12.86,11.37,False,True,False
2022-04-13,1649808000,12.792,13.065,12.248,12.362,14800,12.913,-0.55,-0.04,12.981,12.831,12.363,0.0,0.0,-1,12.8,12.79,12.86,12.88,12.57,11.41,12.87,11.39,False,True,False
2022-04-14,1649894400,12.157,13.518,12.157,12.363,6600,12.981,-0.62,-0.05,12.831,12.362,12.173,-0.19,-0.02,-1,12.69,12.76,12.81,12.88,12.57,11.43,12.88,11.41,False,True,False
2022-04-15,1649980800,12.702,13.428,11.159,12.173,19700,12.831,-0.66,-0.05,12.362,12.363,12.992,0.82,0.07,1,12.54,12.69,12.75,12.89,12.56,11.44,12.88,11.43,False,True,False
2022-04-18,1650240000,12.248,13.428,12.157,12.992,11300,12.362,0.63,0.05,12.363,12.173,13.013,0.02,0.0,1,12.54,12.72,12.71,12.91,12.55,11.46,12.89,11.44,False,True,False
2022-04-19,1650326400,13.155,13.246,12.883,13.013,8000,12.363,0.65,0.05,12.173,12.992,13.041,0.03,0.0,1,12.58,12.74,12.72,12.92,12.56,11.48,12.91,11.46,False,True,False
2022-04-20,1650412800,12.974,13.428,12.974,13.041,3900,12.173,0.87,0.07,12.992,13.013,12.689,-0.35,-0.03,-1,12.72,12.76,12.74,12.94,12.56,11.5,12.92,11.48,False,True,False
2022-04-21,1650499200,12.702,13.065,12.067,12.689,7600,12.992,-0.3,-0.02,13.013,13.041,12.706,0.02,0.0,1,12.78,12.74,12.74,12.94,12.56,11.52,12.94,11.5,False,True,False
2022-04-22,1650585600,12.974,12.974,12.52,12.706,4300,13.013,-0.31,-0.02,13.041,12.689,12.459,-0.25,-0.02,-1,12.89,12.72,12.74,12.94,12.56,11.54,12.94,11.52,False,True,False
2022-04-25,1650844800,12.792,12.792,12.248,12.459,8200,13.041,-0.58,-0.04,12.689,12.706,12.402,-0.06,-0.0,-1,12.78,12.66,12.74,12.94,12.55,11.56,12.94,11.54,False,True,False
2022-04-26,1650931200,11.885,12.43,11.885,12.402,2000,12.689,-0.29,-0.02,12.706,12.459,12.42,0.02,0.0,1,12.66,12.62,12.73,12.93,12.56,11.57,12.94,11.56,False,True,False
2022-04-27,1651017600,11.976,12.702,11.976,12.42,5200,12.706,-0.29,-0.02,12.459,12.402,12.427,0.01,0.0,1,12.54,12.63,12.71,12.93,12.56,11.59,12.93,11.57,False,True,False
2022-04-28,1651104000,12.339,12.702,12.248,12.427,9200,12.459,-0.03,-0.0,12.402,12.42,13.097,0.67,0.05,1,12.48,12.63,12.69,12.93,12.56,11.61,12.93,11.59,False,True,False
2022-04-29,1651190400,12.702,14.244,12.702,13.097,3600,12.402,0.7,0.06,12.42,12.427,12.899,-0.2,-0.02,-1,12.56,12.72,12.71,12.94,12.57,11.63,12.93,11.61,False,True,False
2022-05-04,1651622400,13.065,13.155,12.702,12.899,1200,12.42,0.48,0.04,12.427,13.097,12.94,0.04,0.0,1,12.65,12.72,12.72,12.95,12.58,11.65,12.94,11.63,False,True,False
2022-05-05,1651708800,12.883,13.428,12.883,12.94,2400,12.427,0.51,0.04,13.097,12.899,12.974,0.03,0.0,1,12.76,12.71,12.72,12.96,12.59,11.67,12.95,11.65,False,True,False
2022-05-06,1651795200,12.974,12.974,12.974,12.974,0,13.097,-0.12,-0.01,12.899,12.94,12.974,0.0,0.0,-1,12.87,12.7,12.73,12.97,12.59,11.69,12.96,11.67,False,True,False
2022-05-09,1652054400,12.974,12.974,12.974,12.974,0,12.899,0.08,0.01,12.94,12.974,12.821,-0.15,-0.01,-1,12.98,12.73,12.73,12.96,12.6,11.71,12.97,11.69,False,True,False
2022-05-10,1652140800,12.611,13.155,12.611,12.821,5100,12.94,-0.12,-0.01,12.974,12.974,12.974,0.15,0.01,1,12.92,12.74,12.73,12.96,12.61,11.73,12.96,11.71,False,True,False
2022-05-11,1652227200,12.974,12.974,12.974,12.974,1500,12.974,0.0,0.0,12.974,12.821,13.056,0.08,0.01,1,12.94,12.79,12.73,12.96,12.62,11.75,12.96,11.73,False,True,False
2022-05-12,1652313600,13.065,13.065,12.883,13.056,2100,12.974,0.08,0.01,12.821,12.974,12.254,-0.8,-0.06,-1,12.96,12.86,12.74,12.95,12.63,11.77,12.96,11.75,False,True,False
2022-05-13,1652400000,12.883,13.155,11.794,12.254,1501,12.821,-0.57,-0.04,12.974,13.056,12.727,0.47,0.04,1,12.82,12.84,12.73,12.93,12.62,11.78,12.95,11.77,False,True,False
2022-05-16,1652659200,13.065,13.065,11.976,12.727,5400,12.974,-0.25,-0.02,13.056,12.254,12.853,0.13,0.01,1,12.77,12.87,12.75,12.91,12.63,11.8,12.93,11.78,False,True,False
2022-05-17,1652745600,12.883,12.883,12.792,12.853,300,13.056,-0.2,-0.02,12.254,12.727,12.974,0.12,0.01,1,12.77,12.85,12.79,12.91,12.63,11.82,12.91,11.8,False,True,False
2022-05-18,1652832000,12.702,13.155,12.702,12.974,1000,12.254,0.72,0.06,12.727,12.853,12.974,0.0,0.0,-1,12.77,12.85,12.78,12.9,12.63,11.83,12.91,11.82,False,True,False
2022-05-19,1652918400,13.155,13.155,12.792,12.974,200,12.727,0.25,0.02,12.853,12.974,12.393,-0.58,-0.04,-1,12.76,12.86,12.78,12.89,12.64,11.85,12.9,11.83,False,True,False
2022-05-20,1653004800,12.157,12.702,12.067,12.393,2500,12.853,-0.46,-0.04,12.974,12.974,12.655,0.26,0.02,1,12.78,12.8,12.75,12.87,12.64,11.86,12.89,11.85,False,True,False
2022-05-23,1653264000,12.702,12.702,12.611,12.655,2700,12.974,-0.32,-0.02,12.974,12.393,12.611,-0.04,-0.0,-1,12.77,12.77,12.75,12.85,12.64,11.88,12.87,11.86,False,True,False
2022-05-24,1653350400,12.611,12.611,12.611,12.611,1100,12.974,-0.36,-0.03,12.393,12.655,12.611,0.0,0.0,-1,12.72,12.75,12.74,12.84,12.65,11.89,12.85,11.88,False,True,False
2022-05-25,1653436800,12.611,12.611,12.611,12.611,1400,12.393,0.22,0.02,12.655,12.611,12.611,0.0,0.0,-1,12.65,12.71,12.75,12.83,12.65,11.91,12.84,11.89,False,True,False
2022-05-26,1653523200,12.611,12.611,12.611,12.611,0,12.655,-0.04,-0.0,12.611,12.611,12.702,0.09,0.01,1,12.58,12.67,12.76,12.8,12.65,11.92,12.83,11.91,False,True,False
2022-05-27,1653609600,12.702,12.702,12.702,12.702,100,12.611,0.09,0.01,12.611,12.611,11.112,-1.59,-0.13,-1,12.64,12.71,12.78,12.78,12.66,11.94,12.8,11.92,False,True,False
2022-05-30,1653868800,11.885,12.702,11.069,11.112,5600,12.611,-1.5,-0.12,12.611,12.702,12.702,1.59,0.14,1,12.33,12.55,12.71,12.73,12.65,11.95,12.78,11.94,False,True,False
2022-05-31,1653955200,12.702,12.702,12.702,12.702,100,12.611,0.09,0.01,12.702,11.112,12.702,0.0,0.0,-1,12.35,12.53,12.69,12.72,12.65,11.96,12.73,11.95,False,True,False
2022-06-01,1654041600,12.702,12.702,12.702,12.702,0,12.702,0.0,0.0,11.112,12.702,12.063,-0.64,-0.05,-1,12.37,12.51,12.68,12.7,12.65,11.98,12.72,11.96,False,True,False
2022-06-02,1654128000,12.339,13.609,11.069,12.063,18100,11.112,0.95,0.09,12.702,12.702,13.337,1.27,0.11,1,12.26,12.42,12.64,12.68,12.65,11.99,12.7,11.98,False,True,False
2022-06-03,1654214400,13.246,13.428,13.246,13.337,800,12.702,0.63,0.05,12.702,12.063,13.428,0.09,0.01,1,12.38,12.51,12.66,12.7,12.66,12.01,12.68,11.99,False,True,False
2022-06-06,1654473600,13.428,13.428,13.428,13.428,200,12.702,0.73,0.06,12.063,13.337,13.428,0.0,0.0,-1,12.85,12.59,12.68,12.71,12.67,12.03,12.7,12.01,False,True,False
2022-06-07,1654560000,13.428,13.428,13.428,13.428,0,12.063,1.37,0.11,13.337,13.428,13.428,0.0,0.0,-1,12.99,12.67,12.71,12.73,12.69,12.05,12.71,12.03,False,True,False
2022-06-08,1654646400,13.428,13.428,13.428,13.428,0,13.337,0.09,0.01,13.428,13.428,13.246,-0.18,-0.01,-1,13.14,12.75,12.73,12.75,12.7,12.07,12.73,12.05,False,True,False
2022-06-09,1654732800,13.246,13.246,13.246,13.246,800,13.428,-0.18,-0.01,13.428,13.428,13.246,0.0,0.0,-1,13.37,12.81,12.74,12.76,12.72,12.09,12.75,12.07,False,True,False
2022-06-10,1654819200,13.246,13.246,13.246,13.246,0,13.428,-0.18,-0.01,13.428,13.246,12.156,-1.09,-0.08,-1,13.36,12.87,12.79,12.77,12.73,12.11,12.76,12.09,False,True,False
2022-06-13,1655078400,11.522,13.337,11.522,12.156,18900,13.428,-1.27,-0.09,13.246,13.246,12.978,0.82,0.07,1,13.1,12.97,12.76,12.76,12.74,12.12,12.77,12.11,False,True,False
2022-06-14,1655164800,12.974,13.065,12.974,12.978,2300,13.246,-0.27,-0.02,13.246,12.156,13.105,0.13,0.01,1,13.01,13.0,12.77,12.76,12.75,12.14,12.76,12.12,False,True,False
2022-06-15,1655251200,12.974,13.337,12.43,13.105,3300,13.246,-0.14,-0.01,12.156,12.978,13.065,-0.04,-0.0,-1,12.95,13.04,12.77,12.77,12.76,12.16,12.76,12.14,False,True,False
2022-06-16,1655337600,12.883,13.065,12.883,13.065,2700,12.156,0.91,0.07,12.978,13.105,13.065,0.0,0.0,-1,12.91,13.14,12.78,12.77,12.77,12.18,12.77,12.16,False,True,False
2022-06-17,1655424000,13.065,13.065,13.065,13.065,0,12.978,0.09,0.01,13.105,13.065,11.315,-1.75,-0.13,-1,12.87,13.11,12.81,12.78,12.79,12.2,12.77,12.18,False,True,False
2022-06-20,1655683200,11.25,12.702,11.25,11.315,3900,13.105,-1.79,-0.14,13.065,13.065,12.779,1.46,0.13,1,12.71,12.9,12.75,12.74,12.78,12.2,12.78,12.2,False,True,False
2022-06-21,1655769600,12.702,12.883,12.702,12.779,4800,13.065,-0.29,-0.02,13.065,11.315,12.792,0.01,0.0,1,12.67,12.84,12.75,12.74,12.79,12.22,12.74,12.2,False,True,False
2022-06-22,1655856000,12.792,12.792,12.792,12.792,0,13.065,-0.27,-0.02,11.315,12.779,12.953,0.16,0.01,1,12.6,12.77,12.76,12.74,12.8,12.24,12.74,12.22,False,True,False
2022-06-23,1655942400,12.611,13.065,12.611,12.953,4300,11.315,1.64,0.14,12.779,12.792,12.974,0.02,0.0,1,12.58,12.75,12.78,12.74,12.81,12.25,12.74,12.24,False,True,False
2022-06-24,1656028800,12.974,12.974,12.974,12.974,0,12.779,0.2,0.02,12.792,12.953,12.939,-0.04,-0.0,-1,12.56,12.72,12.79,12.75,12.81,12.27,12.74,12.25,False,True,False
2022-06-27,1656288000,12.702,13.155,12.702,12.939,5900,12.792,0.15,0.01,12.953,12.974,13.08,0.14,0.01,1,12.89,12.8,12.89,12.76,12.82,12.28,12.75,12.27,False,True,False
2022-06-28,1656374400,12.883,13.155,12.883,13.08,600,12.953,0.13,0.01,12.974,12.939,13.065,-0.02,-0.0,-1,12.95,12.81,12.9,12.78,12.84,12.29,12.76,12.28,False,True,False
2022-06-29,1656460800,13.065,13.065,13.065,13.065,0,12.974,0.09,0.01,12.939,13.08,13.155,0.09,0.01,1,13.0,12.8,12.92,12.78,12.85,12.31,12.78,12.29,False,True,False
2022-06-30,1656547200,13.155,13.155,13.155,13.155,500,12.939,0.22,0.02,13.08,13.065,13.104,-0.05,-0.0,-1,13.04,12.81,12.98,12.79,12.85,12.32,12.78,12.31,False,True,False
2022-07-01,1656633600,12.974,13.155,12.974,13.104,700,13.08,0.02,0.0,13.065,13.155,12.995,-0.11,-0.01,-1,13.07,12.82,12.97,12.79,12.86,12.34,12.79,12.32,False,True,False
2022-07-04,1656892800,12.883,13.065,12.883,12.995,3000,13.065,-0.07,-0.01,13.155,13.104,12.889,-0.11,-0.01,-1,13.08,12.98,12.94,12.79,12.87,12.35,12.79,12.34,False,True,False
2022-07-05,1656979200,12.883,12.974,12.883,12.889,1700,13.155,-0.27,-0.02,13.104,12.995,12.547,-0.34,-0.03,-1,13.04,12.99,12.92,12.8,12.87,12.36,12.79,12.35,False,True,False
2022-07-06,1657065600,11.431,13.518,11.431,12.547,6100,13.104,-0.56,-0.04,12.995,12.889,13.185,0.64,0.05,1,12.94,12.97,12.87,12.8,12.87,12.37,12.8,12.36,False,True,False
2022-07-07,1657152000,12.883,13.428,12.883,13.185,300,12.995,0.19,0.01,12.889,12.547,12.058,-1.13,-0.09,-1,12.94,12.99,12.87,12.82,12.87,12.39,12.8,12.37,False,True,False
2022-07-08,1657238400,12.067,13.155,11.885,12.058,3100,12.889,-0.83,-0.06,12.547,13.185,12.965,0.91,0.08,1,12.73,12.9,12.81,12.81,12.87,12.4,12.82,12.39,False,True,False
2022-07-11,1657497600,12.883,13.065,12.611,12.965,4000,12.547,0.42,0.03,13.185,12.058,11.758,-1.21,-0.09,-1,12.73,12.9,12.85,12.82,12.88,12.41,12.81,12.4,False,True,False
2022-07-12,1657584000,12.974,13.065,11.159,11.758,15900,13.185,-1.43,-0.11,12.058,12.965,11.922,0.16,0.01,1,12.5,12.77,12.79,12.79,12.87,12.41,12.82,12.41,False,True,False
2022-07-13,1657670400,11.25,13.065,11.25,11.922,8100,12.058,-0.14,-0.01,12.965,11.758,12.001,0.08,0.01,1,12.38,12.66,12.73,12.77,12.86,12.42,12.79,12.41,False,True,False
2022-07-14,1657756800,11.613,13.155,11.25,12.001,8900,12.965,-0.96,-0.07,11.758,11.922,13.006,1.01,0.08,1,12.14,12.54,12.68,12.75,12.86,12.43,12.77,12.42,False,True,False
2022-07-15,1657843200,12.974,13.065,12.974,13.006,1700,11.758,1.25,0.11,11.922,12.001,12.974,-0.03,-0.0,-1,12.33,12.53,12.67,12.75,12.86,12.44,12.75,12.43,False,True,False
2022-07-18,1658102400,12.883,13.065,12.883,12.974,4500,11.922,1.05,0.09,12.001,13.006,12.949,-0.03,-0.0,-1,12.33,12.53,12.76,12.75,12.86,12.45,12.75,12.44,False,True,False
2022-07-19,1658188800,11.522,13.065,11.522,12.949,2200,12.001,0.95,0.08,13.006,12.974,12.99,0.04,0.0,1,12.57,12.54,12.77,12.76,12.86,12.46,12.75,12.45,False,True,False
2022-07-20,1658275200,12.974,13.065,12.974,12.99,1100,13.006,-0.02,-0.0,12.974,12.949,12.991,0.0,0.0,-1,12.78,12.58,12.78,12.76,12.86,12.47,12.76,12.46,False,True,False
2022-07-21,1658361600,12.974,13.065,11.885,12.991,3200,12.974,0.02,0.0,12.949,12.99,12.974,-0.02,-0.0,-1,12.98,12.56,12.78,12.76,12.85,12.48,12.76,12.47,False,True,False
2022-07-22,1658448000,12.974,12.974,12.974,12.974,0,12.949,0.03,0.0,12.99,12.991,12.974,0.0,0.0,-1,12.98,12.65,12.78,12.77,12.85,12.49,12.76,12.48,False,True,False
2022-07-25,1658707200,12.974,12.974,12.974,12.974,0,12.99,-0.02,-0.0,12.991,12.974,12.974,0.0,0.0,-1,12.98,12.65,12.78,12.78,12.85,12.5,12.77,12.49,False,True,False
2022-07-26,1658793600,12.974,12.974,12.974,12.974,0,12.991,-0.02,-0.0,12.974,12.974,12.974,0.0,0.0,-1,12.98,12.78,12.77,12.78,12.84,12.51,12.78,12.5,False,True,False
2022-07-27,1658880000,12.974,12.974,12.974,12.974,0,12.974,0.0,0.0,12.974,12.974,12.974,0.0,0.0,-1,12.98,12.88,12.77,12.78,12.84,12.52,12.78,12.51,False,True,False
2022-07-28,1658966400,12.974,12.974,12.974,12.974,0,12.974,0.0,0.0,12.974,12.974,11.943,-1.03,-0.08,-1,12.97,12.98,12.76,12.78,12.83,12.53,12.78,12.52,False,True,False
2022-07-29,1659052800,12.702,14.516,11.159,11.943,18100,12.974,-1.03,-0.08,12.974,12.974,13.614,1.67,0.14,1,12.77,12.87,12.7,12.77,12.82,12.54,12.78,12.53,False,True,False
2022-08-01,1659312000,13.609,13.7,13.609,13.614,1600,12.974,0.64,0.05,12.974,11.943,13.242,-0.37,-0.03,-1,12.9,12.94,12.73,12.79,12.82,12.56,12.77,12.54,False,True,False
2022-08-02,1659398400,13.518,13.609,12.067,13.242,5000,12.974,0.27,0.02,11.943,13.614,13.246,0.0,0.0,-1,12.95,12.96,12.75,12.8,12.82,12.56,12.79,12.56,False,True,False
2022-08-03,1659484800,13.246,13.246,13.246,13.246,0,11.943,1.3,0.11,13.614,13.242,13.246,0.0,0.0,-1,13.0,12.99,12.79,12.81,12.82,12.58,12.8,12.56,False,True,False
2022-08-04,1659571200,13.246,13.246,13.246,13.246,0,13.614,-0.37,-0.03,13.242,13.246,13.246,0.0,0.0,-1,13.06,13.02,12.79,12.83,12.81,12.59,12.81,12.58,False,True,False
2022-08-05,1659657600,13.246,13.246,13.246,13.246,0,13.242,0.0,0.0,13.246,13.246,13.155,-0.09,-0.01,-1,13.32,13.04,12.85,12.84,12.81,12.6,12.83,12.59,False,True,False
2022-08-08,1659916800,13.155,13.155,13.155,13.155,200,13.246,-0.09,-0.01,13.246,13.246,13.431,0.28,0.02,1,13.23,13.06,12.86,12.88,12.81,12.61,12.84,12.6,False,True,False
2022-08-09,1660003200,13.155,13.609,13.155,13.431,5000,13.246,0.18,0.01,13.246,13.155,13.434,0.0,0.0,-1,13.26,13.11,12.94,12.89,12.81,12.62,12.88,12.61,False,True,False
2022-08-10,1660089600,13.518,13.609,13.337,13.434,4300,13.246,0.19,0.01,13.155,13.431,13.32,-0.11,-0.01,-1,13.3,13.15,13.02,12.91,12.8,12.63,12.89,12.62,False,True,False
2022-08-11,1660176000,13.155,13.337,13.155,13.32,3400,13.155,0.17,0.01,13.431,13.434,13.553,0.23,0.02,1,13.32,13.19,13.08,12.93,12.81,12.64,12.91,12.63,False,True,False
2022-08-12,1660262400,13.609,13.609,13.155,13.553,2100,13.431,0.12,0.01,13.434,13.32,13.439,-0.11,-0.01,-1,13.38,13.35,13.11,12.94,12.82,12.66,12.93,12.64,False,True,False
2022-08-15,1660521600,13.609,13.609,13.428,13.439,2300,13.434,0.01,0.0,13.32,13.553,12.346,-1.09,-0.08,-1,13.44,13.33,13.13,12.94,12.83,12.67,12.94,12.66,False,True,False
2022-08-16,1660608000,12.157,13.518,12.157,12.346,5200,13.32,-0.97,-0.07,13.553,13.439,13.337,0.99,0.08,1,13.22,13.24,13.1,12.92,12.82,12.67,12.94,12.67,False,True,False
2022-08-17,1660694400,13.337,13.337,13.337,13.337,100,13.553,-0.22,-0.02,13.439,12.346,13.609,0.27,0.02,1,13.2,13.25,13.12,12.91,12.83,12.69,12.92,12.67,False,True,False
2022-08-18,1660780800,13.609,13.609,13.609,13.609,100,13.439,0.17,0.01,12.346,13.337,13.609,0.0,0.0,-1,13.26,13.29,13.15,12.92,12.84,12.7,12.91,12.69,False,True,False
2022-08-19,1660867200,13.609,13.609,13.609,13.609,0,12.346,1.26,0.1,13.337,13.609,13.609,0.0,0.0,-1,13.27,13.32,13.18,12.93,12.85,12.7,12.92,12.7,False,True,False
2022-08-22,1661126400,13.609,13.609,13.609,13.609,32,13.337,0.27,0.02,13.609,13.609,12.419,-1.19,-0.09,-1,13.3,13.37,13.22,12.96,12.86,12.7,12.93,12.7,False,True,False
2022-08-23,1661212800,12.157,13.609,11.794,12.419,5000,13.609,-1.19,-0.09,13.609,13.609,11.982,-0.44,-0.04,-1,13.32,13.27,13.19,12.95,12.85,12.7,12.96,12.7,False,True,False
2022-08-24,1661299200,11.794,13.609,11.431,11.982,10500,13.609,-1.63,-0.12,13.609,12.419,12.444,0.46,0.04,1,13.05,13.12,13.14,12.92,12.85,12.7,12.95,12.7,False,True,False
2022-08-25,1661385600,13.428,13.428,11.885,12.444,10300,13.609,-1.16,-0.09,12.419,11.982,13.065,0.62,0.05,1,12.81,13.03,13.11,12.91,12.84,12.69,12.92,12.7,False,True,False
2022-08-26,1661472000,13.065,13.065,13.065,13.065,100,12.419,0.65,0.05,11.982,12.444,13.065,0.0,0.0,-1,12.7,12.99,13.17,12.91,12.84,12.7,12.91,12.69,False,True,False
2022-08-29,1661731200,13.065,13.065,13.065,13.065,0,11.982,1.08,0.09,12.444,13.065,13.065,0.0,0.0,-1,12.6,12.95,13.14,12.95,12.85,12.7,12.91,12.7,False,True,False
2022-08-30,1661817600,13.065,13.065,13.065,13.065,0,12.444,0.62,0.05,13.065,13.065,13.065,0.0,0.0,-1,12.72,13.02,13.13,12.95,12.85,12.71,12.95,12.7,False,True,False
2022-08-31,1661904000,13.065,13.065,13.065,13.065,0,13.065,0.0,0.0,13.065,13.065,12.739,-0.33,-0.03,-1,12.94,12.99,13.12,12.96,12.85,12.71,12.95,12.71,False,True,False
2022-09-05,1662336000,12.974,13.065,12.339,12.739,12800,13.065,-0.33,-0.03,13.065,13.065,12.979,0.24,0.02,1,13.0,12.91,13.1,12.95,12.85,12.71,12.96,12.71,False,True,False
2022-09-06,1662422400,13.065,13.065,12.974,12.979,1800,13.065,-0.09,-0.01,13.065,12.739,12.984,0.01,0.0,1,12.98,12.84,13.08,12.95,12.85,12.71,12.95,12.71,False,True,False
2022-09-07,1662508800,13.065,13.065,12.974,12.984,900,13.065,-0.08,-0.01,12.739,12.979,13.027,0.04,0.0,1,12.97,12.78,13.07,12.95,12.86,12.71,12.95,12.71,False,True,False
2022-09-08,1662595200,13.337,13.337,12.883,13.027,3800,12.739,0.29,0.02,12.979,12.984,13.337,0.31,0.02,1,12.96,12.84,13.05,12.95,12.87,12.71,12.95,12.71,False,True,False
2022-09-09,1662681600,13.337,13.337,13.337,13.337,500,12.979,0.36,0.03,12.984,13.027,13.269,-0.07,-0.01,-1,13.01,12.98,13.05,12.96,12.87,12.71,12.95,12.71,False,True,False
2022-09-12,1662940800,12.248,13.337,12.248,13.269,1600,12.984,0.29,0.02,13.027,13.337,13.246,-0.02,-0.0,-1,13.12,13.06,13.05,12.96,12.87,12.72,12.96,12.71,False,True,False
2022-09-13,1663027200,13.246,13.246,13.246,13.246,0,13.027,0.22,0.02,13.337,13.269,13.337,0.09,0.01,1,13.17,13.08,13.03,12.96,12.88,12.72,12.96,12.72,False,True,False
2022-09-14,1663113600,13.337,13.337,13.337,13.337,1000,13.337,0.0,0.0,13.269,13.246,13.337,0.0,0.0,-1,13.24,13.1,13.03,12.97,12.88,12.72,12.96,12.72,False,True,False
2022-09-15,1663200000,13.337,13.337,13.337,13.337,300,13.269,0.07,0.01,13.246,13.337,13.337,0.0,0.0,-1,13.31,13.13,13.08,12.98,12.89,12.72,12.97,12.72,False,True,False
2022-09-16,1663286400,13.337,13.337,13.337,13.337,700,13.246,0.09,0.01,13.337,13.337,13.337,0.0,0.0,-1,13.31,13.16,13.08,12.99,12.9,12.73,12.98,12.72,False,True,False
2022-09-19,1663545600,13.337,13.337,13.337,13.337,300,13.337,0.0,0.0,13.337,13.337,11.585,-1.75,-0.13,-1,13.32,13.22,13.06,13.0,12.91,12.73,12.99,12.73,False,True,False
2022-09-20,1663632000,11.613,12.883,11.522,11.585,8100,13.337,-1.75,-0.13,13.337,13.337,11.61,0.02,0.0,1,12.99,13.08,12.96,12.99,12.9,12.73,13.0,12.73,False,True,False
2022-09-21,1663718400,13.337,13.337,10.615,11.61,19532,13.337,-1.73,-0.13,13.337,11.585,12.597,0.99,0.09,1,12.64,12.94,12.86,12.96,12.89,12.73,12.99,12.73,False,True,False
2022-09-22,1663804800,13.065,13.065,11.794,12.597,11100,13.337,-0.74,-0.06,11.585,11.61,13.168,0.57,0.05,1,12.49,12.9,12.87,12.98,12.89,12.73,12.96,12.73,False,True,False
2022-09-23,1663891200,13.065,13.246,13.065,13.168,700,11.585,1.58,0.14,11.61,12.597,12.825,-0.34,-0.03,-1,12.46,12.88,12.93,13.0,12.89,12.74,12.98,12.73,False,True,False
2022-09-26,1664150400,12.883,12.883,12.792,12.825,3300,11.61,1.21,0.1,12.597,13.168,13.209,0.38,0.03,1,12.36,12.84,12.95,13.02,12.89,12.74,13.0,12.74,False,True,False
2022-09-27,1664236800,12.702,13.609,12.702,13.209,1700,12.597,0.61,0.05,13.168,12.825,11.435,-1.77,-0.13,-1,12.68,12.83,12.96,13.02,12.89,12.74,13.02,12.74,False,True,False
2022-09-28,1664323200,11.885,12.52,11.341,11.435,35500,13.168,-1.73,-0.13,12.825,13.209,12.014,0.58,0.05,1,12.65,12.64,12.87,12.99,12.87,12.74,13.02,12.74,False,True,False
2022-09-29,1664409600,11.159,13.065,11.159,12.014,30000,12.825,-0.81,-0.06,13.209,11.435,12.883,0.87,0.07,1,12.53,12.51,12.82,12.97,12.87,12.74,12.99,12.74,False,True,False
2022-09-30,1664496000,12.883,12.883,12.883,12.883,1000,13.209,-0.33,-0.02,11.435,12.014,12.324,-0.56,-0.04,-1,12.47,12.47,12.81,12.97,12.86,12.74,12.97,12.74,False,True,False
2022-10-03,1664755200,11.885,13.246,11.885,12.324,6400,11.435,0.89,0.08,12.014,12.883,13.536,1.21,0.1,1,12.37,12.36,12.79,12.96,12.86,12.74,12.97,12.74,False,True,False
2022-10-04,1664841600,13.518,13.609,13.518,13.536,1500,12.014,1.52,0.13,12.883,12.324,13.57,0.03,0.0,1,12.44,12.56,12.82,12.97,12.87,12.75,12.96,12.74,False,True,False
2022-10-05,1664928000,13.609,14.153,12.43,13.57,2100,12.883,0.69,0.05,12.324,13.536,13.125,-0.45,-0.03,-1,12.87,12.76,12.85,12.98,12.88,12.75,12.97,12.75,False,True,False
2022-10-06,1665014400,12.52,13.428,12.52,13.125,1500,12.324,0.8,0.06,13.536,13.57,12.547,-0.58,-0.04,-1,13.09,12.81,12.85,12.98,12.88,12.76,12.98,12.75,False,True,False
2022-10-07,1665100800,13.337,13.337,12.157,12.547,7000,13.536,-0.99,-0.07,13.57,13.125,12.614,0.07,0.01,1,13.02,12.75,12.81,12.98,12.88,12.75,12.98,12.76,False,True,False
2022-10-10,1665360000,13.428,13.518,12.339,12.614,7300,13.57,-0.96,-0.07,13.125,12.547,13.518,0.9,0.07,1,13.08,12.73,12.78,12.97,12.87,12.76,12.98,12.75,False,True,False
2022-10-11,1665446400,13.518,13.518,13.518,13.518,100,13.125,0.39,0.03,12.547,12.614,13.155,-0.36,-0.03,-1,13.07,12.76,12.8,13.0,12.88,12.76,12.97,12.76,False,True,False
2022-10-12,1665532800,13.065,13.428,12.974,13.155,3100,12.547,0.61,0.05,12.614,13.518,12.79,-0.37,-0.03,-1,12.99,12.93,12.79,12.99,12.89,12.77,13.0,12.76,False,True,False
2022-10-13,1665619200,13.518,14.153,12.248,12.79,6000,12.614,0.18,0.01,13.518,13.155,12.654,-0.14,-0.01,-1,12.92,13.01,12.76,12.98,12.89,12.77,12.99,12.77,False,True,False
2022-10-14,1665705600,13.065,13.065,11.976,12.654,5300,13.518,-0.86,-0.06,13.155,12.79,13.518,0.86,0.07,1,12.95,12.98,12.72,12.97,12.89,12.77,12.98,12.77,False,True,False
2022-10-17,1665964800,13.518,13.518,13.518,13.518,500,13.155,0.36,0.03,12.79,12.654,13.518,0.0,0.0,-1,13.13,13.1,12.73,12.98,12.9,12.77,12.97,12.77,False,True,False
2022-10-18,1666051200,13.518,13.518,13.518,13.518,0,12.79,0.73,0.06,12.654,13.518,13.518,0.0,0.0,-1,13.13,13.1,12.83,12.98,12.91,12.78,12.98,12.77,False,True,False
2022-10-19,1666137600,13.518,13.518,13.518,13.518,0,12.654,0.86,0.07,13.518,13.518,13.518,0.0,0.0,-1,13.2,13.1,12.93,12.99,12.93,12.79,12.98,12.78,False,True,False
2022-10-20,1666224000,13.518,13.518,13.518,13.518,0,13.518,0.0,0.0,13.518,13.518,13.518,0.0,0.0,-1,13.35,13.14,12.97,12.99,12.94,12.8,12.99,12.79,False,True,False
2022-10-21,1666310400,13.518,13.518,13.518,13.518,0,13.518,0.0,0.0,13.518,13.518,13.518,0.0,0.0,-1,13.52,13.23,12.99,12.99,12.95,12.8,12.99,12.8,False,True,False
2022-10-24,1666569600,13.518,13.518,13.518,13.518,0,13.518,0.0,0.0,13.518,13.518,13.518,0.0,0.0,-1,13.52,13.32,13.02,13.0,12.96,12.81,12.99,12.8,False,True,False
2022-10-25,1666656000,13.518,13.518,13.518,13.518,0,13.518,0.0,0.0,13.518,13.518,13.518,0.0,0.0,-1,13.52,13.32,13.04,13.0,12.97,12.81,13.0,12.81,False,True,False
2022-10-26,1666742400,13.518,13.518,13.518,13.518,0,13.518,0.0,0.0,13.518,13.518,13.518,0.0,0.0,-1,13.52,13.36,13.14,13.0,12.97,12.82,13.0,12.81,False,True,False
2022-10-27,1666828800,13.518,13.518,13.518,13.518,0,13.518,0.0,0.0,13.518,13.518,13.518,0.0,0.0,-1,13.52,13.43,13.22,13.02,12.97,12.83,13.0,12.82,False,True,False
2022-10-28,1666915200,13.518,13.518,13.518,13.518,0,13.518,0.0,0.0,13.518,13.518,12.112,-1.41,-0.1,-1,13.52,13.52,13.25,13.02,12.97,12.84,13.02,12.83,False,True,False
2022-10-31,1667174400,11.885,12.339,11.885,12.112,2000,13.518,-1.41,-0.1,13.518,13.518,12.611,0.5,0.04,1,13.24,13.38,13.24,12.99,12.96,12.84,13.02,12.84,False,True,False
2022-11-01,1667260800,12.611,12.611,12.611,12.611,1300,13.518,-0.91,-0.07,13.518,12.112,12.08,-0.53,-0.04,-1,13.06,13.29,13.19,12.97,12.95,12.84,12.99,12.84,False,True,False
2022-11-02,1667347200,13.518,13.518,11.794,12.08,6100,13.518,-1.44,-0.11,12.112,12.611,11.438,-0.64,-0.05,-1,12.77,13.14,13.12,12.94,12.95,12.84,12.97,12.84,False,True,False
2022-11-03,1667433600,12.611,12.611,10.887,11.438,32700,12.112,-0.67,-0.06,12.611,12.08,12.43,0.99,0.09,1,12.35,12.93,13.03,12.92,12.93,12.84,12.94,12.84,False,True,False
2022-11-04,1667520000,12.43,12.43,12.43,12.43,900,12.611,-0.18,-0.01,12.08,11.438,12.43,0.0,0.0,-1,12.13,12.83,13.03,12.93,12.93,12.84,12.92,12.84,False,True,False
2022-11-07,1667779200,12.43,12.43,12.43,12.43,0,12.08,0.35,0.03,11.438,12.43,12.43,0.0,0.0,-1,12.2,12.72,13.02,12.93,12.92,12.85,12.93,12.84,False,True,False
2022-11-08,1667865600,12.43,12.43,12.43,12.43,0,11.438,0.99,0.09,12.43,12.43,11.687,-0.74,-0.06,-1,12.16,12.61,12.97,12.92,12.92,12.85,12.93,12.85,False,True,False
2022-11-09,1667952000,11.431,12.067,11.341,11.687,1100,12.43,-0.74,-0.06,12.43,12.43,11.05,-0.64,-0.05,-1,12.08,12.43,12.89,12.89,12.92,12.85,12.92,12.85,False,True,False
2022-11-10,1668038400,12.067,12.067,10.161,11.05,4900,12.43,-1.38,-0.11,12.43,11.687,11.976,0.93,0.08,1,12.01,12.18,12.81,12.85,12.9,12.85,12.89,12.85,False,True,False
2022-11-11,1668124800,11.976,11.976,11.976,11.976,1000,12.43,-0.45,-0.04,11.687,11.05,11.976,0.0,0.0,-1,11.91,12.02,12.77,12.83,12.89,12.85,12.85,12.85,True,False,False
2022-11-14,1668384000,11.976,11.976,11.976,11.976,0,11.687,0.29,0.02,11.05,11.976,11.976,0.0,0.0,-1,11.82,12.01,12.69,12.81,12.88,12.84,12.83,12.85,True,False,False
2022-11-15,1668470400,11.976,11.976,11.976,11.976,0,11.05,0.93,0.08,11.976,11.976,11.976,0.0,0.0,-1,11.73,11.95,12.62,12.79,12.87,12.84,12.81,12.84,True,False,False
2022-11-16,1668556800,11.976,11.976,11.976,11.976,0,11.976,0.0,0.0,11.976,11.976,11.976,0.0,0.0,-1,11.79,11.94,12.54,12.77,12.86,12.84,12.79,12.84,True,False,False
2022-11-17,1668643200,11.976,11.976,11.976,11.976,0,11.976,0.0,0.0,11.976,11.976,11.976,0.0,0.0,-1,11.98,11.99,12.46,12.75,12.85,12.85,12.77,12.84,True,False,False
2022-11-18,1668729600,11.976,11.976,11.976,11.976,0,11.976,0.0,0.0,11.976,11.976,10.97,-1.01,-0.08,-1,11.98,11.95,12.39,12.73,12.84,12.84,12.75,12.85,True,False,False
2022-11-21,1668988800,10.252,11.522,10.252,10.97,3500,11.976,-1.01,-0.08,11.976,11.976,11.012,0.04,0.0,1,11.77,11.8,12.26,12.68,12.82,12.84,12.73,12.84,True,False,False
2022-11-22,1669075200,10.978,11.069,10.978,11.012,16000,11.976,-0.96,-0.08,11.976,10.97,11.229,0.22,0.02,1,11.58,11.66,12.13,12.64,12.8,12.83,12.68,12.84,True,False,False
2022-11-23,1669161600,10.978,11.522,10.978,11.229,10800,11.976,-0.75,-0.06,10.97,11.012,11.104,-0.12,-0.01,-1,11.43,11.61,12.02,12.59,12.78,12.82,12.64,12.83,True,False,False
2022-11-24,1669248000,10.433,12.883,10.433,11.104,29300,10.97,0.13,0.01,11.012,11.229,11.452,0.35,0.03,1,11.26,11.62,11.9,12.55,12.76,12.82,12.59,12.82,True,False,False
2022-11-25,1669334400,12.702,12.702,11.069,11.452,5700,11.012,0.44,0.04,11.229,11.104,12.157,0.7,0.06,1,11.15,11.56,11.79,12.51,12.75,12.81,12.55,12.82,True,False,False
2022-11-28,1669593600,12.157,12.157,12.157,12.157,100,11.229,0.93,0.08,11.104,11.452,10.893,-1.26,-0.1,-1,11.39,11.58,11.8,12.49,12.74,12.81,12.51,12.81,True,False,False
2022-11-29,1669680000,10.887,11.069,10.887,10.893,7200,11.104,-0.21,-0.02,11.452,12.157,10.174,-0.72,-0.07,-1,11.37,11.47,11.71,12.47,12.73,12.8,12.49,12.81,True,False,False
2022-11-30,1669766400,11.704,11.704,9.617,10.174,19700,11.452,-1.28,-0.11,12.157,10.893,10.363,0.19,0.02,1,11.16,11.29,11.62,12.45,12.7,12.79,12.47,12.8,True,False,False
2022-12-01,1669852800,10.071,11.613,9.889,10.363,27700,12.157,-1.79,-0.15,10.893,10.174,11.17,0.81,0.08,1,11.01,11.13,11.56,12.4,12.69,12.78,12.45,12.79,True,False,False
2022-12-02,1669939200,10.887,11.885,10.887,11.17,4100,10.893,0.28,0.03,10.174,10.363,11.159,-0.01,-0.0,-1,10.95,11.05,11.5,12.36,12.68,12.77,12.4,12.78,True,False,False
2022-12-05,1670198400,11.159,11.159,11.159,11.159,1500,10.174,0.99,0.1,10.363,11.17,11.32,0.16,0.01,1,10.75,11.07,11.44,12.33,12.67,12.76,12.36,12.77,True,False,False
2022-12-06,1670284800,10.887,12.248,10.252,11.32,42200,10.363,0.96,0.09,11.17,11.159,12.067,0.75,0.07,1,10.84,11.1,11.38,12.29,12.66,12.76,12.33,12.76,True,False,False
2022-12-07,1670371200,12.067,12.067,12.067,12.067,100,11.17,0.9,0.08,11.159,11.32,11.959,-0.11,-0.01,-1,11.22,11.19,11.4,12.3,12.65,12.75,12.29,12.76,True,False,False
2022-12-08,1670457600,11.976,11.976,11.069,11.959,69900,11.159,0.8,0.07,11.32,12.067,11.86,-0.1,-0.01,-1,11.54,11.27,11.44,12.3,12.64,12.75,12.3,12.75,True,False,False
2022-12-09,1670544000,11.885,12.067,11.794,11.86,8700,11.32,0.54,0.05,12.067,11.959,11.205,-0.65,-0.05,-1,11.67,11.31,11.44,12.28,12.63,12.74,12.3,12.75,True,False,False
2022-12-12,1670803200,10.887,12.067,10.524,11.205,113100,12.067,-0.86,-0.07,11.959,11.86,11.273,0.07,0.01,1,11.68,11.22,11.4,12.26,12.61,12.73,12.28,12.74,True,False,False
2022-12-13,1670889600,10.796,11.794,10.796,11.273,45900,11.959,-0.69,-0.06,11.86,11.205,11.363,0.09,0.01,1,11.67,11.26,11.36,12.21,12.59,12.72,12.26,12.73,True,False,False
2022-12-14,1670976000,11.25,11.704,11.25,11.363,400,11.86,-0.5,-0.04,11.205,11.273,11.088,-0.28,-0.02,-1,11.53,11.37,11.33,12.17,12.58,12.71,12.21,12.72,True,False,False
2022-12-15,1671062400,10.615,11.613,10.615,11.088,56400,11.205,-0.12,-0.01,11.273,11.363,11.218,0.13,0.01,1,11.36,11.45,11.29,12.13,12.56,12.7,12.17,12.71,True,False,False
2022-12-16,1671148800,10.433,12.157,10.433,11.218,11200,11.273,-0.05,-0.0,11.363,11.088,11.976,0.76,0.07,1,11.23,11.45,11.25,12.1,12.54,12.69,12.13,12.7,True,False,False
2022-12-19,1671408000,11.976,11.976,11.976,11.976,22500,11.363,0.61,0.05,11.088,11.218,11.976,0.0,0.0,-1,11.38,11.53,11.3,12.09,12.53,12.68,12.1,12.69,True,False,False
2022-12-20,1671494400,11.976,11.976,11.976,11.976,0,11.088,0.89,0.08,11.218,11.976,11.594,-0.38,-0.03,-1,11.52,11.6,11.35,12.06,12.53,12.67,12.09,12.68,True,False,False
2022-12-21,1671580800,11.976,13.518,10.524,11.594,27600,11.218,0.38,0.03,11.976,11.976,10.706,-0.89,-0.08,-1,11.57,11.55,11.37,12.03,12.51,12.66,12.06,12.67,True,False,False
2022-12-22,1671667200,10.706,10.706,10.706,10.706,5700,11.976,-1.27,-0.11,11.976,11.594,11.794,1.09,0.1,1,11.49,11.43,11.35,11.98,12.48,12.65,12.03,12.66,True,False,False
2022-12-23,1671753600,11.794,11.794,11.794,11.794,2000,11.976,-0.18,-0.02,11.594,10.706,10.615,-1.18,-0.1,-1,11.61,11.42,11.37,11.97,12.47,12.64,11.98,12.65,True,False,False
2022-12-26,1672012800,10.615,10.615,10.615,10.615,5400,11.594,-0.98,-0.08,10.706,11.794,10.615,0.0,0.0,-1,11.34,11.36,11.29,11.91,12.44,12.63,11.97,12.64,True,False,False
2022-12-27,1672099200,10.615,10.615,10.615,10.615,0,10.706,-0.09,-0.01,11.794,10.615,11.296,0.68,0.06,1,11.06,11.29,11.27,11.85,12.42,12.61,11.91,12.63,True,False,False
2022-12-28,1672185600,10.252,11.704,10.252,11.296,19700,11.794,-0.5,-0.04,10.615,10.615,11.668,0.37,0.03,1,11.01,11.29,11.33,11.81,12.4,12.6,11.85,12.61,True,False,False
2022-12-29,1672272000,11.704,11.794,11.613,11.668,20900,10.615,1.05,0.1,10.615,11.296,11.149,-0.52,-0.04,-1,11.2,11.35,11.4,11.77,12.38,12.59,11.81,12.6,True,False,False
2022-12-30,1672358400,10.887,11.613,10.887,11.149,14900,10.615,0.53,0.05,11.296,11.668,11.159,0.01,0.0,1,11.07,11.34,11.4,11.72,12.36,12.58,11.77,12.59,True,False,False
2023-01-03,1672704000,11.159,11.159,11.159,11.159,0,11.296,-0.14,-0.01,11.668,11.149,12.067,0.91,0.08,1,11.18,11.26,11.4,11.68,12.34,12.57,11.72,12.58,True,False,False
2023-01-04,1672790400,12.067,12.067,12.067,12.067,100,11.668,0.4,0.03,11.149,11.159,12.883,0.82,0.07,1,11.47,11.27,11.43,11.65,12.32,12.57,11.68,12.57,True,False,False
2023-01-05,1672876800,12.883,12.883,12.883,12.883,1000,11.149,1.73,0.16,11.159,12.067,12.067,-0.82,-0.06,-1,11.79,11.4,11.47,11.63,12.32,12.57,11.65,12.57,True,False,False
2023-01-06,1672963200,12.067,12.067,12.067,12.067,100,11.159,0.91,0.08,12.067,12.883,12.067,0.0,0.0,-1,11.86,11.53,11.48,11.6,12.31,12.57,11.63,12.57,True,False,False
2023-01-09,1673222400,12.067,12.067,12.067,12.067,0,12.067,0.0,0.0,12.883,12.067,12.067,0.0,0.0,-1,12.05,11.56,11.49,11.58,12.3,12.57,11.6,12.57,True,False,False
2023-01-10,1673308800,12.067,12.067,12.067,12.067,0,12.883,-0.82,-0.06,12.067,12.067,12.067,0.0,0.0,-1,12.23,11.7,11.53,11.57,12.28,12.56,11.58,12.57,True,False,False
2023-01-11,1673395200,12.067,12.067,12.067,12.067,4200,12.067,0.0,0.0,12.067,12.067,12.067,0.0,0.0,-1,12.23,11.85,11.57,11.56,12.27,12.56,11.57,12.56,True,False,False
2023-01-12,1673481600,12.067,12.067,12.067,12.067,0,12.067,0.0,0.0,12.067,12.067,12.033,-0.03,-0.0,-1,12.07,11.93,11.61,11.56,12.25,12.56,11.56,12.56,True,False,False
2023-01-13,1673568000,12.067,12.067,11.976,12.033,3200,12.067,-0.03,-0.0,12.067,12.067,11.989,-0.04,-0.0,-1,12.06,11.96,11.65,11.58,12.25,12.55,11.56,12.56,True,False,False
2023-01-16,1673827200,11.794,12.067,11.794,11.989,700,12.067,-0.08,-0.01,12.067,12.033,11.373,-0.62,-0.05,-1,12.04,12.05,11.69,11.57,12.25,12.55,11.58,12.55,True,False,False
2023-01-17,1673913600,10.887,12.067,10.887,11.373,5100,12.067,-0.69,-0.06,12.033,11.989,11.976,0.6,0.05,1,11.91,12.07,11.66,11.55,12.24,12.54,11.57,12.55,True,False,False
2023-01-18,1674000000,11.976,11.976,11.976,11.976,900,12.033,-0.06,-0.0,11.989,11.373,11.976,0.0,0.0,-1,11.89,12.06,11.66,11.54,12.23,12.54,11.55,12.54,True,False,False
2023-01-19,1674086400,11.976,11.976,11.976,11.976,0,11.989,-0.01,-0.0,11.373,11.976,11.794,-0.18,-0.02,-1,11.87,11.97,11.68,11.54,12.22,12.53,11.54,12.54,True,False,False
2023-01-27,1674777600,10.887,11.885,10.887,11.794,1100,11.373,0.42,0.04,11.976,11.976,11.794,0.0,0.0,-1,11.82,11.94,11.74,11.56,12.2,12.53,11.54,12.53,True,False,False
2023-01-30,1675036800,11.794,11.794,11.794,11.794,0,11.976,-0.18,-0.02,11.976,11.794,11.794,0.0,0.0,-1,11.78,11.91,11.74,11.55,12.19,12.52,11.56,12.53,True,False,False
2023-01-31,1675123200,11.794,11.794,11.794,11.794,0,11.976,-0.18,-0.02,11.794,11.794,10.884,-0.91,-0.08,-1,11.87,11.89,11.8,11.55,12.18,12.51,11.55,12.52,True,False,False
2023-02-01,1675209600,10.887,11.613,10.161,10.884,23700,11.794,-0.91,-0.08,11.794,11.794,11.0,0.12,0.01,1,11.65,11.77,11.81,11.53,12.16,12.51,11.55,12.51,True,False,False
2023-02-02,1675296000,11.613,11.613,10.706,11.0,19400,11.794,-0.79,-0.07,11.794,10.884,10.323,-0.68,-0.06,-1,11.45,11.66,11.79,11.51,12.14,12.5,11.53,12.51,True,False,False
2023-02-03,1675382400,10.252,11.431,10.161,10.323,16000,11.794,-1.47,-0.12,10.884,11.0,11.11,0.79,0.08,1,11.16,11.49,11.73,11.48,12.11,12.49,11.51,12.5,True,False,False
2023-02-06,1675641600,11.069,11.885,10.524,11.11,27910,10.884,0.23,0.02,11.0,10.323,11.704,0.59,0.05,1,11.02,11.4,11.72,11.46,12.09,12.48,11.48,12.49,True,False,False
2023-02-07,1675728000,11.704,11.704,11.704,11.704,1000,11.0,0.7,0.06,10.323,11.11,10.533,-1.17,-0.1,-1,11.0,11.44,11.75,11.47,12.08,12.48,11.46,12.48,True,False,False
2023-02-08,1675814400,10.615,10.615,10.524,10.533,1000,10.323,0.21,0.02,11.11,11.704,11.25,0.72,0.07,1,10.93,11.29,11.68,11.46,12.05,12.46,11.47,12.48,True,False,False
2023-02-09,1675900800,11.25,11.25,11.25,11.25,1800,11.11,0.14,0.01,11.704,10.533,11.25,0.0,0.0,-1,10.98,11.22,11.59,11.46,12.03,12.46,11.46,12.46,True,False,False
2023-02-10,1675987200,11.25,11.25,11.25,11.25,0,11.704,-0.45,-0.04,10.533,11.25,10.433,-0.82,-0.07,-1,11.17,11.16,11.55,11.47,12.01,12.45,11.46,12.46,True,False,False
2023-02-13,1676246400,10.433,10.433,10.433,10.433,4100,10.533,-0.1,-0.01,11.25,11.25,10.796,0.36,0.03,1,11.03,11.03,11.47,11.45,11.98,12.44,11.47,12.45,True,False,False
2023-02-14,1676332800,10.796,10.796,10.796,10.796,1200,11.25,-0.45,-0.04,11.25,10.433,10.773,-0.02,-0.0,-1,10.85,10.93,11.41,11.42,11.95,12.43,11.45,12.44,True,False,False
2023-02-15,1676419200,10.978,10.978,10.706,10.773,7700,11.25,-0.48,-0.04,10.433,10.796,10.893,0.12,0.01,1,10.9,10.92,11.34,11.42,11.95,12.42,11.42,12.43,True,False,False
2023-02-16,1676505600,11.069,11.069,10.887,10.893,3100,10.433,0.46,0.04,10.796,10.773,10.968,0.07,0.01,1,10.83,10.91,11.28,11.43,11.94,12.41,11.42,12.42,True,False,False
2023-02-17,1676592000,11.159,11.613,10.524,10.968,41400,10.796,0.17,0.02,10.773,10.893,11.124,0.16,0.01,1,10.77,10.97,11.23,11.44,11.92,12.4,11.43,12.41,True,False,False
2023-02-20,1676851200,11.613,11.613,10.887,11.124,9300,10.773,0.35,0.03,10.893,10.968,11.184,0.06,0.01,1,10.91,10.97,11.19,11.44,11.9,12.39,11.44,12.4,True,False,False
2023-02-21,1676937600,11.159,11.522,11.159,11.184,49800,10.893,0.29,0.03,10.968,11.124,11.341,0.16,0.01,1,10.99,10.92,11.18,11.44,11.89,12.39,11.44,12.39,True,False,False
2023-02-22,1677024000,11.522,11.522,11.159,11.341,1000,10.968,0.37,0.03,11.124,11.184,11.17,-0.17,-0.01,-1,11.1,11.0,11.15,11.44,11.87,12.38,11.44,12.39,True,False,False
2023-02-23,1677110400,11.159,11.522,11.159,11.17,5200,11.124,0.05,0.0,11.184,11.341,11.167,-0.0,-0.0,-1,11.16,10.99,11.11,11.43,11.86,12.37,11.44,12.38,True,False,False
2023-02-24,1677196800,11.159,11.522,11.159,11.167,5200,11.184,-0.02,-0.0,11.341,11.17,10.46,-0.71,-0.06,-1,11.2,10.98,11.07,11.41,11.86,12.36,11.43,12.37,True,False,False
2023-02-27,1677456000,11.522,11.522,10.161,10.46,38200,11.341,-0.88,-0.08,11.17,11.167,10.973,0.51,0.05,1,11.06,10.99,11.01,11.38,11.83,12.35,11.41,12.36,True,False,False
2023-02-28,1677542400,11.25,11.25,10.796,10.973,7300,11.17,-0.2,-0.02,11.167,10.46,10.802,-0.17,-0.02,-1,11.02,11.01,10.97,11.38,11.82,12.34,11.38,12.35,True,False,False
2023-03-01,1677628800,10.796,10.978,10.796,10.802,3600,11.167,-0.37,-0.03,10.46,10.973,11.069,0.27,0.02,1,10.91,11.01,10.96,11.37,11.79,12.33,11.38,12.34,True,False,False
2023-03-02,1677715200,10.978,11.159,10.978,11.069,27400,10.46,0.61,0.06,10.973,10.802,11.222,0.15,0.01,1,10.89,11.03,10.97,11.36,11.77,12.32,11.37,12.33,True,False,False
2023-03-03,1677801600,11.159,11.25,11.159,11.222,3200,10.973,0.25,0.02,10.802,11.069,10.365,-0.86,-0.08,-1,10.91,11.05,11.01,11.36,11.75,12.31,11.36,12.32,True,False,False
2023-03-06,1678060800,10.524,10.706,10.161,10.365,30900,10.802,-0.44,-0.04,11.069,11.222,10.297,-0.07,-0.01,-1,10.89,10.98,10.97,11.35,11.72,12.3,11.36,12.31,True,False,False
2023-03-07,1678147200,10.343,10.978,10.161,10.297,18200,11.069,-0.77,-0.07,11.222,10.365,10.312,0.01,0.0,1,10.75,10.89,10.9,11.31,11.7,12.29,11.35,12.3,True,False,False
2023-03-08,1678233600,10.524,10.706,10.252,10.312,17200,11.222,-0.91,-0.08,10.365,10.297,10.4,0.09,0.01,1,10.65,10.78,10.89,11.28,11.67,12.28,11.31,12.29,True,False,False
2023-03-09,1678320000,10.343,10.796,10.071,10.4,61900,10.365,0.04,0.0,10.297,10.312,10.192,-0.21,-0.02,-1,10.52,10.71,10.85,11.26,11.64,12.27,11.28,12.28,True,False,False
2023-03-10,1678406400,10.161,10.615,10.071,10.192,34200,10.297,-0.11,-0.01,10.312,10.4,10.388,0.2,0.02,1,10.31,10.61,10.8,11.25,11.62,12.25,11.26,12.27,True,False,False
2023-03-13,1678665600,10.161,10.887,10.161,10.388,24900,10.312,0.08,0.01,10.4,10.192,10.4,0.01,0.0,1,10.32,10.6,10.79,11.22,11.59,12.24,11.25,12.25,True,False,False
2023-03-14,1678752000,10.433,10.615,10.071,10.4,61500,10.4,0.0,0.0,10.192,10.388,10.521,0.12,0.01,1,10.34,10.54,10.78,11.21,11.56,12.23,11.22,12.24,True,False,False
2023-03-15,1678838400,10.161,10.524,10.161,10.521,17800,10.192,0.33,0.03,10.388,10.4,10.239,-0.28,-0.03,-1,10.38,10.52,10.76,11.21,11.53,12.22,11.21,12.23,True,False,False
2023-03-16,1678924800,10.524,10.615,9.98,10.239,86900,10.388,-0.15,-0.01,10.4,10.521,10.65,0.41,0.04,1,10.35,10.43,10.73,11.19,11.5,12.22,11.21,12.22,True,False,False
2023-03-17,1679011200,10.615,11.069,10.252,10.65,40500,10.4,0.25,0.02,10.521,10.239,10.763,0.11,0.01,1,10.44,10.38,10.71,11.17,11.47,12.21,11.19,12.22,True,False,False
2023-03-20,1679270400,10.796,10.796,10.615,10.763,10200,10.521,0.24,0.02,10.239,10.65,10.701,-0.06,-0.01,-1,10.51,10.42,10.7,11.16,11.44,12.2,11.17,12.21,True,False,False
2023-03-21,1679356800,11.3,11.3,10.6,10.701,7800,10.239,0.46,0.04,10.65,10.763,11.21,0.51,0.05,1,10.57,10.46,10.67,11.15,11.41,12.19,11.16,12.2,True,False,False
2023-03-22,1679443200,11.2,11.3,11.2,11.21,5900,10.65,0.56,0.05,10.763,10.701,10.33,-0.88,-0.08,-1,10.71,10.55,10.67,11.14,11.39,12.18,11.15,12.19,True,False,False
2023-03-23,1679529600,10.5,10.9,10.3,10.33,17900,10.763,-0.43,-0.04,10.701,11.21,10.297,-0.03,-0.0,-1,10.73,10.54,10.62,11.09,11.36,12.16,11.14,12.18,True,False,False
2023-03-24,1679616000,10.4,11.0,10.1,10.297,26100,10.701,-0.4,-0.04,11.21,10.33,10.709,0.41,0.04,1,10.66,10.55,10.58,11.05,11.33,12.15,11.09,12.16,True,False,False
2023-03-27,1679875200,10.3,11.3,10.3,10.709,69800,11.21,-0.5,-0.04,10.33,10.297,10.957,0.25,0.02,1,10.65,10.58,10.59,11.02,11.3,12.13,11.05,12.15,True,False,False
2023-03-28,1679961600,11.3,11.3,10.8,10.957,51400,10.33,0.63,0.06,10.297,10.709,11.12,0.16,0.01,1,10.7,10.64,10.59,11.0,11.29,12.12,11.02,12.13,True,False,False
2023-03-29,1680048000,11.2,11.8,10.9,11.12,31000,10.297,0.82,0.08,10.709,10.957,11.5,0.38,0.03,1,10.68,10.7,10.61,10.98,11.27,12.11,11.0,12.12,True,False,False
2023-03-30,1680134400,11.5,11.5,11.5,11.5,7935,10.709,0.79,0.07,10.957,11.12,11.574,0.07,0.01,1,10.92,10.82,10.63,10.97,11.27,12.11,10.98,12.11,True,False,False
2023-03-31,1680220800,11.5,11.7,11.5,11.574,21200,10.957,0.62,0.06,11.12,11.5,11.2,-0.37,-0.03,-1,11.17,10.92,10.65,10.96,11.27,12.1,10.97,12.11,True,False,False
2023-04-03,1680480000,11.2,11.2,11.2,11.2,14300,11.12,0.08,0.01,11.5,11.574,11.135,-0.06,-0.01,-1,11.27,10.96,10.69,10.95,11.26,12.09,10.96,12.1,True,False,False
2023-04-04,1680566400,11.5,11.7,10.5,11.135,178035,11.5,-0.37,-0.03,11.574,11.2,11.292,0.16,0.01,1,11.31,11.0,10.73,10.94,11.24,12.08,10.95,12.09,True,False,False
2023-04-05,1680652800,11.0,11.6,11.0,11.292,30617,11.574,-0.28,-0.02,11.2,11.135,11.469,0.18,0.02,1,11.34,11.01,10.78,10.93,11.23,12.07,10.94,12.08,True,False,False
2023-04-06,1680739200,11.7,11.8,11.1,11.469,17800,11.2,0.27,0.02,11.135,11.292,11.566,0.1,0.01,1,11.33,11.13,10.83,10.92,11.23,12.07,10.93,12.07,True,False,False
2023-04-07,1680825600,11.2,11.7,11.2,11.566,37882,11.135,0.43,0.04,11.292,11.469,12.2,0.63,0.05,1,11.33,11.25,10.9,10.91,11.23,12.07,10.92,12.07,True,False,False
2023-04-10,1681084800,11.9,12.8,11.9,12.2,2600,11.292,0.91,0.08,11.469,11.566,12.4,0.2,0.02,1,11.53,11.4,10.99,10.92,11.24,12.07,10.91,12.07,True,False,False
2023-04-11,1681171200,12.4,12.4,12.4,12.4,100,11.469,0.93,0.08,11.566,12.2,13.6,1.2,0.1,1,11.79,11.55,11.09,10.93,11.24,12.06,10.92,12.07,True,False,False
2023-04-12,1681257600,13.6,13.6,13.6,13.6,100,11.566,2.03,0.18,12.2,12.4,13.6,0.0,0.0,-1,12.25,11.79,11.25,10.99,11.26,12.07,10.93,12.06,True,False,False
2023-04-13,1681344000,13.6,13.6,13.6,13.6,0,12.2,1.4,0.11,12.4,13.6,13.6,0.0,0.0,-1,12.67,12.0,11.41,11.04,11.27,12.07,10.99,12.07,True,False,False
2023-04-14,1681430400,13.6,13.6,13.6,13.6,0,12.4,1.2,0.1,13.6,13.6,12.567,-1.03,-0.08,-1,13.08,12.21,11.56,11.1,11.29,12.07,11.04,12.07,True,False,False
2023-04-17,1681689600,11.7,13.4,11.7,12.567,5186,13.6,-1.03,-0.08,13.6,13.6,13.181,0.61,0.05,1,13.15,12.34,11.65,11.13,11.3,12.07,11.1,12.07,True,False,False
2023-04-18,1681776000,13.0,13.4,12.0,13.181,4800,13.6,-0.42,-0.03,13.6,12.567,12.885,-0.3,-0.02,-1,13.31,12.55,11.78,11.16,11.32,12.07,11.13,12.07,True,False,False
2023-04-19,1681862400,13.1,13.1,12.2,12.885,8600,13.6,-0.71,-0.05,12.567,13.181,12.311,-0.57,-0.04,-1,13.17,12.71,11.86,11.21,11.34,12.07,11.16,12.07,True,False,False
2023-04-20,1681948800,12.3,12.6,12.2,12.311,1800,12.567,-0.26,-0.02,13.181,12.885,12.8,0.49,0.04,1,12.91,12.79,11.96,11.23,11.35,12.06,11.21,12.07,True,False,False
2023-04-21,1682035200,12.8,12.8,12.8,12.8,100,13.181,-0.38,-0.03,12.885,12.311,12.691,-0.11,-0.01,-1,12.75,12.91,12.08,11.26,11.36,12.06,11.23,12.06,True,False,False
2023-04-24,1682294400,12.7,12.7,12.6,12.691,1100,12.885,-0.19,-0.01,12.311,12.8,12.641,-0.05,-0.0,-1,12.77,12.96,12.18,11.31,11.38,12.06,11.26,12.06,True,False,False
2023-04-25,1682380800,12.7,12.8,12.4,12.641,18900,12.311,0.33,0.03,12.8,12.691,12.624,-0.02,-0.0,-1,12.67,12.99,12.27,11.34,11.38,12.06,11.31,12.06,True,False,False
2023-04-26,1682467200,12.7,12.7,12.5,12.624,3300,12.8,-0.18,-0.01,12.691,12.641,12.562,-0.06,-0.0,-1,12.61,12.89,12.34,11.38,11.4,12.07,11.34,12.06,True,False,False
2023-04-27,1682553600,12.5,12.7,12.5,12.562,5800,12.691,-0.13,-0.01,12.641,12.624,12.7,0.14,0.01,1,12.66,12.79,12.39,11.41,11.42,12.06,11.38,12.07,True,False,False
2023-04-28,1682640000,12.7,12.7,12.7,12.7,100,12.641,0.06,0.0,12.624,12.562,12.38,-0.32,-0.03,-1,12.64,12.7,12.45,11.45,11.45,12.07,11.41,12.06,True,False,False
2023-05-04,1683158400,12.4,12.7,12.1,12.38,6600,12.624,-0.24,-0.02,12.562,12.7,12.501,0.12,0.01,1,12.58,12.68,12.51,11.47,11.46,12.07,11.45,12.07,True,False,False
2023-05-05,1683244800,12.3,13.0,12.2,12.501,7300,12.562,-0.06,-0.0,12.7,12.38,12.194,-0.31,-0.02,-1,12.55,12.61,12.58,11.5,11.47,12.07,11.47,12.07,True,False,False
2023-05-08,1683504000,12.7,12.8,11.4,12.194,69900,12.7,-0.51,-0.04,12.38,12.501,12.052,-0.14,-0.01,-1,12.47,12.54,12.62,11.52,11.48,12.07,11.5,12.07,True,False,False
2023-05-09,1683590400,12.7,12.7,11.6,12.052,15200,12.38,-0.33,-0.03,12.501,12.194,12.716,0.66,0.05,1,12.37,12.51,12.65,11.54,11.48,12.06,11.52,12.07,True,False,False
2023-05-10,1683676800,12.6,13.3,12.6,12.716,9604,12.501,0.21,0.02,12.194,12.052,12.45,-0.27,-0.02,-1,12.37,12.51,12.71,11.57,11.49,12.06,11.54,12.06,True,False,False
2023-05-11,1683763200,12.2,12.7,12.2,12.45,6003,12.194,0.26,0.02,12.052,12.716,12.157,-0.29,-0.02,-1,12.38,12.48,12.72,11.61,11.49,12.06,11.57,12.06,True,False,False
2023-05-12,1683849600,12.0,12.7,11.8,12.157,15800,12.052,0.11,0.01,12.716,12.45,12.7,0.54,0.04,1,12.31,12.43,12.71,11.63,11.5,12.06,11.61,12.06,True,False,False
2023-05-15,1684108800,12.7,12.7,12.7,12.7,100,12.716,-0.02,-0.0,12.45,12.157,12.7,0.0,0.0,-1,12.42,12.44,12.67,11.67,11.52,12.05,11.63,12.06,True,False,False
2023-05-16,1684195200,12.7,12.7,12.7,12.7,3,12.45,0.25,0.02,12.157,12.7,11.782,-0.92,-0.07,-1,12.54,12.46,12.62,11.7,11.53,12.05,11.67,12.05,True,False,False
2023-05-17,1684281600,11.9,12.7,11.7,11.782,13100,12.157,-0.38,-0.03,12.7,12.7,11.984,0.2,0.02,1,12.36,12.36,12.53,11.71,11.54,12.05,11.7,12.05,True,False,False
2023-05-18,1684368000,12.5,12.5,11.8,11.984,7600,12.7,-0.72,-0.06,12.7,11.782,12.547,0.56,0.05,1,12.26,12.32,12.5,11.74,11.55,12.04,11.71,12.05,True,False,False
2023-05-19,1684454400,12.5,12.6,12.5,12.547,3000,12.7,-0.15,-0.01,11.782,11.984,12.5,-0.05,-0.0,-1,12.34,12.33,12.47,11.79,11.55,12.04,11.74,12.04,True,False,False
2023-05-22,1684713600,12.5,12.5,12.5,12.5,19600,11.782,0.72,0.06,11.984,12.547,12.389,-0.11,-0.01,-1,12.3,12.36,12.45,11.83,11.56,12.04,11.79,12.04,True,False,False
2023-05-23,1684800000,12.6,12.6,12.1,12.389,27500,11.984,0.4,0.03,12.547,12.5,12.274,-0.12,-0.01,-1,12.24,12.39,12.45,11.87,11.56,12.04,11.83,12.04,True,False,False
2023-05-24,1684886400,12.2,12.5,12.2,12.274,3100,12.547,-0.27,-0.02,12.5,12.389,12.547,0.27,0.02,1,12.34,12.35,12.43,11.91,11.58,12.03,11.87,12.04,True,False,False
2023-05-25,1684972800,12.5,12.7,12.5,12.547,19100,12.5,0.05,0.0,12.389,12.274,12.663,0.12,0.01,1,12.45,12.36,12.42,11.96,11.59,12.03,11.91,12.03,True,False,False
2023-05-26,1685059200,12.6,13.9,12.1,12.663,35800,12.389,0.27,0.02,12.274,12.547,13.505,0.84,0.07,1,12.47,12.41,12.42,12.0,11.61,12.03,11.96,12.03,True,False,False
2023-05-29,1685318400,13.6,13.6,12.7,13.505,11800,12.274,1.23,0.1,12.547,12.663,13.472,-0.03,-0.0,-1,12.68,12.49,12.47,12.06,11.64,12.03,12.0,12.03,True,True,True
2023-05-30,1685404800,13.4,13.5,13.4,13.472,3900,12.547,0.92,0.07,12.663,13.505,13.5,0.03,0.0,1,12.89,12.57,12.51,12.13,11.66,12.03,12.06,12.03,False,True,False
2023-05-31,1685491200,13.5,13.5,13.5,13.5,0,12.663,0.84,0.07,13.505,13.472,13.5,0.0,0.0,-1,13.14,12.74,12.55,12.18,11.68,12.03,12.13,12.03,False,True,False
2023-06-01,1685577600,13.5,13.5,13.5,13.5,0,13.505,-0.01,-0.0,13.472,13.5,12.635,-0.87,-0.06,-1,13.33,12.89,12.61,12.24,11.7,12.03,12.18,12.03,False,True,False
2023-06-02,1685664000,12.5,13.4,12.5,12.635,15800,13.472,-0.84,-0.06,13.5,13.5,12.774,0.14,0.01,1,13.32,12.9,12.61,12.28,11.72,12.03,12.24,12.03,False,True,False
2023-06-05,1685923200,13.3,13.3,12.5,12.774,13700,13.5,-0.73,-0.05,13.5,12.635,12.62,-0.15,-0.01,-1,13.18,12.93,12.64,12.31,11.72,12.02,12.28,12.03,False,True,False
2023-06-06,1686009600,13.0,13.0,12.5,12.62,15300,13.5,-0.88,-0.07,12.635,12.774,12.123,-0.5,-0.04,-1,13.01,12.95,12.67,12.35,11.72,12.02,12.31,12.02,False,True,False
2023-06-07,1686096000,12.5,12.9,11.6,12.123,37200,12.635,-0.51,-0.04,12.774,12.62,13.0,0.88,0.07,1,12.73,12.93,12.64,12.39,11.72,12.02,12.35,12.02,False,True,False
2023-06-08,1686182400,13.0,13.0,13.0,13.0,2000,12.774,0.23,0.02,12.62,12.123,12.24,-0.76,-0.06,-1,12.63,12.98,12.67,12.44,11.73,12.01,12.39,12.02,False,True,False
2023-06-09,1686268800,12.5,12.9,11.7,12.24,14100,12.62,-0.38,-0.03,12.123,13.0,12.552,0.31,0.03,1,12.55,12.94,12.67,12.46,11.73,12.01,12.44,12.01,False,True,False
2023-06-12,1686528000,12.8,12.8,12.4,12.552,8700,12.123,0.43,0.04,13.0,12.24,12.399,-0.15,-0.01,-1,12.51,12.84,12.67,12.49,11.74,12.0,12.46,12.01,False,True,False
2023-06-13,1686614400,12.5,12.6,12.3,12.399,26000,13.0,-0.6,-0.05,12.24,12.552,12.467,0.07,0.01,1,12.46,12.73,12.65,12.51,11.74,12.0,12.49,12.0,False,True,False
2023-06-14,1686700800,13.0,13.0,12.4,12.467,18800,12.24,0.23,0.02,12.552,12.399,12.502,0.04,0.0,1,12.53,12.63,12.68,12.53,11.74,12.0,12.51,12.0,False,True,False
2023-06-15,1686787200,12.5,12.6,12.5,12.502,28000,12.552,-0.05,-0.0,12.399,12.467,12.5,-0.0,-0.0,-1,12.43,12.53,12.71,12.55,11.75,12.0,12.53,12.0,False,True,False
2023-06-16,1686873600,12.5,12.5,12.5,12.5,18000,12.399,0.1,0.01,12.467,12.502,12.498,-0.0,-0.0,-1,12.48,12.52,12.71,12.58,11.76,12.0,12.55,12.0,False,True,False
2023-06-19,1687132800,12.4,12.5,12.4,12.498,17900,12.467,0.03,0.0,12.502,12.5,12.5,0.0,0.0,-1,12.47,12.49,12.71,12.6,11.77,12.0,12.58,12.0,False,True,False
2023-06-20,1687219200,12.5,12.5,12.5,12.5,2000,12.502,-0.0,-0.0,12.5,12.498,13.073,0.57,0.05,1,12.49,12.48,12.71,12.63,11.77,11.99,12.6,12.0,False,True,False
2023-06-21,1687305600,13.0,13.1,13.0,13.073,3700,12.5,0.57,0.05,12.498,12.5,13.029,-0.04,-0.0,-1,12.61,12.57,12.75,12.66,11.78,11.99,12.63,11.99,False,True,False
2023-06-22,1687392000,13.1,13.1,13.0,13.029,5800,12.498,0.53,0.04,12.5,13.073,12.476,-0.55,-0.04,-1,12.72,12.58,12.78,12.67,11.8,11.99,12.66,11.99,False,True,False
2023-06-23,1687478400,12.4,13.0,12.3,12.476,20500,12.5,-0.02,-0.0,13.073,13.029,12.116,-0.36,-0.03,-1,12.72,12.6,12.77,12.67,11.8,11.99,12.67,11.99,False,True,False
2023-06-26,1687737600,12.3,12.7,12.0,12.116,15300,13.073,-0.96,-0.07,13.029,12.476,12.48,0.36,0.03,1,12.64,12.56,12.7,12.64,11.82,11.99,12.67,11.99,False,True,False
2023-06-27,1687824000,12.9,12.9,12.4,12.48,24900,13.029,-0.55,-0.04,12.476,12.116,12.53,0.05,0.0,1,12.63,12.56,12.65,12.62,11.83,11.99,12.64,11.99,False,True,False
2023-06-28,1687910400,13.0,13.0,12.5,12.53,13800,12.476,0.05,0.0,12.116,12.48,12.703,0.17,0.01,1,12.53,12.57,12.6,12.6,11.85,11.98,12.62,11.99,False,True,False
2023-06-29,1687996800,13.0,13.0,12.5,12.703,10100,12.116,0.59,0.05,12.48,12.53,12.506,-0.2,-0.02,-1,12.46,12.59,12.56,12.6,11.87,11.98,12.6,11.98,False,True,False
2023-06-30,1688083200,12.5,12.8,12.5,12.506,28400,12.48,0.03,0.0,12.53,12.703,12.5,-0.01,-0.0,-1,12.47,12.59,12.55,12.59,11.88,11.98,12.6,11.98,False,True,False
2023-07-03,1688342400,12.5,12.5,12.5,12.5,0,12.53,-0.03,-0.0,12.703,12.506,12.742,0.24,0.02,1,12.54,12.59,12.54,12.58,11.9,11.97,12.59,11.98,False,True,False
2023-07-04,1688428800,13.0,13.3,12.5,12.742,8300,12.703,0.04,0.0,12.506,12.5,12.9,0.16,0.01,1,12.6,12.62,12.55,12.59,11.91,11.97,12.58,11.97,False,True,False
2023-07-05,1688515200,12.9,12.9,12.9,12.9,100,12.506,0.39,0.03,12.5,12.742,12.9,0.0,0.0,-1,12.67,12.6,12.59,12.59,11.93,11.97,12.59,11.97,False,True,False
2023-07-06,1688601600,12.9,12.9,12.9,12.9,3,12.5,0.4,0.03,12.742,12.9,12.244,-0.66,-0.05,-1,12.71,12.59,12.58,12.6,11.95,11.97,12.59,11.97,False,True,False
2023-07-07,1688688000,12.5,12.5,12.1,12.244,6400,12.742,-0.5,-0.04,12.9,12.9,12.425,0.18,0.01,1,12.66,12.56,12.58,12.59,11.97,11.96,12.6,11.97,False,True,False
2023-07-10,1688947200,12.4,12.5,12.4,12.425,6700,12.9,-0.47,-0.04,12.9,12.244,12.912,0.49,0.04,1,12.64,12.59,12.57,12.58,11.98,11.96,12.59,11.96,False,True,False
2023-07-11,1689033600,12.9,13.0,12.9,12.912,5000,12.9,0.01,0.0,12.244,12.425,12.9,-0.01,-0.0,-1,12.68,12.64,12.6,12.59,12.0,11.97,12.58,11.96,False,True,False
2023-07-12,1689120000,12.9,12.9,12.9,12.9,0,12.244,0.66,0.05,12.425,12.912,12.114,-0.79,-0.06,-1,12.68,12.67,12.62,12.6,12.02,11.97,12.59,11.97,False,True,False
2023-07-13,1689206400,12.1,12.8,12.1,12.114,5100,12.425,-0.31,-0.02,12.912,12.9,12.412,0.3,0.02,1,12.52,12.61,12.6,12.59,12.03,11.97,12.6,11.97,False,True,False
2023-07-14,1689292800,12.7,12.7,12.2,12.412,2600,12.912,-0.5,-0.04,12.9,12.114,12.228,-0.18,-0.01,-1,12.55,12.6,12.6,12.59,12.04,11.96,12.59,11.97,False,True,False
2023-07-17,1689552000,12.4,12.6,12.2,12.228,5700,12.9,-0.67,-0.05,12.114,12.412,12.7,0.47,0.04,1,12.51,12.58,12.58,12.59,12.05,11.96,12.59,11.96,False,True,False
2023-07-18,1689638400,12.7,12.7,12.7,12.7,1000,12.114,0.59,0.05,12.412,12.228,12.171,-0.53,-0.04,-1,12.47,12.57,12.59,12.6,12.07,11.97,12.59,11.96,False,True,False
2023-07-19,1689724800,12.7,12.7,12.1,12.171,4200,12.412,-0.24,-0.02,12.228,12.7,12.065,-0.11,-0.01,-1,12.32,12.5,12.55,12.59,12.08,11.97,12.6,11.97,False,True,False
2023-07-20,1689811200,12.5,12.5,12.0,12.065,29014,12.228,-0.16,-0.01,12.7,12.171,12.4,0.34,0.03,1,12.32,12.42,12.5,12.58,12.09,11.96,12.59,11.97,False,True,False
2023-07-21,1689897600,12.4,12.4,12.4,12.4,200,12.7,-0.3,-0.02,12.171,12.065,12.017,-0.38,-0.03,-1,12.31,12.43,12.5,12.59,12.11,11.96,12.58,11.96,False,True,False
2023-07-24,1690156800,12.1,12.2,12.0,12.017,6500,12.171,-0.15,-0.01,12.065,12.4,12.5,0.48,0.04,1,12.27,12.39,12.49,12.57,12.12,11.96,12.59,11.96,False,True,False
2023-07-25,1690243200,12.5,12.5,12.5,12.5,400,12.065,0.44,0.04,12.4,12.017,12.205,-0.29,-0.02,-1,12.23,12.35,12.49,12.57,12.14,11.95,12.57,11.96,False,True,False
2023-07-26,1690329600,12.4,12.4,12.2,12.205,3700,12.4,-0.2,-0.02,12.017,12.5,12.14,-0.06,-0.0,-1,12.24,12.28,12.48,12.58,12.15,11.95,12.57,11.95,False,True,False
2023-07-27,1690416000,12.1,12.3,12.1,12.14,500,12.017,0.12,0.01,12.5,12.205,12.044,-0.1,-0.01,-1,12.25,12.28,12.45,12.58,12.16,11.94,12.58,11.95,False,True,False
2023-07-28,1690502400,12.0,12.3,12.0,12.044,11800,12.5,-0.46,-0.04,12.205,12.14,12.099,0.05,0.0,1,12.18,12.25,12.43,12.57,12.18,11.94,12.58,11.94,False,True,False
2023-07-31,1690761600,12.1,12.2,12.0,12.099,7500,12.205,-0.11,-0.01,12.14,12.044,12.017,-0.08,-0.01,-1,12.2,12.23,12.41,12.56,12.2,11.93,12.57,11.94,False,True,False
2023-08-01,1690848000,12.0,12.1,11.9,12.017,10900,12.14,-0.12,-0.01,12.044,12.099,12.29,0.27,0.02,1,12.1,12.17,12.37,12.56,12.21,11.93,12.56,11.93,False,True,False
2023-08-02,1690934400,12.2,12.4,12.2,12.29,28100,12.044,0.25,0.02,12.099,12.017,12.302,0.01,0.0,1,12.12,12.18,12.34,12.56,12.24,11.93,12.56,11.93,False,True,False
2023-08-03,1691020800,12.4,12.4,12.3,12.302,4400,12.099,0.2,0.02,12.017,12.29,12.259,-0.04,-0.0,-1,12.15,12.2,12.31,12.55,12.25,11.92,12.56,11.93,False,True,False
2023-08-04,1691107200,12.2,12.4,12.2,12.259,11800,12.017,0.24,0.02,12.29,12.302,12.303,0.04,0.0,1,12.19,12.19,12.31,12.54,12.27,11.92,12.55,11.92,False,True,False
2023-08-07,1691366400,12.3,12.5,12.2,12.303,34400,12.29,0.01,0.0,12.302,12.259,12.3,-0.0,-0.0,-1,12.23,12.22,12.3,12.52,12.29,11.91,12.54,11.92,False,True,False
2023-08-08,1691452800,12.3,12.3,12.3,12.3,9300,12.302,-0.0,-0.0,12.259,12.303,12.3,0.0,0.0,-1,12.29,12.2,12.27,12.5,12.31,11.91,12.52,11.91,False,True,False
2023-08-09,1691539200,12.3,12.3,12.3,12.3,1700,12.259,0.04,0.0,12.303,12.3,12.3,0.0,0.0,-1,12.29,12.21,12.24,12.47,12.33,11.9,12.5,11.91,False,True,False
2023-08-10,1691625600,12.3,12.3,12.3,12.3,0,12.303,-0.0,-0.0,12.3,12.3,12.34,0.04,0.0,1,12.29,12.22,12.25,12.45,12.34,11.89,12.47,11.9,False,True,False
2023-08-11,1691712000,12.3,12.5,12.3,12.34,500,12.3,0.04,0.0,12.3,12.3,12.578,0.24,0.02,1,12.31,12.25,12.25,12.44,12.36,11.89,12.45,11.89,False,True,False
2023-08-14,1691971200,12.3,12.8,12.3,12.578,5500,12.3,0.28,0.02,12.3,12.34,12.3,-0.28,-0.02,-1,12.36,12.3,12.27,12.44,12.37,11.88,12.44,11.89,False,True,False
2023-08-15,1692057600,12.3,12.3,12.3,12.3,1000,12.3,0.0,0.0,12.34,12.578,12.3,0.0,0.0,-1,12.36,12.33,12.25,12.43,12.39,11.88,12.44,11.88,False,True,False
2023-08-16,1692144000,12.3,12.3,12.3,12.3,2600,12.34,-0.04,-0.0,12.578,12.3,12.446,0.15,0.01,1,12.36,12.33,12.25,12.44,12.41,11.87,12.43,11.88,False,True,False
2023-08-17,1692230400,12.5,12.5,12.3,12.446,6300,12.578,-0.13,-0.01,12.3,12.3,12.036,-0.41,-0.03,-1,12.39,12.34,12.27,12.42,12.43,11.86,12.44,11.87,False,True,False
2023-08-18,1692316800,12.2,12.2,12.0,12.036,8000,12.3,-0.26,-0.02,12.3,12.446,12.664,0.63,0.05,1,12.33,12.32,12.25,12.42,12.44,11.86,12.42,11.86,False,True,False
2023-08-21,1692576000,12.7,12.7,12.3,12.664,1104,12.3,0.36,0.03,12.446,12.036,12.884,0.22,0.02,1,12.35,12.36,12.29,12.42,12.46,11.86,12.42,11.86,False,True,False
2023-08-22,1692662400,13.2,13.2,12.6,12.884,1900,12.446,0.44,0.04,12.036,12.664,12.202,-0.68,-0.05,-1,12.47,12.41,12.31,12.43,12.47,11.87,12.42,11.86,False,True,False
2023-08-23,1692748800,12.3,12.3,12.2,12.202,4100,12.036,0.17,0.01,12.664,12.884,12.011,-0.19,-0.02,-1,12.45,12.4,12.31,12.43,12.48,11.87,12.43,11.87,False,True,False
2023-08-24,1692835200,12.0,12.2,12.0,12.011,1900,12.664,-0.65,-0.05,12.884,12.202,12.488,0.48,0.04,1,12.36,12.38,12.3,12.42,12.49,11.87,12.43,11.87,False,True,False
2023-08-25,1692921600,12.6,12.6,12.3,12.488,800,12.884,-0.4,-0.03,12.202,12.011,12.5,0.01,0.0,1,12.45,12.39,12.32,12.42,12.5,11.87,12.42,11.87,False,True,False
2023-08-28,1693180800,12.5,12.5,12.5,12.5,0,12.202,0.3,0.02,12.011,12.488,11.734,-0.77,-0.06,-1,12.42,12.38,12.34,12.42,12.51,11.87,12.42,11.87,False,True,False
2023-08-29,1693267200,12.0,12.2,11.6,11.734,10600,12.011,-0.28,-0.02,12.488,12.5,11.824,0.09,0.01,1,12.19,12.33,12.33,12.4,12.51,11.87,12.42,11.87,False,True,False
2023-08-30,1693353600,12.0,12.0,11.7,11.824,18900,12.488,-0.66,-0.05,12.5,11.734,12.016,0.19,0.02,1,12.11,12.28,12.3,12.38,12.52,11.88,12.4,11.87,False,True,False
2023-08-31,1693440000,12.5,12.5,12.0,12.016,3100,12.5,-0.48,-0.04,11.734,11.824,12.3,0.28,0.02,1,12.11,12.24,12.29,12.36,12.51,11.88,12.38,11.88,False,True,False
2023-09-05,1693872000,12.3,12.3,12.3,12.3,2600,11.734,0.57,0.05,11.824,12.016,12.291,-0.01,-0.0,-1,12.07,12.26,12.29,12.35,12.51,11.88,12.36,11.88,False,True,False
2023-09-06,1693958400,12.1,12.3,12.1,12.291,5800,11.824,0.47,0.04,12.016,12.3,12.3,0.01,0.0,1,12.03,12.22,12.29,12.36,12.5,11.88,12.35,11.88,False,True,False
2023-09-07,1694044800,12.3,12.3,12.3,12.3,0,12.016,0.28,0.02,12.3,12.291,12.1,-0.2,-0.02,-1,12.15,12.17,12.29,12.35,12.49,11.88,12.36,11.88,False,True,False
2023-09-08,1694131200,12.1,12.1,12.1,12.1,3000,12.3,-0.2,-0.02,12.291,12.3,12.097,-0.0,-0.0,-1,12.2,12.16,12.28,12.34,12.47,11.88,12.35,11.88,False,True,False
2023-09-11,1694390400,12.3,12.5,12.0,12.097,7304,12.291,-0.19,-0.02,12.3,12.1,12.1,0.0,0.0,-1,12.22,12.16,12.27,12.33,12.47,11.88,12.34,11.88,False,True,False
2023-09-12,1694476800,12.1,12.1,12.1,12.1,2205,12.3,-0.2,-0.02,12.1,12.097,12.1,0.0,0.0,-1,12.18,12.13,12.26,12.32,12.46,11.89,12.33,11.88,False,True,False
2023-09-13,1694563200,12.1,12.1,12.1,12.1,0,12.1,0.0,0.0,12.097,12.1,11.835,-0.26,-0.02,-1,12.14,12.09,12.23,12.32,12.45,11.89,12.32,11.89,False,True,False
2023-09-14,1694649600,11.9,12.2,11.8,11.835,11800,12.097,-0.26,-0.02,12.1,12.1,11.8,-0.04,-0.0,-1,12.05,12.1,12.21,12.3,12.44,11.9,12.32,11.89,False,True,False
2023-09-15,1694736000,11.8,11.8,11.8,11.8,2300,12.1,-0.3,-0.02,12.1,11.835,11.8,0.0,0.0,-1,11.99,12.09,12.19,12.28,12.43,11.9,12.3,11.9,False,True,False
2023-09-18,1694995200,11.8,11.8,11.8,11.8,1600,12.1,-0.3,-0.02,11.835,11.8,11.798,-0.0,-0.0,-1,11.93,12.07,12.15,12.25,12.42,11.9,12.28,11.9,False,True,False
2023-09-19,1695081600,11.8,11.9,11.7,11.798,16800,11.835,-0.04,-0.0,11.8,11.8,12.018,0.22,0.02,1,11.87,12.02,12.14,12.24,12.42,11.9,12.25,11.9,False,True,False
2023-09-20,1695168000,11.9,12.2,11.8,12.018,5600,11.8,0.22,0.02,11.8,11.798,11.874,-0.14,-0.01,-1,11.85,11.99,12.11,12.24,12.41,11.9,12.24,11.9,False,True,False
2023-09-21,1695254400,12.0,12.1,11.8,11.874,3100,11.8,0.07,0.01,11.798,12.018,11.801,-0.07,-0.01,-1,11.86,11.95,12.06,12.22,12.4,11.91,12.24,11.9,False,True,False
2023-09-22,1695340800,11.8,12.1,11.8,11.801,33000,11.798,0.0,0.0,12.018,11.874,11.792,-0.01,-0.0,-1,11.86,11.92,12.04,12.19,12.39,11.92,12.22,11.91,False,True,False
2023-09-25,1695600000,11.8,11.8,11.7,11.792,6200,12.018,-0.23,-0.02,11.874,11.801,11.787,-0.0,-0.0,-1,11.86,11.89,12.03,12.19,12.39,11.92,12.19,11.92,False,True,False
2023-09-26,1695686400,11.8,11.8,11.7,11.787,7600,11.874,-0.09,-0.01,11.801,11.792,11.614,-0.17,-0.01,-1,11.85,11.86,11.99,12.18,12.38,11.93,12.19,11.92,False,True,False
2023-09-27,1695772800,11.7,11.8,11.6,11.614,6900,11.801,-0.19,-0.02,11.792,11.787,11.9,0.29,0.02,1,11.77,11.81,11.95,12.16,12.38,11.93,12.18,11.93,False,True,False
2023-09-28,1695859200,11.9,11.9,11.9,11.9,200,11.792,0.11,0.01,11.787,11.614,11.601,-0.3,-0.03,-1,11.78,11.82,11.96,12.15,12.37,11.93,12.16,11.93,False,True,False
2023-09-29,1695945600,11.6,11.7,11.6,11.601,15700,11.787,-0.19,-0.02,11.614,11.9,11.75,0.15,0.01,1,11.74,11.8,11.95,12.14,12.36,11.93,12.15,11.93,False,True,False
2023-10-02,1696204800,11.7,11.8,11.7,11.75,2000,11.614,0.14,0.01,11.9,11.601,11.9,0.15,0.01,1,11.73,11.79,11.93,12.13,12.36,11.92,12.14,11.93,False,True,False
2023-10-03,1696291200,11.9,11.9,11.9,11.9,6000,11.9,0.0,0.0,11.601,11.75,11.419,-0.48,-0.04,-1,11.75,11.8,11.91,12.12,12.35,11.93,12.13,11.92,False,True,False
2023-10-04,1696377600,11.5,11.9,11.1,11.419,33000,11.601,-0.18,-0.02,11.75,11.9,11.649,0.23,0.02,1,11.71,11.74,11.87,12.11,12.34,11.93,12.12,11.93,False,True,False
2023-10-05,1696464000,11.5,11.8,11.5,11.649,12100,11.75,-0.1,-0.01,11.9,11.419,11.6,-0.05,-0.0,-1,11.66,11.72,11.84,12.09,12.33,11.93,12.11,11.93,False,True,False
2023-10-06,1696550400,11.6,11.6,11.6,11.6,1600,11.9,-0.3,-0.03,11.419,11.649,11.624,0.02,0.0,1,11.66,11.7,11.81,12.08,12.33,11.93,12.09,11.93,False,True,False
2023-10-09,1696809600,11.6,11.7,11.6,11.624,8500,11.419,0.21,0.02,11.649,11.6,11.699,0.07,0.01,1,11.64,11.68,11.79,12.07,12.32,11.94,12.08,11.93,False,True,False
2023-10-10,1696896000,11.7,11.7,11.6,11.699,10100,11.649,0.05,0.0,11.6,11.624,11.684,-0.02,-0.0,-1,11.6,11.68,11.77,12.06,12.32,11.93,12.07,11.94,False,True,False
2023-10-11,1696982400,11.7,11.9,11.5,11.684,7700,11.6,0.08,0.01,11.624,11.699,11.895,0.21,0.02,1,11.65,11.68,11.75,12.05,12.31,11.93,12.06,11.93,False,True,False
2023-10-12,1697068800,11.8,12.0,11.7,11.895,13000,11.624,0.27,0.02,11.699,11.684,11.693,-0.2,-0.02,-1,11.7,11.68,11.75,12.05,12.3,11.93,12.05,11.93,False,True,False
2023-10-13,1697155200,11.6,11.7,11.6,11.693,9600,11.699,-0.01,-0.0,11.684,11.895,11.7,0.01,0.0,1,11.72,11.69,11.74,12.04,12.3,11.94,12.05,11.93,False,True,False
2023-10-16,1697414400,11.6,11.8,11.6,11.7,700,11.684,0.02,0.0,11.895,11.693,11.62,-0.08,-0.01,-1,11.73,11.69,11.74,12.03,12.29,11.94,12.04,11.94,False,True,False
2023-10-17,1697500800,11.6,11.7,11.6,11.62,6900,11.895,-0.28,-0.02,11.693,11.7,11.634,0.01,0.0,1,11.72,11.66,11.73,12.01,12.28,11.94,12.03,11.94,False,True,False
2023-10-18,1697587200,11.6,11.8,11.6,11.634,16000,11.693,-0.06,-0.01,11.7,11.62,11.886,0.25,0.02,1,11.71,11.68,11.71,12.0,12.26,11.95,12.01,11.94,False,True,False
2023-10-19,1697673600,11.7,12.0,11.7,11.886,18300,11.7,0.19,0.02,11.62,11.634,11.985,0.1,0.01,1,11.71,11.7,11.71,11.99,12.24,11.95,12.0,11.95,False,True,False
2023-10-20,1697760000,11.9,12.2,11.8,11.985,9400,11.62,0.37,0.03,11.634,11.886,12.439,0.45,0.04,1,11.76,11.74,11.72,11.99,12.23,11.95,11.99,11.95,False,True,False
2023-10-23,1698019200,12.2,12.5,12.2,12.439,2300,11.634,0.8,0.07,11.886,11.985,12.4,-0.04,-0.0,-1,11.91,11.82,11.75,11.99,12.22,11.96,11.99,11.95,False,True,False
2023-10-24,1698105600,12.4,12.4,12.4,12.4,0,11.886,0.51,0.04,11.985,12.439,12.4,0.0,0.0,-1,12.07,11.89,11.78,11.99,12.22,11.97,11.99,11.96,False,True,False
2023-10-25,1698192000,12.4,12.4,12.4,12.4,0,11.985,0.42,0.04,12.439,12.4,11.613,-0.79,-0.06,-1,12.22,11.97,11.82,11.99,12.21,11.97,11.99,11.97,False,True,False
2023-10-26,1698278400,11.9,12.0,11.5,11.613,10900,12.439,-0.83,-0.07,12.4,12.4,11.8,0.19,0.02,1,12.17,11.94,11.81,11.97,12.2,11.96,11.99,11.97,False,True,False
2023-10-27,1698364800,11.8,11.8,11.8,11.8,200,12.4,-0.6,-0.05,12.4,11.613,11.8,0.0,0.0,-1,12.13,11.95,11.82,11.96,12.2,11.96,11.97,11.96,False,True,False
2023-10-30,1698624000,11.8,11.8,11.8,11.8,520,12.4,-0.6,-0.05,11.613,11.8,11.837,0.04,0.0,1,12.0,11.96,11.82,11.95,12.19,11.96,11.96,11.96,True,False,False
2023-10-31,1698710400,12.8,12.8,11.8,11.837,2700,11.613,0.22,0.02,11.8,11.8,11.799,-0.04,-0.0,-1,11.89,11.98,11.82,11.95,12.18,11.96,11.95,11.96,True,False,False
2023-11-01,1698796800,11.7,11.8,11.7,11.799,6800,11.8,-0.0,-0.0,11.8,11.837,11.557,-0.24,-0.02,-1,11.77,12.0,11.84,11.93,12.18,11.96,11.95,11.96,True,False,False
2023-11-02,1698883200,11.6,11.8,11.5,11.557,5400,11.8,-0.24,-0.02,11.837,11.799,11.667,0.11,0.01,1,11.76,11.96,11.83,11.9,12.17,11.95,11.93,11.96,True,False,False
2023-11-03,1698969600,11.5,11.8,11.5,11.667,39602,11.837,-0.17,-0.01,11.799,11.557,11.7,0.03,0.0,1,11.73,11.93,11.84,11.89,12.16,11.95,11.9,11.95,True,False,False
2023-11-06,1699228800,11.7,11.7,11.7,11.7,8300,11.799,-0.1,-0.01,11.557,11.667,11.831,0.13,0.01,1,11.71,11.86,11.84,11.88,12.15,11.95,11.89,11.95,True,False,False
2023-11-07,1699315200,11.7,11.9,11.7,11.831,16000,11.557,0.27,0.02,11.667,11.7,11.9,0.07,0.01,1,11.71,11.8,11.85,11.87,12.14,11.95,11.88,11.95,True,False,False
2023-11-08,1699401600,11.9,11.9,11.9,11.9,1000,11.667,0.23,0.02,11.7,11.831,11.9,0.0,0.0,-1,11.73,11.75,11.86,11.86,12.14,11.95,11.87,11.95,True,False,False
2023-11-09,1699488000,11.9,11.9,11.9,11.9,0,11.7,0.2,0.02,11.831,11.9,11.702,-0.2,-0.02,-1,11.8,11.78,11.86,11.86,12.13,11.95,11.86,11.95,True,False,False
2023-11-10,1699574400,11.7,11.8,11.7,11.702,21300,11.831,-0.13,-0.01,11.9,11.9,11.7,-0.0,-0.0,-1,11.81,11.77,11.86,11.86,12.12,11.95,11.86,11.95,True,False,False
2023-11-13,1699833600,11.7,11.7,11.7,11.7,4200,11.9,-0.2,-0.02,11.9,11.702,11.7,0.0,0.0,-1,11.81,11.76,11.86,11.85,12.11,11.95,11.86,11.95,True,False,False
2023-11-14,1699920000,11.7,11.7,11.7,11.7,15500,11.9,-0.2,-0.02,11.702,11.7,11.706,0.01,0.0,1,11.78,11.75,11.86,11.84,12.1,11.95,11.85,11.95,True,False,False
2023-11-15,1700006400,11.7,11.9,11.7,11.706,8200,11.702,0.0,0.0,11.7,11.7,11.8,0.09,0.01,1,11.74,11.74,11.87,11.83,12.09,11.95,11.84,11.95,True,False,False
2023-11-16,1700092800,11.8,11.8,11.8,11.8,100,11.7,0.1,0.01,11.7,11.706,11.8,0.0,0.0,-1,11.72,11.76,11.86,11.82,12.09,11.96,11.83,11.95,True,False,False
2023-11-17,1700179200,11.8,11.8,11.8,11.8,6400,11.7,0.1,0.01,11.706,11.8,11.725,-0.08,-0.01,-1,11.74,11.77,11.85,11.81,12.08,11.97,11.82,11.96,True,False,False
2023-11-20,1700438400,11.8,11.8,11.7,11.725,400,11.706,0.02,0.0,11.8,11.8,11.7,-0.03,-0.0,-1,11.75,11.78,11.82,11.81,12.07,11.97,11.81,11.97,True,False,False
2023-11-21,1700524800,11.7,11.7,11.7,11.7,0,11.8,-0.1,-0.01,11.8,11.725,11.891,0.19,0.02,1,11.75,11.76,11.78,11.8,12.06,11.97,11.81,11.97,True,False,False
2023-11-22,1700611200,11.8,12.0,11.8,11.891,2200,11.8,0.09,0.01,11.725,11.7,11.742,-0.15,-0.01,-1,11.78,11.76,11.76,11.79,12.06,11.98,11.8,11.97,True,False,False
2023-11-23,1700697600,11.9,11.9,11.7,11.742,10500,11.725,0.02,0.0,11.7,11.891,11.7,-0.04,-0.0,-1,11.77,11.75,11.76,11.79,12.05,11.98,11.79,11.98,True,False,False
2023-11-24,1700784000,11.7,11.7,11.7,11.7,2000,11.7,0.0,0.0,11.891,11.742,,,,-1,11.75,11.75,11.76,11.79,12.03,11.98,11.79,11.98,True,False,False
