date,timestamp,open,high,low,close,volume
2017-03-24,1490313600,15.772,15.772,15.772,15.772,100
2017-03-27,1490572800,17.343,17.343,17.343,17.343,100
2017-03-28,1490659200,19.055,19.055,15.843,15.843,13800
2017-03-29,1490745600,15.843,17.058,14.275,17.058,1200
2017-03-30,1490832000,15.487,15.487,15.487,15.487,100
2017-03-31,1490918400,13.989,13.989,13.989,13.989,2300
2017-04-03,1491177600,13.989,13.989,13.989,13.989,0
2017-04-04,1491264000,15.345,15.345,13.56,13.56,8800
2017-04-05,1491350400,12.205,13.56,12.205,13.56,1500
2017-04-07,1491523200,13.56,14.631,13.56,14.631,8400
2017-04-10,1491782400,14.988,16.059,14.988,16.059,1400
2017-04-11,1491868800,16.629,16.629,16.629,16.629,100
2017-04-12,1491955200,16.059,16.059,16.059,16.059,3000
2017-04-13,1492041600,14.488,14.488,14.488,14.488,300
2017-04-14,1492128000,14.488,14.488,13.06,13.06,200
2017-04-17,1492387200,14.275,14.275,14.275,14.275,300
2017-04-18,1492473600,14.275,14.275,14.275,14.275,0
2017-04-19,1492560000,14.275,14.275,14.275,14.275,0
2017-04-20,1492646400,14.275,14.275,14.275,14.275,0
2017-04-21,1492732800,13.631,13.631,13.631,13.631,100
2017-04-24,1492992000,13.133,13.133,13.133,13.133,100
2017-04-25,1493078400,13.703,13.703,13.703,13.703,100
2017-04-26,1493164800,13.703,13.703,13.703,13.703,0
2017-04-27,1493251200,14.058,15.059,14.058,15.059,800
2017-04-28,1493337600,15.059,15.059,15.059,15.059,0
2017-05-03,1493769600,15.059,15.059,15.059,15.059,0
2017-05-04,1493856000,15.059,15.059,15.059,15.059,0
2017-05-05,1493942400,15.059,15.059,15.059,15.059,0
2017-05-08,1494201600,15.059,15.059,15.059,15.059,0
2017-05-09,1494288000,13.989,13.989,13.989,13.989,100
2017-05-10,1494374400,13.989,13.989,13.989,13.989,0
2017-05-11,1494460800,14.275,14.275,14.275,14.275,6300
2017-05-12,1494547200,14.275,14.275,14.275,14.275,200
2017-05-15,1494806400,14.275,14.275,14.275,14.275,100
2017-05-16,1494892800,14.275,14.275,14.275,14.275,0
2017-05-17,1494979200,15.557,15.557,15.557,15.557,100
2017-05-18,1495065600,15.557,15.557,15.557,15.557,0
2017-05-19,1495152000,15.557,15.557,15.557,15.557,0
2017-05-22,1495411200,15.557,16.059,15.557,16.059,500
2017-05-23,1495497600,16.059,16.059,16.059,16.059,0
2017-05-24,1495584000,16.059,16.059,16.059,16.059,0
2017-05-25,1495670400,16.059,16.059,16.059,16.059,0
2017-05-26,1495756800,16.059,16.059,16.059,16.059,0
2017-05-29,1496016000,16.059,16.059,16.059,16.059,0
2017-05-30,1496102400,17.062,17.062,17.062,17.062,100
2017-05-31,1496188800,17.062,17.062,17.062,17.062,0
2017-06-01,1496275200,17.062,17.062,17.062,17.062,0
2017-06-02,1496361600,17.062,17.062,17.062,17.062,0
2017-06-05,1496620800,17.062,17.062,17.062,17.062,0
2017-06-06,1496707200,17.062,17.062,17.062,17.062,0
2017-06-07,1496793600,17.205,17.205,17.205,17.205,1500
2017-06-08,1496880000,17.205,17.205,17.205,17.205,0
2017-06-09,1496966400,17.205,17.205,17.205,17.205,100
2017-06-12,1497225600,17.205,17.205,17.205,17.205,0
2017-06-13,1497312000,17.205,17.205,17.205,17.205,0
2017-06-14,1497398400,17.205,17.205,17.205,17.205,0
2017-06-15,1497484800,17.205,17.205,17.205,17.205,0
2017-06-16,1497571200,17.205,17.205,17.205,17.205,0
2017-06-19,1497830400,17.205,17.205,17.205,17.205,0
2017-06-20,1497916800,16.846,16.846,16.846,16.846,1000
2017-06-21,1498003200,16.846,16.846,16.846,16.846,0
2017-06-22,1498089600,16.846,16.846,16.846,16.846,0
2017-06-23,1498176000,16.846,16.846,16.846,16.846,0
2017-06-26,1498435200,16.846,16.846,16.846,16.846,0
2017-06-27,1498521600,16.846,16.846,16.846,16.846,0
2017-06-28,1498608000,16.846,16.846,16.846,16.846,0
2017-06-29,1498694400,15.27,15.27,15.27,15.27,100
2017-06-30,1498780800,15.27,15.27,15.27,15.27,3500
2017-07-03,1499040000,15.916,16.703,15.916,16.703,8400
2017-07-04,1499126400,16.703,16.703,16.703,16.703,0
2017-07-05,1499212800,16.703,16.703,16.703,16.703,0
2017-07-06,1499299200,16.703,16.703,16.703,16.703,0
2017-07-07,1499385600,16.703,16.703,16.703,16.703,0
2017-07-10,1499644800,16.703,16.703,16.703,16.703,0
2017-07-11,1499731200,16.703,16.703,16.703,16.703,0
2017-07-12,1499817600,15.053,15.053,15.053,15.053,1000
2017-07-13,1499904000,15.053,15.053,15.053,15.053,4000
2017-07-14,1499990400,15.053,15.053,15.053,15.053,1500
2017-07-17,1500249600,14.338,14.338,14.338,14.338,4100
2017-07-18,1500336000,13.621,13.621,13.621,13.621,1000
2017-07-19,1500422400,14.338,14.338,14.338,14.338,4000
2017-07-20,1500508800,14.338,14.338,14.338,14.338,0
2017-07-21,1500595200,14.338,14.338,14.338,14.338,0
2017-07-24,1500854400,14.338,14.338,14.338,14.338,0
2017-07-25,1500940800,14.338,14.338,14.338,14.338,0
2017-07-26,1501027200,14.338,14.338,14.338,14.338,0
2017-07-27,1501113600,14.338,14.338,14.338,14.338,0
2017-07-28,1501200000,14.338,14.338,14.338,14.338,0
2017-07-31,1501459200,14.338,14.338,14.338,14.338,0
2017-08-01,1501545600,14.338,14.338,14.338,14.338,0
2017-08-02,1501632000,14.338,14.338,14.338,14.338,0
2017-08-03,1501718400,14.338,14.338,14.338,14.338,0
2017-08-04,1501804800,14.338,14.338,14.338,14.338,0
2017-08-07,1502064000,14.338,14.338,14.338,14.338,0
2017-08-08,1502150400,14.338,14.338,14.338,14.338,0
2017-08-09,1502236800,14.338,14.338,14.338,14.338,0
2017-08-10,1502323200,14.338,14.338,14.338,14.338,0
2017-08-11,1502409600,14.338,14.338,14.338,14.338,0
2017-08-14,1502668800,14.338,14.338,14.338,14.338,400
2017-08-15,1502755200,14.338,14.338,14.338,14.338,0
2017-08-16,1502841600,14.338,14.338,14.338,14.338,0
2017-08-17,1502928000,14.338,14.338,14.338,14.338,0
2017-08-18,1503014400,14.338,14.338,14.338,14.338,0
2017-08-21,1503273600,12.905,14.338,12.905,14.338,1600
2017-08-22,1503360000,14.338,14.338,14.338,14.338,0
2017-08-23,1503446400,14.338,14.338,14.338,14.338,0
2017-08-24,1503532800,14.338,14.338,14.338,14.338,0
2017-08-25,1503619200,14.338,14.338,14.338,14.338,400
2017-08-28,1503878400,14.338,14.338,14.338,14.338,100
2017-08-29,1503964800,14.194,14.194,14.194,14.194,100
2017-08-30,1504051200,14.338,14.696,12.905,12.905,4300
2017-08-31,1504137600,12.905,12.905,12.905,12.905,0
2017-09-01,1504224000,14.194,14.194,14.194,14.194,100
2017-09-05,1504569600,14.338,14.338,14.338,14.338,200
2017-09-06,1504656000,14.338,14.338,14.338,14.338,100
2017-09-07,1504742400,14.338,14.338,14.338,14.338,700
2017-09-08,1504828800,14.338,14.338,14.338,14.338,800
2017-09-11,1505088000,14.338,14.338,14.338,14.338,0
2017-09-12,1505174400,14.338,14.338,14.338,14.338,0
2017-09-13,1505260800,14.338,14.338,14.338,14.338,0
2017-09-14,1505347200,14.338,14.338,14.338,14.338,0
2017-09-15,1505433600,14.338,14.338,14.338,14.338,0
2017-09-18,1505692800,14.338,14.338,14.338,14.338,0
2017-09-19,1505779200,14.338,14.338,14.338,14.338,0
2017-09-20,1505865600,14.338,14.338,14.338,14.338,400
2017-09-21,1505952000,14.338,14.338,14.338,14.338,0
2017-09-22,1506038400,14.338,14.338,14.338,14.338,0
2017-09-25,1506297600,13.979,13.979,13.979,13.979,100
2017-09-26,1506384000,13.979,13.979,13.979,13.979,0
2017-09-27,1506470400,13.979,13.979,13.979,13.979,0
2017-09-28,1506556800,13.979,13.979,13.979,13.979,0
2017-09-29,1506643200,13.979,13.979,13.979,13.979,0
2017-10-02,1506902400,15.053,15.053,15.053,15.053,100
2017-10-03,1506988800,15.771,15.771,15.771,15.771,100
2017-10-04,1507075200,15.771,15.771,15.771,15.771,0
2017-10-05,1507161600,15.771,15.771,15.771,15.771,0
2017-10-06,1507248000,15.771,15.771,15.771,15.771,0
2017-10-09,1507507200,15.771,15.771,15.771,15.771,0
2017-10-10,1507593600,15.771,15.771,15.771,15.771,0
2017-10-11,1507680000,15.771,15.771,15.771,15.771,0
2017-10-12,1507766400,15.053,15.053,14.338,14.338,600
2017-10-13,1507852800,14.338,14.338,14.338,14.338,4300
2017-10-16,1508112000,15.414,15.414,15.414,15.414,400
2017-10-17,1508198400,15.414,15.414,15.414,15.414,0
2017-10-18,1508284800,16.846,16.846,16.846,16.846,200
2017-10-19,1508371200,16.846,16.846,16.846,16.846,0
2017-10-20,1508457600,16.846,16.846,16.846,16.846,0
2017-10-23,1508716800,16.846,16.846,16.846,16.846,0
2017-10-24,1508803200,16.846,16.846,16.846,16.846,0
2017-10-25,1508889600,16.846,16.846,16.846,16.846,0
2017-10-26,1508976000,15.414,15.414,15.414,15.414,300
2017-10-27,1509062400,15.414,15.414,15.414,15.414,0
2017-10-30,1509321600,15.414,15.414,15.414,15.414,0
2017-10-31,1509408000,15.414,15.414,15.414,15.414,0
2017-11-01,1509494400,16.846,16.846,16.846,16.846,300
2017-11-02,1509580800,16.846,16.846,16.846,16.846,0
2017-11-03,1509667200,16.846,16.846,16.846,16.846,0
2017-11-06,1509926400,16.846,16.846,16.846,16.846,0
2017-11-07,1510012800,15.27,15.27,15.27,15.27,100
2017-11-08,1510099200,15.27,15.27,15.27,15.27,0
2017-11-09,1510185600,14.338,14.338,14.338,14.338,100
2017-11-10,1510272000,15.771,15.771,14.05,14.05,2900
2017-11-13,1510531200,12.905,12.905,12.905,12.905,100
2017-11-14,1510617600,12.905,12.905,12.905,12.905,0
2017-11-15,1510704000,14.194,14.194,14.194,14.194,600
2017-11-16,1510790400,15.485,15.485,15.485,15.485,1300
2017-11-17,1510876800,15.485,15.485,15.485,15.485,0
2017-11-20,1511136000,15.485,15.485,15.485,15.485,0
2017-11-21,1511222400,15.485,15.485,15.485,15.485,0
2017-11-22,1511308800,15.485,15.485,15.485,15.485,0
2017-11-23,1511395200,15.485,15.485,15.485,15.485,0
2017-11-24,1511481600,14.409,14.409,14.409,14.409,100
2017-11-27,1511740800,15.053,15.053,15.053,15.053,4000
2017-11-28,1511827200,15.053,15.053,15.053,15.053,1000
2017-11-29,1511913600,15.053,15.053,15.053,15.053,400
2017-11-30,1512000000,14.338,14.338,14.338,14.338,3600
2017-12-01,1512086400,15.053,15.053,14.338,14.338,14900
2017-12-04,1512345600,14.338,14.338,14.338,14.338,0
2017-12-05,1512432000,14.338,14.338,14.338,14.338,5000
2017-12-06,1512518400,14.338,14.338,14.338,14.338,400
2017-12-07,1512604800,14.338,14.338,14.338,14.338,5000
2017-12-08,1512691200,14.338,14.338,14.338,14.338,0
2017-12-11,1512950400,14.338,14.338,14.338,14.338,0
2017-12-12,1513036800,14.338,14.338,14.338,14.338,0
2017-12-13,1513123200,14.338,14.338,14.338,14.338,0
2017-12-14,1513209600,14.338,14.338,14.338,14.338,0
2017-12-15,1513296000,14.338,14.338,14.338,14.338,0
2017-12-18,1513555200,14.338,14.338,14.338,14.338,7400
2017-12-19,1513641600,14.338,14.481,14.338,14.481,4100
2017-12-20,1513728000,14.481,14.481,14.481,14.481,0
2017-12-21,1513814400,13.621,13.621,13.621,13.621,300
2017-12-22,1513900800,14.338,14.338,14.338,14.338,1000
2017-12-25,1514160000,14.696,14.696,14.696,14.696,100
2017-12-26,1514246400,14.696,14.696,14.696,14.696,0
2017-12-27,1514332800,14.696,14.696,14.696,14.696,0
2017-12-28,1514419200,14.696,14.696,14.696,14.696,0
2017-12-29,1514505600,14.696,14.696,14.696,14.696,0
2018-01-02,1514851200,14.696,14.696,14.696,14.696,0
2018-01-03,1514937600,15.414,15.414,15.414,15.414,1900
2018-01-04,1515024000,15.414,15.414,15.414,15.414,0
2018-01-05,1515110400,15.414,15.414,15.414,15.414,0
2018-01-08,1515369600,15.414,15.414,15.414,15.414,0
2018-01-09,1515456000,16.488,16.488,14.338,14.338,5100
2018-01-10,1515542400,14.338,14.338,14.338,14.338,0
2018-01-11,1515628800,15.053,15.053,15.053,15.053,100
2018-01-12,1515715200,15.053,15.053,15.053,15.053,0
2018-01-15,1515974400,15.053,15.053,15.053,15.053,0
2018-01-16,1516060800,15.053,15.053,15.053,15.053,0
2018-01-17,1516147200,15.053,15.053,15.053,15.053,0
2018-01-18,1516233600,16.059,16.129,16.059,16.129,7000
2018-01-19,1516320000,16.129,16.129,16.129,16.129,1800
2018-01-22,1516579200,16.129,16.129,16.129,16.129,1000
2018-01-23,1516665600,16.129,16.129,16.129,16.129,0
2018-01-24,1516752000,16.129,16.129,16.129,16.129,500
2018-01-25,1516838400,16.129,16.129,16.129,16.129,800
2018-01-26,1516924800,16.129,16.129,16.129,16.129,0
2018-01-29,1517184000,16.488,16.488,16.488,16.488,900
2018-01-30,1517270400,16.488,16.488,16.488,16.488,0
2018-01-31,1517356800,16.488,16.488,16.488,16.488,4300
2018-02-01,1517443200,17.564,17.564,17.564,17.564,100
2018-02-02,1517529600,17.564,17.564,17.564,17.564,0
2018-02-05,1517788800,17.564,17.564,17.564,17.564,0
2018-02-06,1517875200,16.488,16.488,16.488,16.488,2600
2018-02-07,1517961600,16.488,16.488,16.488,16.488,0
2018-02-08,1518048000,16.488,16.488,16.488,16.488,2990
2018-02-09,1518134400,16.488,16.488,16.488,16.488,4000
2018-02-12,1518393600,16.488,16.488,16.488,16.488,0
2018-02-13,1518480000,16.488,16.488,16.488,16.488,0
2018-02-21,1519171200,16.488,16.488,16.488,16.488,0
2018-02-22,1519257600,16.488,16.488,16.488,16.488,32
2018-02-23,1519344000,16.488,16.488,16.488,16.488,0
2018-02-26,1519603200,16.488,16.488,16.488,16.488,0
2018-02-27,1519689600,16.488,16.488,16.488,16.488,0
2018-02-28,1519776000,16.488,16.488,16.488,16.488,0
2018-03-01,1519862400,16.488,16.488,16.488,16.488,0
2018-03-02,1519948800,16.488,16.488,16.488,16.488,0
2018-03-05,1520208000,16.488,16.488,16.488,16.488,0
2018-03-06,1520294400,17.205,17.205,17.205,17.205,5000
2018-03-07,1520380800,17.205,17.205,17.205,17.205,0
2018-03-08,1520467200,17.134,17.134,17.134,17.134,200
2018-03-09,1520553600,17.205,17.205,17.205,17.205,1000
2018-03-12,1520812800,17.923,17.923,17.205,17.205,6600
2018-03-13,1520899200,17.205,17.205,17.205,17.205,1000
2018-03-14,1520985600,17.205,17.564,17.205,17.564,38400
2018-03-15,1521072000,17.348,17.348,17.348,17.348,500
2018-03-16,1521158400,17.492,17.564,17.492,17.564,5400
2018-03-19,1521417600,17.564,17.564,17.564,17.564,0
2018-03-20,1521504000,17.205,17.923,17.205,17.923,10800
2018-03-21,1521590400,17.923,17.923,17.923,17.923,0
2018-03-22,1521676800,17.923,17.923,17.923,17.923,0
2018-03-23,1521763200,18.639,18.639,18.639,18.639,300
2018-03-26,1522022400,18.639,18.639,18.639,18.639,0
2018-03-27,1522108800,18.639,18.639,18.639,18.639,0
2018-03-28,1522195200,18.639,18.639,18.639,18.639,0
2018-03-29,1522281600,18.996,19.355,18.996,19.355,4200
2018-03-30,1522368000,19.355,19.355,19.355,19.355,0
2018-04-02,1522627200,19.355,19.355,19.355,19.355,0
2018-04-03,1522713600,19.355,19.355,19.355,19.355,0
2018-04-04,1522800000,19.355,19.355,19.355,19.355,0
2018-04-05,1522886400,19.355,19.355,19.355,19.355,0
2018-04-06,1522972800,19.355,19.355,19.355,19.355,0
2018-04-09,1523232000,19.355,19.355,19.355,19.355,0
2018-04-10,1523318400,19.355,19.355,19.355,19.355,0
2018-04-11,1523404800,19.355,19.355,19.355,19.355,0
2018-04-12,1523491200,19.355,19.355,19.355,19.355,0
2018-04-13,1523577600,19.355,19.355,19.355,19.355,0
2018-04-16,1523836800,19.355,19.355,19.355,19.355,300
2018-04-17,1523923200,19.355,19.355,19.355,19.355,0
2018-04-18,1524009600,19.355,19.355,19.355,19.355,0
2018-04-19,1524096000,19.355,19.355,19.355,19.355,0
2018-04-20,1524182400,19.355,19.355,19.355,19.355,0
2018-04-23,1524441600,19.355,19.355,19.355,19.355,0
2018-04-24,1524528000,17.42,17.42,17.42,17.42,100
2018-04-26,1524700800,17.42,17.42,17.42,17.42,0
2018-04-27,1524787200,17.42,17.42,17.42,17.42,0
2018-05-02,1525219200,15.872,15.872,15.872,15.872,100
2018-05-03,1525305600,17.032,17.032,17.032,17.032,15600
2018-05-04,1525392000,17.032,17.032,17.032,17.032,0
2018-05-07,1525651200,18.582,18.582,15.485,15.485,300
2018-05-08,1525737600,15.485,15.485,15.485,15.485,0
2018-05-09,1525824000,15.485,15.485,15.485,15.485,0
2018-05-10,1525910400,11.784,11.784,11.784,11.784,0
2018-05-11,1525996800,12.963,12.963,12.963,12.963,200
2018-05-14,1526256000,14.259,14.259,14.259,14.259,500
2018-05-15,1526342400,14.259,14.259,14.259,14.259,0
2018-05-16,1526428800,14.259,14.259,14.259,14.259,0
2018-05-17,1526515200,14.259,14.259,14.259,14.259,0
2018-05-18,1526601600,14.259,14.259,14.259,14.259,0
2018-05-21,1526860800,14.73,14.73,14.73,14.73,2000
2018-05-22,1526947200,14.73,14.73,14.73,14.73,0
2018-05-23,1527033600,14.73,14.73,14.73,14.73,0
2018-05-24,1527120000,14.73,14.73,14.73,14.73,0
2018-05-25,1527206400,14.73,14.73,14.73,14.73,0
2018-05-28,1527465600,14.73,14.73,14.73,14.73,0
2018-05-29,1527552000,14.73,14.73,14.73,14.73,0
2018-05-30,1527638400,14.73,14.73,14.73,14.73,0
2018-05-31,1527724800,13.257,13.257,13.257,13.257,200
2018-06-01,1527811200,13.257,13.257,13.257,13.257,0
2018-06-04,1528070400,11.961,11.961,11.961,11.961,5000
2018-06-05,1528156800,11.961,11.961,11.961,11.961,0
2018-06-06,1528243200,11.961,11.961,11.961,11.961,0
2018-06-07,1528329600,11.961,11.961,11.961,11.961,0
2018-06-08,1528416000,11.961,11.961,11.961,11.961,0
2018-06-11,1528675200,11.961,11.961,11.961,11.961,0
2018-06-12,1528761600,11.961,11.961,11.961,11.961,0
2018-06-13,1528848000,11.961,11.961,11.961,11.961,0
2018-06-14,1528934400,11.961,11.961,11.961,11.961,0
2018-06-15,1529020800,11.961,11.961,11.961,11.961,0
2018-06-18,1529280000,11.961,11.961,11.961,11.961,0
2018-06-19,1529366400,11.961,11.961,11.961,11.961,0
2018-06-20,1529452800,11.961,11.961,11.961,11.961,0
2018-06-21,1529539200,11.961,11.961,11.961,11.961,0
2018-06-22,1529625600,11.961,11.961,11.961,11.961,0
2018-06-25,1529884800,11.961,11.961,11.961,11.961,0
2018-06-26,1529971200,11.961,11.961,11.961,11.961,0
2018-06-27,1530057600,11.961,11.961,11.961,11.961,0
2018-06-28,1530144000,11.961,11.961,11.961,11.961,0
2018-06-29,1530230400,13.139,13.139,13.139,13.139,100
2018-07-02,1530489600,13.139,13.139,13.139,13.139,0
2018-07-03,1530576000,13.139,13.139,13.139,13.139,0
2018-07-04,1530662400,13.139,13.139,13.139,13.139,0
2018-07-05,1530748800,13.139,13.139,13.139,13.139,0
2018-07-06,1530835200,13.139,13.139,13.139,13.139,0
2018-07-09,1531094400,13.139,13.139,13.139,13.139,0
2018-07-10,1531180800,13.139,13.139,13.139,13.139,0
2018-07-11,1531267200,13.139,13.139,13.139,13.139,0
2018-07-12,1531353600,13.139,13.139,13.139,13.139,0
2018-07-13,1531440000,13.139,13.139,13.139,13.139,0
2018-07-16,1531699200,13.139,13.139,13.139,13.139,0
2018-07-17,1531785600,13.139,13.139,13.139,13.139,0
2018-07-18,1531872000,13.139,13.139,13.139,13.139,0
2018-07-19,1531958400,13.139,13.139,13.139,13.139,0
2018-07-20,1532044800,13.139,13.139,13.139,13.139,0
2018-07-23,1532304000,13.139,13.139,13.139,13.139,0
2018-07-24,1532390400,13.139,13.139,13.139,13.139,0
2018-07-25,1532476800,13.139,13.139,13.139,13.139,0
2018-07-26,1532563200,13.139,13.139,13.139,13.139,0
2018-07-27,1532649600,13.139,13.139,13.139,13.139,32
2018-07-30,1532908800,13.139,13.139,13.139,13.139,0
2018-07-31,1532995200,13.139,13.139,13.139,13.139,0
2018-08-01,1533081600,13.139,13.139,13.139,13.139,0
2018-08-02,1533168000,13.139,13.139,13.139,13.139,0
2018-08-03,1533254400,13.139,13.139,13.139,13.139,2
2018-08-06,1533513600,13.139,13.139,13.139,13.139,30
2018-08-07,1533600000,13.139,13.139,13.139,13.139,0
2018-08-08,1533686400,13.139,13.139,13.139,13.139,0
2018-08-09,1533772800,13.139,13.139,13.139,13.139,0
2018-08-10,1533859200,13.139,13.139,13.139,13.139,0
2018-08-13,1534118400,13.139,13.139,13.139,13.139,0
2018-08-14,1534204800,13.139,13.139,13.139,13.139,0
2018-08-15,1534291200,13.139,13.139,13.139,13.139,0
2018-08-16,1534377600,13.139,13.139,13.139,13.139,0
2018-08-17,1534464000,13.139,13.139,13.139,13.139,0
2018-08-20,1534723200,13.139,13.139,13.139,13.139,0
2018-08-21,1534809600,13.139,13.139,13.139,13.139,0
2018-08-22,1534896000,13.139,13.139,13.139,13.139,0
2018-08-23,1534982400,13.552,13.552,13.552,13.552,100
2018-08-24,1535068800,14.907,14.907,14.907,14.907,13000
2018-08-27,1535328000,14.907,14.907,14.907,14.907,0
2018-08-28,1535414400,14.907,14.907,14.907,14.907,0
2018-08-29,1535500800,14.907,14.907,14.907,14.907,0
2018-08-30,1535587200,14.907,14.907,14.907,14.907,0
2018-08-31,1535673600,14.907,14.907,14.907,14.907,0
2018-09-04,1536019200,14.73,15.159,14.861,15.025,4000
2018-09-05,1536105600,15.025,15.025,15.025,15.025,0
2018-09-06,1536192000,15.025,15.025,15.025,15.025,1000
2018-09-07,1536278400,15.025,15.025,15.025,15.025,0
2018-09-10,1536537600,15.025,15.025,15.025,15.025,0
2018-09-11,1536624000,15.025,15.025,15.025,15.025,0
2018-09-12,1536710400,15.025,15.025,15.025,15.025,0
2018-09-13,1536796800,14.907,15.084,14.966,15.025,4000
2018-09-14,1536883200,15.025,15.025,15.025,15.025,0
2018-09-17,1537142400,15.025,15.025,15.025,15.025,0
2018-09-18,1537228800,15.025,15.025,15.025,15.025,3000
2018-09-19,1537315200,15.025,15.025,15.025,15.025,0
2018-09-20,1537401600,15.025,15.025,15.025,15.025,0
2018-09-21,1537488000,15.025,15.025,15.025,15.025,0
2018-09-24,1537747200,15.025,15.025,15.025,15.025,0
2018-09-25,1537833600,15.025,15.025,15.025,15.025,0
2018-09-26,1537920000,15.025,15.025,15.025,15.025,0
2018-09-27,1538006400,15.025,15.025,15.025,15.025,0
2018-09-28,1538092800,15.614,15.614,15.614,15.614,3000
2018-10-01,1538352000,15.614,15.614,15.614,15.614,0
2018-10-02,1538438400,15.614,15.614,15.614,15.614,0
2018-10-03,1538524800,15.614,15.614,15.614,15.614,0
2018-10-04,1538611200,15.614,15.614,15.614,15.614,0
2018-10-05,1538697600,15.614,15.614,15.614,15.614,0
2018-10-08,1538956800,15.614,15.614,15.614,15.614,0
2018-10-09,1539043200,15.614,15.614,15.614,15.614,0
2018-10-10,1539129600,15.614,15.614,15.614,15.614,0
2018-10-11,1539216000,14.082,14.082,14.082,14.082,100
2018-10-12,1539302400,14.082,14.082,14.082,14.082,0
2018-10-15,1539561600,14.082,14.082,14.082,14.082,4000
2018-10-16,1539648000,14.082,14.082,14.082,14.082,0
2018-10-17,1539734400,14.141,14.141,14.141,14.141,9000
2018-10-18,1539820800,14.141,14.141,14.141,14.141,10000
2018-10-19,1539907200,14.141,14.141,14.141,14.141,7000
2018-10-22,1540166400,14.141,14.141,14.141,14.141,0
2018-10-23,1540252800,14.141,14.141,14.141,14.141,0
2018-10-24,1540339200,14.141,14.141,14.141,14.141,0
2018-10-25,1540425600,14.141,14.141,14.141,14.141,0
2018-10-26,1540512000,14.141,14.141,14.141,14.141,0
2018-10-29,1540771200,14.141,14.141,14.141,14.141,0
2018-10-30,1540857600,14.141,14.141,14.141,14.141,0
2018-10-31,1540944000,14.141,14.141,14.141,14.141,0
2018-11-01,1541030400,14.141,14.141,14.141,14.141,0
2018-11-02,1541116800,14.141,14.141,14.141,14.141,0
2018-11-05,1541376000,14.141,14.141,14.141,14.141,0
2018-11-06,1541462400,14.141,14.141,14.141,14.141,0
2018-11-07,1541548800,14.141,14.141,14.141,14.141,0
2018-11-08,1541635200,14.141,14.141,14.141,14.141,0
2018-11-09,1541721600,14.141,14.141,14.141,14.141,0
2018-11-12,1541980800,14.141,14.141,14.141,14.141,0
2018-11-13,1542067200,14.141,14.141,14.141,14.141,0
2018-11-14,1542153600,14.141,14.141,14.141,14.141,0
2018-11-15,1542240000,14.141,14.141,14.141,14.141,0
2018-11-16,1542326400,14.73,14.73,14.73,14.73,200
2018-11-19,1542585600,14.73,14.73,14.73,14.73,0
2018-11-20,1542672000,14.73,14.73,14.73,14.73,0
2018-11-21,1542758400,14.73,14.73,14.73,14.73,0
2018-11-22,1542844800,14.73,14.73,14.73,14.73,0
2018-11-23,1542931200,14.73,14.73,14.73,14.73,0
2018-11-26,1543190400,14.73,14.73,14.73,14.73,0
2018-11-27,1543276800,14.73,14.73,14.73,14.73,0
2018-11-28,1543363200,14.73,14.73,14.73,14.73,0
2018-11-29,1543449600,14.73,14.73,14.73,14.73,0
2018-11-30,1543536000,14.73,14.73,14.73,14.73,0
2018-12-03,1543795200,14.73,14.73,14.73,14.73,0
2018-12-04,1543881600,14.73,14.73,14.73,14.73,0
2018-12-05,1543968000,14.73,14.73,14.73,14.73,0
2018-12-06,1544054400,14.73,14.73,14.73,14.73,0
2018-12-07,1544140800,14.73,14.73,14.73,14.73,0
2018-12-10,1544400000,14.73,14.73,14.73,14.73,0
2018-12-11,1544486400,14.73,14.73,14.73,14.73,0
2018-12-12,1544572800,16.203,16.203,16.203,16.203,100
2018-12-13,1544659200,16.203,16.203,16.203,16.203,0
2018-12-14,1544745600,16.203,16.203,16.203,16.203,0
2018-12-17,1545004800,16.203,16.203,16.203,16.203,0
2018-12-18,1545091200,16.203,16.203,16.203,16.203,0
2018-12-19,1545177600,16.203,16.203,16.203,16.203,0
2018-12-20,1545264000,17.794,17.794,17.794,17.794,100
2018-12-21,1545350400,17.794,17.794,17.794,17.794,0
2018-12-24,1545609600,17.794,17.794,17.794,17.794,0
2018-12-25,1545696000,17.794,17.794,17.794,17.794,0
2018-12-26,1545782400,17.794,17.794,17.794,17.794,0
2018-12-27,1545868800,17.794,17.794,17.794,17.794,500
2018-12-28,1545955200,17.794,17.794,17.794,17.794,100
2019-01-02,1546387200,17.794,17.794,17.794,17.794,0
2019-01-03,1546473600,17.794,17.794,17.794,17.794,200
2019-01-04,1546560000,16.027,16.027,16.027,16.027,100
2019-01-07,1546819200,14.513,14.513,14.513,14.513,1600
2019-01-08,1546905600,14.513,14.513,14.513,14.513,0
2019-01-09,1546992000,14.513,14.513,14.513,14.513,0
2019-01-10,1547078400,13.061,13.061,13.061,13.061,100
2019-01-11,1547164800,13.061,13.061,13.061,13.061,0
2019-01-14,1547424000,13.061,13.061,13.061,13.061,0
2019-01-15,1547510400,13.061,13.061,13.061,13.061,0
2019-01-16,1547596800,13.061,13.061,13.061,13.061,0
2019-01-17,1547683200,14.323,14.323,14.323,14.323,100
2019-01-18,1547769600,14.323,14.323,14.323,14.323,0
2019-01-21,1548028800,15.712,15.712,15.712,15.712,100
2019-01-22,1548115200,17.226,17.226,17.226,17.226,100
2019-01-23,1548201600,17.226,17.226,17.226,17.226,0
2019-01-24,1548288000,17.226,17.226,17.226,17.226,0
2019-01-25,1548374400,17.226,17.226,17.226,17.226,0
2019-01-28,1548633600,16.721,16.848,16.784,16.784,1300
2019-01-29,1548720000,17.037,17.037,17.037,17.037,200
2019-01-30,1548806400,17.037,17.037,17.037,17.037,0
2019-01-31,1548892800,17.037,17.037,17.037,17.037,0
2019-02-01,1548979200,17.037,17.037,17.037,17.037,0
2019-02-11,1549843200,17.037,17.037,17.037,17.037,0
2019-02-12,1549929600,17.037,17.037,17.037,17.037,100
2019-02-13,1550016000,17.037,17.037,17.037,17.037,0
2019-02-14,1550102400,17.037,17.037,17.037,17.037,0
2019-02-15,1550188800,17.037,17.037,17.037,17.037,0
2019-02-18,1550448000,17.037,17.037,17.037,17.037,60
2019-02-19,1550534400,17.037,17.037,17.037,17.037,0
2019-02-20,1550620800,17.037,17.037,17.037,17.037,0
2019-02-21,1550707200,17.037,17.037,17.037,17.037,60
2019-02-22,1550793600,17.037,17.037,17.037,17.037,0
2019-02-25,1551052800,17.037,17.037,17.037,17.037,0
2019-02-26,1551139200,17.037,17.037,17.037,17.037,0
2019-02-27,1551225600,17.668,17.668,17.668,17.668,100
2019-02-28,1551312000,17.668,17.668,17.668,17.668,0
2019-03-01,1551398400,17.668,17.668,17.668,17.668,0
2019-03-04,1551657600,17.668,17.668,17.668,17.668,0
2019-03-05,1551744000,17.668,17.668,17.668,17.668,0
2019-03-06,1551830400,17.668,17.668,17.668,17.668,0
2019-03-07,1551916800,17.668,17.668,17.668,17.668,0
2019-03-08,1552003200,18.93,18.93,18.93,18.93,300
2019-03-11,1552262400,20.192,20.192,20.192,20.192,500
2019-03-12,1552348800,21.454,21.454,21.454,21.454,600
2019-03-13,1552435200,21.454,21.454,21.454,21.454,0
2019-03-14,1552521600,21.769,21.769,21.769,21.769,100
2019-03-15,1552608000,21.769,21.769,21.769,21.769,0
2019-03-18,1552867200,21.769,21.769,21.769,21.769,0
2019-03-19,1552953600,21.769,21.769,21.769,21.769,0
2019-03-20,1553040000,21.769,21.769,21.769,21.769,0
2019-03-21,1553126400,21.769,21.769,21.769,21.769,0
2019-03-22,1553212800,21.769,21.769,21.769,21.769,0
2019-03-25,1553472000,21.769,21.769,21.769,21.769,0
2019-03-26,1553558400,21.769,21.769,21.769,21.769,0
2019-03-27,1553644800,21.769,21.769,21.769,21.769,0
2019-03-28,1553731200,21.769,21.769,21.769,21.769,0
2019-03-29,1553817600,21.769,21.769,21.769,21.769,0
2019-04-01,1554076800,21.769,21.769,21.769,21.769,0
2019-04-02,1554163200,21.769,21.769,21.769,21.769,0
2019-04-03,1554249600,21.769,21.769,21.769,21.769,0
2019-04-04,1554336000,21.769,21.769,21.769,21.769,0
2019-04-05,1554422400,21.769,21.769,21.769,21.769,0
2019-04-08,1554681600,22.085,23.084,22.442,22.716,4700
2019-04-09,1554768000,23.347,23.347,23.347,23.347,2300
2019-04-10,1554854400,23.347,23.347,23.347,23.347,0
2019-04-11,1554940800,25.681,26.829,24.522,25.681,7600
2019-04-12,1555027200,28.205,28.205,28.205,28.205,5600
2019-04-16,1555372800,28.332,28.647,28.394,28.584,800
2019-04-17,1555459200,29.341,29.752,29.244,29.531,4600
2019-04-18,1555545600,29.594,29.233,28.422,28.773,800
2019-04-19,1555632000,28.773,28.773,28.773,28.773,0
2019-04-22,1555891200,26.817,26.596,25.72,25.934,4500
2019-04-23,1555977600,24.041,33.373,28.319,28.332,700
2019-04-24,1556064000,25.555,25.555,25.555,25.555,500
2019-04-25,1556150400,24.041,24.768,24.384,24.419,1100
2019-04-26,1556236800,25.24,25.245,25.182,25.24,4900
2019-05-02,1556755200,24.609,24.609,24.609,24.609,300
2019-05-03,1556841600,24.609,24.609,24.609,24.609,0
2019-05-06,1557100800,24.609,24.609,24.609,24.609,2100
2019-05-07,1557187200,24.609,24.609,24.609,24.609,0
2019-05-08,1557273600,24.609,24.609,24.609,24.609,300
2019-05-09,1557360000,24.609,24.609,24.609,24.609,500
2019-05-10,1557446400,24.609,24.609,24.609,24.609,0
2019-05-13,1557705600,25.24,25.534,24.321,24.672,4500
2019-05-14,1557792000,24.672,24.672,24.672,24.672,0
2019-05-15,1557878400,24.924,24.861,24.735,24.798,1000
2019-05-16,1557964800,24.419,24.419,24.419,24.419,2000
2019-05-17,1558051200,24.104,24.104,24.104,24.104,100
2019-05-20,1558310400,23.347,24.469,23.274,23.851,2500
2019-05-21,1558396800,23.978,27.257,24.958,26.186,9300
2019-05-22,1558483200,26.186,29.171,26.548,28.773,11400
2019-05-23,1558569600,31.613,31.813,29.844,31.613,18700
2019-05-24,1558656000,34.389,34.898,33.252,34.768,43700
2019-05-27,1558915200,37.915,38.888,35.947,38.236,22900
2019-05-28,1559001600,38.558,42.566,35.2,38.558,32510
2019-05-29,1559088000,39.2,39.48,37.539,38.236,1800
2019-05-30,1559174400,35.344,35.535,34.329,35.087,6400
2019-05-31,1559260800,35.087,36.003,35.103,35.344,5100
2019-06-03,1559520000,34.059,34.455,31.294,32.324,7100
2019-06-04,1559606400,30.332,34.043,31.818,32.453,1700
2019-06-05,1559692800,33.738,36.442,33.487,35.666,11600
2019-06-06,1559779200,33.095,39.986,33.759,39.136,24400
2019-06-07,1559865600,40.486,40.564,39.169,39.714,9500
2019-06-10,1560124800,39.779,44.385,40.463,43.056,33400
2019-06-11,1560211200,43.056,43.819,40.876,42.285,19200
2019-06-12,1560297600,41.771,42.074,39.014,41.064,11700
2019-06-13,1560384000,39.265,41.595,37.435,40.1,16000
2019-06-14,1560470400,41.064,40.768,39.2,40.164,6100
2019-06-17,1560729600,40.486,40.711,38.502,39.2,6900
2019-06-18,1560816000,37.272,41.262,37.934,39.2,17100
2019-06-19,1560902400,36.694,41.158,37.728,38.558,13400
2019-06-20,1560988800,39.2,40.123,36.966,38.558,32700
2019-06-21,1561075200,36.63,38.961,36.363,37.272,16700
2019-06-24,1561334400,35.73,39.368,36.787,37.787,7200
2019-06-25,1561420800,36.373,37.103,36.522,36.63,10000
2019-06-26,1561507200,36.501,37.466,34.3,35.859,10300
2019-06-27,1561593600,35.28,36.315,34.994,35.28,2700
2019-06-28,1561680000,34.059,40.257,34.716,38.558,67700
2019-07-01,1561939200,37.915,42.905,38.249,41.128,37100
2019-07-02,1562025600,41.064,41.854,39.922,40.807,15500
2019-07-03,1562112000,40.486,40.604,39.315,40.164,6700
2019-07-04,1562198400,40.164,42.206,40.243,41.257,54900
2019-07-05,1562284800,40.678,47.316,42.283,44.984,93000
2019-07-08,1562544000,44.984,45.919,43.888,44.598,48000
2019-07-09,1562630400,44.598,43.828,42.313,43.056,6300
2019-07-10,1562716800,42.992,45.997,42.675,44.341,54700
2019-07-11,1562803200,46.269,46.191,44.598,44.984,40900
2019-07-12,1562889600,45.627,47.704,45.374,46.912,27800
2019-07-15,1563148800,46.783,46.555,44.892,45.305,24400
2019-07-16,1563235200,45.048,45.947,44.859,45.113,24900
2019-07-17,1563321600,45.627,48.109,44.814,46.269,48700
2019-07-18,1563408000,46.269,46.497,45.529,46.269,21900
2019-07-19,1563494400,45.113,46.144,45.176,45.627,30200
2019-07-22,1563753600,45.305,46.023,45.248,45.819,28400
2019-07-23,1563840000,45.948,51.101,47.451,49.354,56600
2019-07-24,1563926400,49.354,49.226,47.886,48.776,7300
2019-07-25,1564012800,48.776,51.41,48.656,49.482,13600
2019-07-26,1564099200,49.482,49.849,46.094,48.197,15900
2019-07-29,1564358400,47.876,48.063,46.385,46.912,12400
2019-07-30,1564444800,47.233,46.566,44.982,45.627,15200
2019-07-31,1564531200,45.562,45.533,43.735,44.341,14500
2019-08-01,1564617600,45.113,47.485,44.446,45.691,28800
2019-08-02,1564704000,46.269,48.511,46.557,47.426,24000
2019-08-05,1564963200,47.876,49.784,47.844,48.84,75300
2019-08-06,1565049600,47.555,51.771,47.889,50.125,118000
2019-08-07,1565136000,50.125,50.729,47.985,49.354,37600
2019-08-08,1565222400,48.84,49.825,47.546,48.454,29100
2019-08-09,1565308800,46.912,47.876,47.102,47.683,8400
2019-08-12,1565568000,47.683,47.975,46.695,47.105,20800
2019-08-13,1565654400,45.948,46.062,43.853,44.855,36300
2019-08-14,1565740800,45.305,45.556,43.631,44.47,9800
2019-08-15,1565827200,43.699,48.618,45.242,46.269,26200
2019-08-16,1565913600,46.398,47.955,45.166,45.948,43200
2019-08-19,1566172800,44.02,46.147,44.169,44.92,12000
2019-08-20,1566259200,44.663,46.686,44.845,45.627,20000
2019-08-21,1566345600,45.177,45.853,44.561,44.984,13900
2019-08-22,1566432000,44.92,44.4,40.473,43.056,56900
2019-08-23,1566518400,44.341,46.608,44.326,44.984,15100
2019-08-26,1566777600,44.984,47.069,45.825,46.077,21200
2019-08-27,1566864000,45.884,46.639,45.018,45.819,6400
2019-08-28,1566950400,44.984,46.042,45.134,45.37,11800
2019-08-29,1567036800,44.984,43.955,41.443,42.413,38300
2019-08-30,1567123200,42.413,42.877,41.597,42.413,10300
2019-09-03,1567468800,41.45,40.996,37.696,38.172,20800
2019-09-04,1567555200,35.28,35.209,34.311,34.381,14900
2019-09-05,1567641600,30.975,38.379,31.894,35.666,87200
2019-09-06,1567728000,37.144,37.413,34.63,35.987,12862
2019-09-09,1567987200,35.987,36.264,34.969,35.602,2800
2019-09-10,1568073600,33.481,33.812,31.834,32.067,81800
2019-09-11,1568160000,32.131,33.896,32.59,32.71,12000
2019-09-12,1568246400,30.846,36.59,31.933,35.216,21400
2019-09-13,1568332800,34.059,37.671,34.488,35.344,29600
2019-09-16,1568592000,35.344,36.967,33.666,34.316,10600
2019-09-17,1568678400,34.252,35.765,32.453,34.059,26800
2019-09-18,1568764800,34.509,34.502,31.482,32.131,42400
2019-09-19,1568851200,31.617,33.48,31.917,32.131,17100
2019-09-20,1568937600,31.489,31.741,31.612,31.617,24600
2019-09-23,1569196800,31.489,32.984,31.561,32.003,25000
2019-09-24,1569283200,32.131,32.001,31.681,31.81,6000
2019-09-25,1569369600,31.617,32.492,31.78,32.131,3200
2019-09-26,1569456000,32.71,32.894,31.73,32.067,8900
2019-09-27,1569542400,31.681,31.394,30.446,30.975,13300
2019-09-30,1569801600,31.489,31.268,30.63,30.846,10500
2019-10-01,1569888000,30.846,32.736,31.427,32.131,3400
2019-10-02,1569974400,31.939,32.075,31.177,31.489,12000
2019-10-03,1570060800,30.91,31.51,30.802,30.91,24600
2019-10-04,1570147200,30.975,32.154,31.434,31.553,6700
2019-10-07,1570406400,31.232,31.557,31.045,31.232,2700
2019-10-08,1570492800,31.232,31.638,31.252,31.489,5400
2019-10-09,1570579200,31.489,31.815,31.494,31.553,16700
2019-10-10,1570665600,32.131,33.132,31.919,32.517,13400
2019-10-11,1570752000,32.517,32.517,32.517,32.517,100
2019-10-14,1571011200,32.517,32.51,31.107,31.617,42800
2019-10-15,1571097600,30.846,30.644,28.729,29.239,26300
2019-10-16,1571184000,28.982,30.148,28.69,29.239,3500
2019-10-17,1571270400,27.054,29.866,27.635,29.111,3900
2019-10-18,1571356800,27.761,29.001,27.718,28.79,6005
2019-10-21,1571616000,27.826,28.562,27.476,28.275,8200
2019-10-22,1571702400,28.533,28.845,28.521,28.597,2900
2019-10-23,1571788800,28.533,28.675,28.481,28.597,2800
2019-10-24,1571875200,28.533,28.592,28.527,28.533,1300
2019-10-25,1571961600,29.111,29.44,28.989,29.239,3650
2019-10-28,1572220800,29.561,29.721,29.465,29.625,900
2019-10-29,1572307200,27.119,30.343,27.656,29.754,15900
2019-10-30,1572393600,29.882,30.412,29.627,29.689,6400
2019-10-31,1572480000,29.432,27.678,25.744,27.376,6700
2019-11-01,1572566400,28.79,28.954,27.791,28.275,2600
2019-11-04,1572825600,26.54,28.94,27.165,28.275,1900
2019-11-05,1572912000,26.797,29.08,27.312,28.083,7100
2019-11-06,1572998400,27.054,28.417,27.189,28.083,3100
2019-11-07,1573084800,28.275,28.266,28.074,28.083,11300
2019-11-08,1573171200,28.468,28.428,28.171,28.211,1300
2019-11-11,1573430400,27.376,28.733,27.818,28.275,200
2019-11-12,1573516800,28.211,29.036,28.453,28.79,4000
2019-11-13,1573603200,29.561,29.932,29.151,29.175,4900
2019-11-14,1573689600,29.754,30.133,28.441,28.918,4700
2019-11-15,1573776000,29.368,28.762,27.757,28.404,1800
2019-11-18,1574035200,28.404,28.972,28.52,28.854,600
2019-11-19,1574121600,28.918,28.757,28.437,28.597,1000
2019-11-20,1574208000,28.597,29.785,29.001,29.304,1900
2019-11-21,1574294400,28.275,29.464,28.809,28.918,600
2019-11-22,1574380800,27.247,28.533,27.247,28.275,14100
2019-11-25,1574640000,28.275,29.464,28.809,28.854,16433
2019-11-26,1574726400,29.047,29.261,28.689,28.982,5400
2019-11-27,1574812800,28.982,30.205,29.359,29.818,2000
2019-11-28,1574899200,27.697,30.842,28.283,30.203,3000
2019-11-29,1574985600,30.203,31.195,30.356,30.846,2900
2019-12-02,1575244800,30.846,31.489,29.561,31.489,3300
2019-12-03,1575331200,31.489,31.683,30.976,31.424,6700
2019-12-04,1575417600,31.36,31.36,31.36,31.36,1100
2019-12-05,1575504000,31.36,31.567,31.438,31.489,4800
2019-12-06,1575590400,31.746,32.355,31.966,32.067,1800
2019-12-09,1575849600,32.26,32.751,32.112,32.581,3200
2019-12-10,1575936000,32.774,32.774,32.131,32.581,500
2019-12-11,1576022400,32.453,32.73,32.407,32.581,6800
2019-12-12,1576108800,32.324,33.658,32.614,33.095,6500
2019-12-13,1576195200,33.095,33.095,33.095,33.095,300
2019-12-16,1576454400,33.031,33.672,33.283,33.417,7700
2019-12-17,1576540800,32.902,33.109,32.472,32.774,11100
2019-12-18,1576627200,32.131,31.951,31.056,31.296,1300
2019-12-19,1576713600,34.172,33.732,32.785,33.213,400
2019-12-20,1576800000,33.213,36.987,34.631,35.473,17900
2019-12-23,1577059200,35.336,35.218,33.995,34.925,2700
2019-12-24,1577145600,34.925,33.701,32.379,33.556,2900
2019-12-25,1577232000,34.583,34.571,33.892,34.172,3100
2019-12-26,1577318400,33.761,35.143,33.642,34.514,1900
2019-12-27,1577404800,33.556,35.113,33.792,34.583,2600
2019-12-30,1577664000,34.583,34.583,34.583,34.583,0
2019-12-31,1577750400,33.556,35.12,33.866,34.514,1600
2020-01-02,1577923200,33.213,34.231,33.204,33.282,2200
2020-01-03,1578009600,33.213,32.91,32.231,32.529,2900
2020-01-06,1578268800,29.378,33.912,30.309,31.227,800
2020-01-07,1578355200,33.419,31.604,29.661,31.364,1000
2020-01-08,1578441600,31.57,33.143,31.434,31.501,4000
2020-01-09,1578528000,31.638,34.369,32.665,32.939,2400
2020-01-10,1578614400,33.076,33.747,33.332,33.35,8900
2020-01-13,1578873600,33.35,33.35,33.35,33.35,0
2020-01-14,1578960000,33.35,33.35,33.35,33.35,2000
2020-01-15,1579046400,33.35,33.35,33.35,33.35,0
2020-01-16,1579132800,32.871,33.217,32.525,32.871,1000
2020-01-17,1579219200,32.871,32.871,32.871,32.871,2000
2020-01-20,1579478400,32.871,32.871,32.871,32.871,0
2020-01-21,1579564800,32.871,32.871,32.871,32.871,0
2020-01-22,1579651200,32.871,32.871,32.871,32.871,0
2020-01-30,1580342400,33.898,33.479,32.397,32.802,400
2020-01-31,1580428800,31.501,34.092,30.96,32.802,1700
2020-02-03,1580688000,29.926,34.764,31.91,32.392,1200
2020-02-04,1580774400,32.392,32.35,32.145,32.186,500
2020-02-05,1580860800,32.186,32.186,32.186,32.186,0
2020-02-06,1580947200,32.186,32.186,32.186,32.186,0
2020-02-07,1581033600,33.213,33.213,33.213,33.213,100
2020-02-10,1581292800,32.186,32.186,32.186,32.186,100
2020-02-11,1581379200,32.186,32.186,32.186,32.186,100
2020-02-12,1581465600,30.953,32.643,30.625,32.118,1100
2020-02-13,1581552000,32.118,32.2,32.131,32.186,2000
2020-02-14,1581638400,32.186,32.186,32.186,32.186,0
2020-02-17,1581897600,30.953,30.953,30.953,30.953,400
2020-02-18,1581984000,30.953,31.25,31.044,31.159,900
2020-02-19,1582070400,30.816,32.13,30.763,31.501,4600
2020-02-20,1582156800,31.501,32.716,31.949,32.118,1200
2020-02-21,1582243200,30.816,30.816,30.816,30.816,300
2020-02-24,1582502400,30.816,30.816,30.816,30.816,500
2020-02-25,1582588800,30.816,29.858,28.929,29.858,2108
2020-02-26,1582675200,29.926,30.899,29.526,30.132,2300
2020-02-27,1582761600,30.132,30.682,30.406,30.406,2850
2020-02-28,1582848000,30.132,30.398,27.704,29.447,5300
2020-03-02,1583107200,28.83,30.21,29.373,29.652,306
2020-03-03,1583193600,29.447,30.379,29.893,29.926,3400
2020-03-04,1583280000,29.721,30.553,28.652,29.447,3500
2020-03-05,1583366400,29.447,29.447,29.447,29.447,1400
2020-03-06,1583452800,29.447,29.447,29.447,29.447,1150
2020-03-09,1583712000,29.378,29.121,27.767,28.488,7700
2020-03-10,1583798400,27.118,29.281,27.412,28.967,1900
2020-03-11,1583884800,29.104,29.16,29.023,29.104,2800
2020-03-12,1583971200,27.255,27.312,27.107,27.187,4900
2020-03-13,1584057600,25.817,27.903,25.973,27.666,12400
2020-03-16,1584316800,27.872,27.567,26.483,26.776,2500
2020-03-17,1584403200,26.981,27.467,27.054,27.392,7500
2020-03-18,1584489600,27.392,27.392,27.392,27.392,1200
2020-03-19,1584576000,27.392,28.504,27.877,28.009,1900
2020-03-20,1584662400,28.009,28.009,28.009,28.009,300
2020-03-23,1584921600,27.735,27.268,26.123,26.571,2800
2020-03-24,1585008000,27.529,27.529,27.529,27.529,100
2020-03-25,1585094400,28.42,28.23,27.209,27.392,1300
2020-03-26,1585180800,27.324,27.904,27.491,27.735,5700
2020-03-27,1585267200,27.735,27.735,27.735,27.735,0
2020-03-30,1585526400,25.338,28.69,26.605,27.324,1300
2020-03-31,1585612800,27.324,26.91,26.303,26.708,1500
2020-04-01,1585699200,26.708,26.708,26.708,26.708,0
2020-04-03,1585872000,27.141,27.141,27.141,27.141,100
2020-04-06,1586131200,27.141,28.671,27.713,28.08,3400
2020-04-07,1586217600,28.152,28.732,28.44,28.44,600
2020-04-08,1586304000,28.801,28.801,28.801,28.801,300
2020-04-09,1586390400,28.657,28.657,28.657,28.657,900
2020-04-10,1586476800,29.235,29.235,29.235,29.235,1200
2020-04-13,1586736000,26.852,30.783,28.628,28.874,5200
2020-04-14,1586822400,28.874,28.891,28.819,28.874,1700
2020-04-15,1586908800,28.874,30.1,29.366,29.595,1700
2020-04-16,1586995200,30.317,30.302,28.498,28.874,1500
2020-04-17,1587081600,28.874,29.974,28.642,29.235,17960
2020-04-20,1587340800,28.874,28.652,28.293,28.513,12600
2020-04-21,1587427200,28.513,28.332,27.901,28.224,900
2020-04-22,1587513600,27.43,27.986,27.409,27.791,3100
2020-04-23,1587600000,27.791,27.791,27.791,27.791,800
2020-04-24,1587686400,27.791,27.791,27.791,27.791,100
2020-04-27,1587945600,28.513,28.879,28.518,28.874,6600
2020-04-28,1588032000,28.874,31.739,28.853,29.595,1700
2020-04-29,1588118400,28.874,29.325,28.963,29.235,400
2020-05-04,1588550400,28.007,28.007,28.007,28.007,600
2020-05-05,1588636800,28.874,29.269,28.391,28.874,2000
2020-05-06,1588723200,28.152,29.241,28.582,28.801,300
2020-05-07,1588809600,28.801,28.801,28.801,28.801,2300
2020-05-08,1588896000,27.935,28.404,28.04,28.152,6100
2020-05-11,1589155200,28.152,27.804,27.447,27.791,4800
2020-05-12,1589241600,27.791,28.179,27.747,27.935,7900
2020-05-13,1589328000,27.935,27.935,27.935,27.935,200
2020-05-14,1589414400,28.513,28.995,28.705,28.801,300
2020-05-15,1589500800,28.801,29.072,28.052,28.513,4100
2020-05-18,1589760000,27.791,28.088,27.799,27.863,3500
2020-05-19,1589846400,28.007,27.981,27.764,27.863,7520
2020-05-20,1589932800,28.368,28.671,28.16,28.296,740
2020-05-21,1590019200,28.296,27.935,27.579,27.935,300
2020-05-22,1590105600,28.152,28.152,28.152,28.152,600
2020-05-25,1590364800,28.368,29.99,28.879,29.235,10800
2020-05-26,1590451200,29.235,32.326,29.754,31.4,6330
2020-05-27,1590537600,31.111,30.79,30.362,30.678,5630
2020-05-28,1590624000,30.678,31.279,29.092,30.967,7900
2020-05-29,1590710400,30.967,30.967,30.967,30.967,400
2020-06-01,1590969600,30.895,30.986,30.914,30.967,4500
2020-06-02,1591056000,31.039,30.962,30.818,30.895,11130
2020-06-03,1591142400,30.895,31.712,30.778,30.895,1000
2020-06-04,1591228800,30.895,32.111,31.235,31.617,3100
2020-06-05,1591315200,31.039,32.191,31.529,31.617,2700
2020-06-08,1591574400,31.4,30.955,30.101,30.606,3300
2020-06-09,1591660800,31.617,31.617,31.617,31.617,100
2020-06-10,1591747200,31.617,31.617,31.617,31.617,40
2020-06-11,1591833600,31.472,32.284,30.359,31.184,800
2020-06-12,1591920000,29.162,32.812,30.253,31.472,1000
2020-06-15,1592179200,29.307,29.307,29.307,29.307,200
2020-06-16,1592265600,26.419,35.83,29.94,31.617,600
2020-06-17,1592352000,29.668,30.248,29.956,29.956,600
2020-06-18,1592438400,29.235,29.235,29.235,29.235,100
2020-06-19,1592524800,31.039,32.581,30.838,30.967,3200
2020-06-22,1592784000,30.606,30.606,30.606,30.606,100
2020-06-23,1592870400,31.039,30.933,30.213,30.678,2400
2020-06-24,1592956800,30.606,30.683,30.61,30.678,1700
2020-06-25,1593043200,30.678,30.608,30.248,30.317,2600
2020-06-26,1593129600,29.668,29.668,29.668,29.668,100
2020-06-29,1593388800,29.668,29.648,29.576,29.595,1500
2020-06-30,1593475200,29.595,31.43,29.121,30.462,2000
2020-07-01,1593561600,29.595,29.595,29.595,29.595,2000
2020-07-02,1593648000,28.946,32.041,30.371,30.462,2500
2020-07-03,1593734400,29.595,31.321,29.759,30.389,2300
2020-07-06,1593993600,29.595,29.472,28.754,28.874,6700
2020-07-07,1594080000,28.874,28.874,28.874,28.874,1900
2020-07-08,1594166400,28.874,28.874,28.874,28.874,0
2020-07-09,1594252800,28.946,28.94,28.868,28.874,3100
2020-07-10,1594339200,29.451,29.603,29.458,29.595,2000
2020-07-13,1594598400,29.595,30.415,29.342,30.317,16900
2020-07-14,1594684800,30.678,30.636,30.276,30.534,7300
2020-07-15,1594771200,30.678,30.596,30.452,30.534,10800
2020-07-16,1594857600,30.534,30.73,30.513,30.678,8350
2020-07-17,1594944000,30.678,30.716,30.571,30.678,11600
2020-07-20,1595203200,30.317,30.301,29.802,30.173,6400
2020-07-21,1595289600,29.379,29.131,28.702,28.946,1700
2020-07-22,1595376000,29.235,29.442,29.151,29.235,5300
2020-07-23,1595462400,29.235,29.235,29.235,29.235,0
2020-07-24,1595548800,29.018,29.011,28.939,28.946,1000
2020-07-27,1595808000,26.78,31.265,28.43,29.307,1800
2020-07-28,1595894400,26.419,29.442,26.541,29.162,1400
2020-07-29,1595980800,29.162,28.782,27.785,28.296,4000
2020-07-30,1596067200,28.296,28.674,28.456,28.513,1850
2020-07-31,1596153600,28.513,28.852,28.492,28.513,1700
2020-08-03,1596412800,28.585,28.549,28.477,28.513,2000
2020-08-04,1596499200,28.513,28.833,28.615,28.729,2100
2020-08-05,1596585600,30.967,30.945,30.296,30.606,4300
2020-08-06,1596672000,30.606,32.023,31.213,31.4,5600
2020-08-07,1596758400,31.039,31.736,31.372,31.4,3300
2020-08-10,1597017600,31.761,31.833,31.472,31.761,1500
2020-08-11,1597104000,31.761,32.408,32.044,32.122,4300
2020-08-12,1597190400,32.483,35.593,33.093,34.793,4920
2020-08-13,1597276800,34.648,34.011,32.948,33.566,8800
2020-08-14,1597363200,33.71,33.687,33.543,33.566,4400
2020-08-17,1597622400,33.566,33.716,33.571,33.638,2600
2020-08-18,1597708800,35.298,35.298,35.298,35.298,100
2020-08-19,1597795200,31.833,36.457,33.565,34.576,700
2020-08-20,1597881600,34.937,34.937,34.937,34.937,100
2020-08-21,1597968000,33.782,34.661,33.865,34.504,900
2020-08-24,1598227200,33.277,34.27,33.614,33.927,700
2020-08-25,1598313600,33.927,33.927,33.927,33.927,1200
2020-08-26,1598400000,33.927,34.207,33.918,33.927,3415
2020-08-27,1598486400,34.215,34.316,34.244,34.287,500
2020-08-28,1598572800,33.205,34.664,33.927,33.927,1100
2020-08-31,1598832000,33.927,33.927,33.927,33.927,1500
2020-09-01,1598918400,33.927,34.071,33.999,33.999,1800
2020-09-03,1599091200,34.215,34.316,34.244,34.287,500
2020-09-04,1599177600,33.927,33.521,33.022,33.421,500
2020-09-07,1599436800,34.504,34.326,33.536,33.71,1902
2020-09-08,1599523200,34.143,34.18,33.604,33.782,4700
2020-09-09,1599609600,34.432,34.187,33.686,33.999,5900
2020-09-10,1599696000,34.36,34.701,34.336,34.36,3200
2020-09-11,1599782400,34.287,34.031,33.315,33.566,600
2020-09-14,1600041600,33.927,33.159,32.172,32.916,8300
2020-09-15,1600128000,33.277,34.113,33.318,33.927,1300
2020-09-16,1600214400,33.927,33.927,33.927,33.927,2300
2020-09-17,1600300800,33.927,33.927,33.927,33.927,2200
2020-09-18,1600387200,33.927,34.04,33.968,33.999,2300
2020-09-21,1600646400,34.287,34.123,33.621,33.782,2400
2020-09-22,1600732800,33.782,33.805,33.446,33.566,4200
2020-09-23,1600819200,34.287,34.244,33.883,33.927,2500
2020-09-24,1600905600,33.927,34.199,34.054,34.071,3500
2020-09-25,1600992000,34.143,36.495,35.229,35.37,11700
2020-09-28,1601251200,35.731,39.917,36.659,38.258,8400
2020-09-29,1601337600,38.98,39.562,37.513,38.33,8000
2020-09-30,1601424000,38.402,38.543,38.398,38.474,9800
2020-10-01,1601510400,38.474,38.441,38.369,38.402,5400
2020-10-02,1601596800,34.576,38.768,34.135,36.886,8800
2020-10-05,1601856000,36.958,40.74,38.699,38.763,3700
2020-10-06,1601942400,38.763,39.309,38.43,38.691,2800
2020-10-07,1602028800,38.258,38.718,38.139,38.546,5700
2020-10-08,1602115200,38.619,38.301,37.943,38.258,4800
2020-10-09,1602201600,38.835,40.309,38.843,39.701,10500
2020-10-12,1602460800,40.712,40.345,39.344,39.701,3200
2020-10-13,1602547200,40.423,41.273,40.187,40.856,11000
2020-10-14,1602633600,41.145,42.012,41.355,41.506,8300
2020-10-15,1602720000,41.506,41.546,41.185,41.217,10100
2020-10-16,1602806400,41.867,46.95,43.062,45.332,27600
2020-10-19,1603065600,49.807,49.304,47.232,48.941,52700
2020-10-20,1603152000,49.807,50.558,45.502,47.642,63600
2020-10-21,1603238400,45.332,46.853,45.389,45.621,50200
2020-10-22,1603324800,45.476,46.863,44.047,44.754,44100
2020-10-23,1603411200,44.682,43.691,41.929,42.95,48300
2020-10-26,1603670400,44.538,46.306,43.733,44.249,61800
2020-10-27,1603756800,43.311,43.742,41.958,42.444,57600
2020-10-28,1603843200,42.444,42.279,41.776,42.083,44100
2020-10-29,1603929600,43.227,43.227,41.096,43.151,6100
2020-10-30,1604016000,43.151,43.151,41.477,43.075,9500
2020-11-02,1604275200,41.096,41.857,39.422,39.954,27300
2020-11-03,1604361600,38.965,41.857,38.965,41.705,6300
2020-11-04,1604448000,41.857,41.857,41.096,41.096,3100
2020-11-05,1604534400,41.857,41.857,41.096,41.172,8800
2020-11-06,1604620800,41.324,41.324,40.563,40.563,18600
2020-11-09,1604880000,40.563,41.324,39.574,41.324,20300
2020-11-10,1604966400,41.857,41.857,41.248,41.324,13600
2020-11-11,1605052800,41.4,41.4,41.096,41.4,18400
2020-11-12,1605139200,41.477,41.477,41.172,41.477,25600
2020-11-13,1605225600,41.781,43.455,41.553,43.455,13000
2020-11-16,1605484800,43.303,43.76,42.618,43.76,10400
2020-11-17,1605571200,44.14,45.738,44.14,45.282,25800
2020-11-18,1605657600,44.977,45.662,44.977,45.662,10400
2020-11-19,1605744000,46.423,48.326,46.423,46.423,9900
2020-11-20,1605830400,46.804,47.793,46.804,47.337,6600
2020-11-23,1606089600,47.413,47.945,46.423,46.499,19600
2020-11-24,1606176000,46.423,47.184,45.662,45.738,23100
2020-11-25,1606262400,46.499,46.499,45.282,45.662,11100
2020-11-26,1606348800,45.662,45.891,45.586,45.662,15000
2020-11-27,1606435200,45.814,46.195,45.662,46.195,4200
2020-11-30,1606694400,45.814,45.891,45.738,45.738,7800
2020-12-01,1606780800,45.738,45.891,45.662,45.814,9900
2020-12-02,1606867200,46.804,47.565,45.814,47.565,9500
2020-12-03,1606953600,47.565,50.229,47.565,50.229,24900
2020-12-04,1607040000,50.609,54.795,50.609,52.512,40800
2020-12-07,1607299200,53.273,53.958,52.512,52.664,10700
2020-12-08,1607385600,53.044,53.273,52.512,52.512,25000
2020-12-09,1607472000,52.512,53.273,52.512,52.588,19600
2020-12-10,1607558400,52.512,53.121,52.512,52.512,25200
2020-12-11,1607644800,52.892,52.892,51.751,52.816,13800
2020-12-14,1607904000,52.74,52.816,52.131,52.512,9200
2020-12-15,1607990400,52.588,53.273,52.359,52.512,17800
2020-12-16,1608076800,52.512,52.816,52.207,52.816,30200
2020-12-17,1608163200,52.74,57.078,52.664,57.078,31400
2020-12-18,1608249600,56.697,60.427,56.697,60.427,17300
2020-12-21,1608508800,60.883,63.166,60.503,63.166,15200
2020-12-22,1608595200,63.927,67.352,63.927,66.819,28500
2020-12-23,1608681600,66.21,68.494,65.069,65.449,18340
2020-12-24,1608768000,65.449,65.449,59.361,62.405,25420
2020-12-25,1608854400,62.405,63.927,62.405,62.405,9700
2020-12-28,1609113600,62.405,62.481,59.361,62.329,16810
2020-12-29,1609200000,59.361,62.253,59.361,59.589,14630
2020-12-30,1609286400,61.568,61.568,59.589,60.807,9300
2020-12-31,1609372800,63.09,63.09,60.122,60.883,2200
2021-01-04,1609718400,60.122,60.883,59.361,60.883,10200
2021-01-05,1609804800,61.568,61.644,59.742,60.122,18700
2021-01-06,1609891200,60.046,62.025,59.361,61.264,23400
2021-01-07,1609977600,60.198,60.198,59.742,60.122,6900
2021-01-08,1610064000,60.122,60.959,59.589,60.959,17300
2021-01-11,1610323200,61.035,62.025,60.198,60.731,14100
2021-01-12,1610409600,60.731,60.731,59.97,60.731,25800
2021-01-13,1610496000,65.602,65.602,60.503,60.503,14500
2021-01-14,1610582400,60.503,60.503,60.122,60.503,17600
2021-01-15,1610668800,60.807,61.644,60.198,60.198,8500
2021-01-18,1610928000,60.198,60.274,59.285,60.122,21100
2021-01-19,1611014400,59.361,60.046,55.328,58.6,15813
2021-01-20,1611100800,59.97,59.97,55.251,58.676,13703
2021-01-21,1611187200,60.883,60.883,58.752,58.752,6400
2021-01-22,1611273600,58.752,58.828,57.154,58.524,12900
2021-01-25,1611532800,57.306,57.382,56.012,56.089,13300
2021-01-26,1611619200,56.089,58.448,53.197,56.317,18800
2021-01-27,1611705600,55.556,55.556,52.74,52.74,16600
2021-01-28,1611792000,52.74,52.74,47.489,47.489,23800
2021-01-29,1611878400,47.489,51.675,47.489,49.467,7200
2021-02-01,1612137600,48.098,49.848,47.869,49.848,3400
2021-02-02,1612224000,49.467,50.837,49.087,50.837,4000
2021-02-03,1612310400,50.99,52.131,50.837,51.446,7000
2021-02-04,1612396800,51.675,51.751,51.37,51.446,5500
2021-02-05,1612483200,51.522,51.522,51.446,51.446,4500
2021-02-08,1612742400,51.751,51.751,50.913,51.066,14900
2021-02-09,1612828800,51.142,52.207,51.066,52.207,9600
2021-02-17,1613520000,52.207,56.165,52.207,55.936,5300
2021-02-18,1613606400,56.317,59.361,56.317,59.285,16800
2021-02-19,1613692800,59.361,60.122,58.828,58.904,14100
2021-02-22,1613952000,58.981,60.122,58.981,59.209,10306
2021-02-23,1614038400,59.361,59.742,58.904,58.904,12400
2021-02-24,1614124800,59.818,59.818,58.676,58.676,11130
2021-02-25,1614211200,58.676,60.122,58.676,60.122,10470
2021-02-26,1614297600,60.122,61.416,59.437,61.416,23200
2021-03-01,1614556800,61.644,63.851,61.492,63.166,25900
2021-03-02,1614643200,63.927,64.688,63.166,63.166,7230
2021-03-03,1614729600,63.166,63.395,62.405,63.014,20500
2021-03-04,1614816000,62.938,62.938,61.644,62.101,21100
2021-03-05,1614902400,64.156,64.156,61.796,63.395,22000
2021-03-08,1615161600,63.166,63.166,59.437,59.437,63404
2021-03-09,1615248000,59.437,60.655,58.524,58.6,40700
2021-03-10,1615334400,58.752,58.752,57.078,57.306,62000
2021-03-11,1615420800,58.22,58.22,56.089,56.241,41500
2021-03-12,1615507200,56.165,59.209,55.86,59.209,21600
2021-03-15,1615766400,59.209,59.209,56.241,56.393,33300
2021-03-16,1615852800,56.697,57.687,56.317,57.078,16300
2021-03-17,1615939200,57.078,57.839,56.317,57.078,15580
2021-03-18,1616025600,57.002,57.078,56.317,57.078,9800
2021-03-19,1616112000,57.078,57.078,56.317,57.078,3700
2021-03-22,1616371200,56.317,57.23,56.317,57.23,12400
2021-03-23,1616457600,56.774,57.078,56.545,57.078,10100
2021-03-24,1616544000,56.545,56.926,56.165,56.469,27300
2021-03-25,1616630400,56.469,56.697,56.393,56.469,5800
2021-03-26,1616716800,56.926,61.644,56.469,61.644,113705
2021-03-29,1616976000,62.101,65.069,62.101,64.003,33744
2021-03-30,1617062400,64.156,64.688,63.851,64.46,37515
2021-03-31,1617148800,64.46,64.688,63.166,63.242,32808
2021-04-01,1617235200,63.242,64.384,63.166,64.384,15980
2021-04-02,1617321600,63.927,64.536,63.547,64.232,14700
2021-04-05,1617580800,64.308,65.449,64.232,64.688,32300
2021-04-06,1617667200,65.145,66.591,65.145,66.591,12920
2021-04-07,1617753600,66.591,72.679,66.591,71.538,107330
2021-04-08,1617840000,73.06,78.692,71.157,77.702,94400
2021-04-09,1617926400,79.909,85.237,79.909,85.237,85700
2021-04-12,1618185600,85.237,86.759,76.713,77.55,29200
2021-04-13,1618272000,76.713,77.626,71.538,73.669,29200
2021-04-14,1618358400,73.821,73.821,71.538,73.364,32300
2021-04-15,1618444800,73.821,76.104,73.364,75.647,25300
2021-04-16,1618531200,76.865,76.865,74.201,74.582,20426
2021-04-19,1618790400,75.343,76.865,75.343,76.865,42744
2021-04-20,1618876800,77.626,77.626,74.582,74.734,35000
2021-04-22,1619049600,74.81,74.81,73.44,73.821,32200
2021-04-23,1619136000,74.784,74.784,66.866,68.45,23100
2021-04-26,1619395200,69.154,69.154,66.866,66.866,19708
2021-04-27,1619481600,66.866,66.866,64.314,65.018,19500
2021-04-28,1619568000,65.018,65.106,64.314,64.754,10350
2021-04-29,1619654400,64.666,64.93,64.49,64.93,11800
2021-05-04,1620086400,64.93,64.93,63.963,64.226,20700
2021-05-05,1620172800,64.226,64.93,64.226,64.666,7322
2021-05-06,1620259200,64.93,68.274,64.93,67.394,12900
2021-05-07,1620345600,67.394,67.394,65.106,65.282,5719
2021-05-10,1620604800,64.051,65.282,63.963,64.49,6151
2021-05-11,1620691200,64.666,64.666,64.139,64.226,18800
2021-05-12,1620777600,64.314,64.93,64.139,64.226,6110
2021-05-13,1620864000,64.666,64.666,64.226,64.226,7201
2021-05-14,1620950400,64.226,64.666,64.226,64.226,4800
2021-05-17,1621209600,65.018,65.018,64.226,64.226,4200
2021-05-18,1621296000,64.226,64.226,61.675,62.115,12420
2021-05-19,1621382400,62.379,62.379,58.86,59.827,21600
2021-05-20,1621468800,59.827,59.827,58.948,58.948,10201
2021-05-21,1621555200,58.068,59.827,56.748,59.827,12700
2021-05-24,1621814400,59.827,59.827,57.628,59.124,5450
2021-05-25,1621900800,59.387,60.003,59.387,60.003,3300
2021-05-26,1621987200,60.267,60.267,59.387,59.915,6600
2021-05-27,1622073600,59.827,60.267,59.036,59.651,12300
2021-05-28,1622160000,59.651,59.827,59.124,59.827,10004
2021-05-31,1622419200,59.827,59.827,59.124,59.475,6905
2021-06-01,1622505600,59.387,59.387,59.124,59.387,9600
2021-06-02,1622592000,59.387,59.387,58.948,59.299,7600
2021-06-03,1622678400,59.299,62.555,59.124,62.467,10426
2021-06-04,1622764800,62.467,62.467,59.827,62.027,1800
2021-06-07,1623024000,62.027,62.027,59.827,61.411,5100
2021-06-08,1623110400,60.267,60.707,60.091,60.091,5600
2021-06-09,1623196800,60.267,60.707,60.003,60.091,7900
2021-06-10,1623283200,60.267,60.707,60.091,60.355,3200
2021-06-11,1623369600,60.267,60.267,60.267,60.267,3000
2021-06-14,1623628800,60.267,60.267,59.827,60.003,5302
2021-06-15,1623715200,59.915,60.619,59.827,60.267,6800
2021-06-16,1623801600,60.267,60.267,59.827,60.267,3500
2021-06-17,1623888000,60.267,60.267,59.827,59.827,4101
2021-06-18,1623974400,59.827,59.827,59.387,59.387,3702
2021-06-21,1624233600,59.387,59.387,58.948,59.387,6200
2021-06-22,1624320000,59.387,59.387,59.387,59.387,1708
2021-06-23,1624406400,59.387,59.475,58.948,59.387,3500
2021-06-24,1624492800,59.212,59.212,58.772,58.772,5300
2021-06-25,1624579200,58.772,59.387,58.508,59.387,2200
2021-06-28,1624838400,59.387,59.475,58.948,59.475,8300
2021-06-29,1624924800,59.651,59.651,59.212,59.212,500
2021-06-30,1625011200,59.212,60.267,59.212,59.827,8200
2021-07-01,1625097600,59.827,59.827,58.948,58.948,11600
2021-07-02,1625184000,58.948,59.387,58.508,58.948,13000
2021-07-05,1625443200,58.948,58.948,58.068,58.86,13000
2021-07-06,1625529600,58.86,58.86,58.068,58.596,8000
2021-07-07,1625616000,58.244,61.587,58.068,61.587,7300
2021-07-08,1625702400,59.827,61.499,59.827,61.499,2400
2021-07-09,1625788800,61.147,61.147,58.244,60.443,4200
2021-07-12,1626048000,58.332,58.948,58.068,58.068,12300
2021-07-13,1626134400,58.068,61.411,58.068,58.86,5400
2021-07-14,1626220800,58.86,58.86,58.332,58.772,2000
2021-07-15,1626307200,60.179,60.179,58.772,59.739,2000
2021-07-16,1626393600,59.651,59.739,58.42,59.387,3600
2021-07-19,1626652800,59.036,59.827,57.188,59.387,20700
2021-07-20,1626739200,59.387,59.387,57.188,58.684,14000
2021-07-21,1626825600,57.188,59.827,57.188,59.387,9400
2021-07-22,1626912000,59.827,61.499,59.651,59.651,7501
2021-07-23,1626998400,59.299,59.387,57.628,57.628,5080
2021-07-26,1627257600,58.068,58.068,57.628,57.628,6900
2021-07-27,1627344000,57.628,57.804,57.54,57.804,2800
2021-07-28,1627430400,57.892,57.98,57.804,57.892,9800
2021-07-29,1627516800,57.892,58.068,57.716,58.068,2000
2021-07-30,1627603200,58.068,58.068,58.068,58.068,1911
2021-08-02,1627862400,58.156,58.948,58.068,58.068,10000
2021-08-03,1627948800,58.156,58.508,58.156,58.508,1400
2021-08-04,1628035200,58.508,59.739,58.508,59.651,2500
2021-08-05,1628121600,59.739,59.827,59.387,59.827,4300
2021-08-06,1628208000,59.827,61.587,59.827,61.587,10302
2021-08-09,1628467200,61.587,61.587,59.827,61.587,3300
2021-08-10,1628553600,59.827,61.499,59.827,61.499,2400
2021-08-11,1628640000,65.106,65.106,61.587,61.587,3000
2021-08-12,1628726400,64.226,64.226,60.707,61.587,4500
2021-08-13,1628812800,61.587,61.851,60.707,60.707,9410
2021-08-16,1629072000,61.587,62.467,60.795,61.851,10200
2021-08-17,1629158400,62.027,63.347,62.027,63.347,4003
2021-08-18,1629244800,62.467,63.347,62.203,62.555,2502
2021-08-19,1629331200,62.467,62.467,61.939,62.291,10800
2021-08-20,1629417600,62.291,62.467,61.851,62.291,13602
2021-08-23,1629676800,62.291,62.291,61.587,61.587,6200
2021-08-24,1629763200,61.587,62.731,61.499,62.731,8100
2021-08-25,1629849600,62.203,62.643,61.587,62.643,2205
2021-08-26,1629936000,61.587,62.467,61.587,62.467,3400
2021-08-27,1630022400,61.675,62.555,61.587,62.467,3700
2021-08-30,1630281600,61.675,67.746,61.675,65.546,2600
2021-08-31,1630368000,62.907,65.458,62.907,65.458,4900
2021-09-01,1630454400,64.226,64.754,64.139,64.754,2004
2021-09-06,1630886400,64.226,65.106,64.226,65.106,17700
2021-09-07,1630972800,65.106,66.602,65.018,66.074,1700
2021-09-08,1631059200,69.066,69.066,65.106,66.426,3304
2021-09-09,1631145600,65.986,65.986,65.106,65.634,7800
2021-09-10,1631232000,65.282,65.898,65.106,65.898,2000
2021-09-13,1631491200,65.194,65.898,64.666,65.898,5500
2021-09-14,1631577600,65.898,65.898,65.722,65.722,500
2021-09-15,1631664000,65.546,65.722,64.666,65.722,2700
2021-09-16,1631750400,65.722,65.722,65.106,65.722,17300
2021-09-17,1631836800,65.194,65.458,65.194,65.194,3110
2021-09-20,1632096000,65.282,65.986,65.282,65.546,2500
2021-09-21,1632182400,65.546,65.546,65.194,65.37,2900
2021-09-22,1632268800,65.37,65.986,65.37,65.986,2900
2021-09-23,1632355200,65.986,66.426,65.986,66.426,6400
2021-09-24,1632441600,66.426,68.186,66.426,68.186,900
2021-09-27,1632700800,68.626,68.626,65.986,67.746,3500
2021-09-28,1632787200,66.426,66.866,65.986,66.866,9800
2021-09-29,1632873600,66.866,67.306,66.866,67.306,4200
2021-09-30,1632960000,67.306,67.746,67.306,67.746,2100
2021-10-01,1633046400,67.306,67.306,65.634,65.986,1910
2021-10-04,1633305600,66.866,66.866,66.866,66.866,1500
2021-10-05,1633392000,66.866,66.866,66.778,66.778,1200
2021-10-06,1633478400,67.306,67.306,66.778,67.218,1400
2021-10-07,1633564800,67.306,67.306,66.426,66.426,1204
2021-10-08,1633651200,66.426,66.426,65.546,65.546,1600
2021-10-11,1633910400,65.986,66.866,65.986,66.426,5801
2021-10-12,1633996800,72.145,72.145,66.866,67.746,2100
2021-10-13,1634083200,66.866,67.746,66.69,66.69,2500
2021-10-14,1634169600,66.69,66.69,65.634,65.898,21704
2021-10-15,1634256000,65.546,65.546,64.666,65.106,8500
2021-10-18,1634515200,65.106,65.986,65.106,65.986,6904
2021-10-19,1634601600,65.546,66.426,65.546,66.426,3900
2021-10-20,1634688000,66.426,66.866,65.986,66.426,5200
2021-10-21,1634774400,66.426,66.426,65.106,65.106,3601
2021-10-22,1634860800,65.106,65.282,65.106,65.282,1300
2021-10-25,1635120000,65.106,65.106,63.611,63.611,4800
2021-10-26,1635206400,63.523,63.523,59.827,59.827,7100
2021-10-27,1635292800,59.827,61.587,59.827,60.707,26401
2021-10-28,1635379200,60.707,60.707,59.827,59.827,20000
2021-10-29,1635465600,59.915,64.578,59.915,63.347,5500
2021-11-01,1635724800,63.347,63.787,62.907,63.347,21800
2021-11-02,1635811200,62.555,65.106,62.467,63.347,20810
2021-11-03,1635897600,65.106,65.106,63.171,64.666,11800
2021-11-04,1635984000,63.259,64.666,63.171,64.226,4100
2021-11-05,1636070400,64.226,64.402,63.347,64.314,4700
2021-11-08,1636329600,64.226,64.666,64.226,64.666,10500
2021-11-09,1636416000,64.666,65.106,64.666,64.666,11702
2021-11-10,1636502400,64.666,65.106,64.226,64.666,22200
2021-11-11,1636588800,64.666,64.666,64.578,64.666,20900
2021-11-12,1636675200,64.666,66.25,64.666,66.25,27450
2021-11-15,1636934400,66.866,67.218,66.866,67.042,1400
2021-11-16,1637020800,67.042,67.218,65.282,65.282,5804
2021-11-17,1637107200,66.866,66.866,64.226,65.458,4300
2021-11-18,1637193600,65.546,65.986,65.106,65.634,5700
2021-11-19,1637280000,65.634,65.722,63.347,65.546,18200
2021-11-22,1637539200,63.523,65.106,63.347,65.106,17300
2021-11-23,1637625600,63.347,64.666,63.347,64.666,1300
2021-11-24,1637712000,63.611,65.986,63.523,65.986,2000
2021-11-25,1637798400,63.611,65.458,63.523,65.458,1111
2021-11-26,1637884800,65.458,65.458,63.787,65.018,700
2021-11-29,1638144000,65.018,65.018,63.347,64.578,2700
2021-11-30,1638230400,64.578,64.578,64.578,64.578,0
2021-12-01,1638316800,63.435,64.578,63.435,64.402,1000
2021-12-02,1638403200,63.435,64.402,63.347,64.402,7300
2021-12-03,1638489600,65.018,65.018,63.523,64.666,4800
2021-12-06,1638748800,62.467,64.226,62.467,63.435,3800
2021-12-07,1638835200,63.347,64.226,63.347,64.226,3004
2021-12-08,1638921600,63.523,64.226,63.347,64.226,3700
2021-12-09,1639008000,64.226,64.226,63.347,63.347,2400
2021-12-10,1639094400,63.523,63.787,63.347,63.787,1800
2021-12-13,1639353600,63.787,64.139,63.347,64.139,2400
2021-12-14,1639440000,63.347,64.226,63.347,63.347,2600
2021-12-15,1639526400,63.435,63.875,63.347,63.875,1500
2021-12-16,1639612800,64.139,64.139,64.139,64.139,400
2021-12-17,1639699200,64.139,64.139,64.139,64.139,200
2021-12-20,1639958400,64.139,64.139,63.347,64.139,4900
2021-12-21,1640044800,63.347,63.787,63.347,63.787,2400
2021-12-22,1640131200,64.139,65.634,62.379,65.018,20000
2021-12-23,1640217600,63.347,64.226,63.347,64.226,3200
2021-12-24,1640304000,63.347,64.226,62.379,64.139,5900
2021-12-27,1640563200,63.347,64.051,61.675,64.051,10300
2021-12-28,1640649600,63.347,63.963,63.347,63.963,3210
2021-12-29,1640736000,63.347,63.347,62.467,63.347,405
2021-12-30,1640822400,63.259,63.259,63.259,63.259,100
2021-12-31,1640908800,63.259,63.347,63.259,63.347,1000
2022-01-04,1641254400,62.907,63.259,62.907,63.259,400
2022-01-05,1641340800,61.587,63.787,61.587,63.523,900
2022-01-06,1641427200,63.259,63.259,63.259,63.259,3900
2022-01-07,1641513600,60.179,63.171,60.179,63.171,300
2022-01-10,1641772800,63.259,63.347,62.467,63.347,9100
2022-01-11,1641859200,63.259,63.259,62.467,63.259,7000
2022-01-12,1641945600,62.467,63.259,62.467,63.259,1300
2022-01-13,1642032000,63.259,63.259,63.259,63.259,0
2022-01-14,1642118400,63.171,63.171,62.819,62.819,1700
2022-01-17,1642377600,62.819,62.819,62.467,62.467,500
2022-01-18,1642464000,62.907,62.907,62.643,62.643,1000
2022-01-19,1642550400,62.027,62.467,62.027,62.467,700
2022-01-20,1642636800,62.467,63.347,62.467,63.347,700
2022-01-21,1642723200,63.787,69.681,63.787,69.241,28000
2022-01-24,1642982400,70.385,70.385,66.866,68.714,17400
2022-01-25,1643068800,68.714,68.714,67.746,68.626,9604
2022-01-26,1643155200,68.626,68.626,67.746,68.626,1500
2022-01-27,1643241600,66.866,66.866,65.986,66.866,4700
2022-01-28,1643328000,66.866,66.866,65.106,66.866,3700
2022-02-07,1644192000,66.866,66.866,66.866,66.866,200
2022-02-08,1644278400,63.611,66.778,63.611,66.778,1200
2022-02-09,1644364800,65.986,65.986,64.666,65.986,3650
2022-02-10,1644451200,66.162,66.426,66.162,66.426,2400
2022-02-11,1644537600,65.986,66.778,65.106,66.778,2300
2022-02-14,1644796800,65.106,66.426,65.106,66.426,300
2022-02-15,1644883200,65.106,68.626,65.106,68.626,1300
2022-02-16,1644969600,65.986,67.658,65.986,66.866,4000
2022-02-17,1645056000,65.194,66.866,64.226,66.866,3000
2022-02-18,1645142400,66.866,67.218,65.986,67.218,4700
2022-02-21,1645401600,65.106,66.602,65.018,66.602,600
2022-02-22,1645488000,65.282,65.282,65.282,65.282,500
2022-02-23,1645574400,65.282,67.57,65.282,67.57,1700
2022-02-24,1645660800,67.394,68.626,66.866,67.746,12100
2022-02-25,1645747200,67.746,68.186,67.746,68.186,1500
2022-02-28,1646006400,68.01,68.626,65.986,68.626,4400
2022-03-01,1646092800,65.986,67.746,65.986,67.746,700
2022-03-02,1646179200,67.746,68.186,67.746,67.834,2700
2022-03-03,1646265600,68.186,68.626,68.186,68.626,5500
2022-03-04,1646352000,70.385,71.177,70.385,70.385,6300
2022-03-07,1646611200,71.265,71.881,67.922,70.825,13900
2022-03-08,1646697600,72.057,72.057,70.825,71.529,2600
2022-03-09,1646784000,71.265,71.529,71.265,71.265,1500
2022-03-10,1646870400,71.265,71.265,71.265,71.265,0
2022-03-11,1646956800,67.746,70.825,67.746,70.825,2300
2022-03-14,1647216000,70.825,70.825,70.825,70.825,0
2022-03-15,1647302400,67.746,70.297,67.746,70.297,3110
2022-03-16,1647388800,69.945,69.945,69.945,69.945,200
2022-03-17,1647475200,69.857,70.033,69.857,70.033,1400
2022-03-18,1647561600,69.945,70.385,69.945,69.945,1800
2022-03-21,1647820800,69.945,69.945,68.626,68.626,2004
2022-03-22,1647907200,68.626,68.626,68.626,68.626,0
2022-03-23,1647993600,68.626,70.385,68.626,70.385,5400
2022-03-24,1648080000,68.626,69.945,68.626,69.945,1120
2022-03-25,1648166400,69.066,69.945,69.066,69.945,4300
2022-03-28,1648425600,69.945,70.385,69.945,70.209,7111
2022-03-29,1648512000,70.209,70.209,70.209,70.209,0
2022-03-30,1648598400,70.385,70.385,69.945,70.297,6700
2022-03-31,1648684800,70.385,73.905,70.297,73.905,20100
2022-04-01,1648771200,71.441,71.529,71.353,71.529,900
2022-04-04,1649030400,71.529,74.784,71.529,74.784,23400
2022-04-05,1649116800,71.705,72.585,71.705,72.585,2000
2022-04-06,1649203200,68.714,72.497,67.834,72.497,2200
2022-04-07,1649289600,67.834,72.585,67.834,71.705,3816
2022-04-08,1649376000,71.705,71.705,70.385,71.265,3200
2022-04-12,1649721600,71.177,71.705,71.177,71.617,1100
2022-04-13,1649808000,70.385,71.265,70.385,71.265,4900
2022-04-14,1649894400,68.714,71.705,68.714,71.705,406
2022-04-15,1649980800,71.705,71.705,71.705,71.705,0
2022-04-18,1650240000,69.505,71.617,69.505,69.593,1000
2022-04-19,1650326400,68.626,72.585,68.626,72.585,3200
2022-04-20,1650412800,72.585,76.984,72.585,75.224,21520
2022-04-21,1650499200,76.72,82.703,76.544,80.063,16532
2022-04-22,1650585600,80.063,80.063,73.025,79.183,2800
2022-04-25,1650844800,71.265,78.304,71.265,78.304,201
2022-04-26,1650931200,70.473,82.879,70.473,82.263,4700
2022-04-27,1651017600,74.784,82.175,74.784,79.887,1600
2022-04-28,1651104000,74.784,81.823,74.784,81.823,1701
2022-04-29,1651190400,74.784,82.175,74.784,80.063,3300
2022-05-04,1651622400,79.183,79.183,74.784,77.424,3000
2022-05-05,1651708800,74.872,78.304,74.872,78.304,200
2022-05-06,1651795200,73.553,76.808,73.025,76.808,800
2022-05-09,1652054400,74.757,79.33,74.757,76.81,701
2022-05-10,1652140800,76.343,84.463,76.343,81.477,312
2022-05-11,1652227200,74.757,81.103,73.357,81.103,1100
2022-05-12,1652313600,79.33,79.33,78.397,78.397,400
2022-05-13,1652400000,74.664,74.664,71.864,71.864,2300
2022-05-16,1652659200,76.53,76.53,72.797,72.797,8500
2022-05-17,1652745600,68.13,76.53,67.944,76.53,2501
2022-05-18,1652832000,69.157,76.997,69.157,74.664,14302
2022-05-19,1652918400,72.797,76.53,72.797,76.53,403
2022-05-20,1653004800,76.53,76.53,76.53,76.53,0
2022-05-23,1653264000,71.117,75.597,71.117,75.597,26600
2022-05-24,1653350400,70.09,75.597,70.09,74.664,18000
2022-05-25,1653436800,74.197,74.197,72.797,72.797,13300
2022-05-26,1653523200,72.797,72.797,72.797,72.797,500
2022-05-27,1653609600,72.797,72.797,71.864,72.797,1210
2022-05-30,1653868800,72.797,72.797,72.797,72.797,1000
2022-05-31,1653955200,69.997,72.797,69.997,72.797,907
2022-06-01,1654041600,74.104,74.664,74.104,74.29,1300
2022-06-02,1654128000,70.09,75.597,70.09,75.597,3000
2022-06-03,1654214400,76.063,76.063,75.597,75.597,3000
2022-06-06,1654473600,75.597,76.063,75.597,76.063,3201
2022-06-07,1654560000,75.97,76.53,75.97,76.063,1002
2022-06-08,1654646400,76.063,77.93,76.063,77.93,1200
2022-06-09,1654732800,77.93,77.93,77.93,77.93,0
2022-06-10,1654819200,71.397,76.063,71.397,76.063,300
2022-06-13,1655078400,73.73,73.73,72.797,72.797,6700
2022-06-14,1655164800,72.797,72.797,72.797,72.797,0
2022-06-15,1655251200,76.063,76.063,73.264,73.264,300
2022-06-16,1655337600,73.264,73.264,73.264,73.264,0
2022-06-17,1655424000,73.264,73.264,73.264,73.264,100
2022-06-20,1655683200,73.264,73.73,73.264,73.73,1000
2022-06-21,1655769600,74.664,74.664,74.664,74.664,2200
2022-06-22,1655856000,74.197,75.597,73.264,75.597,700
2022-06-23,1655942400,75.783,75.877,75.783,75.877,2200
2022-06-24,1656028800,75.877,75.877,75.877,75.877,0
2022-06-27,1656288000,75.877,75.877,75.877,75.877,0
2022-06-28,1656374400,75.877,76.063,75.877,76.063,300
2022-06-29,1656460800,76.063,76.063,76.063,76.063,500
2022-06-30,1656547200,76.063,76.063,76.063,76.063,1000
2022-07-01,1656633600,76.063,76.063,76.063,76.063,0
2022-07-04,1656892800,76.063,76.063,74.197,75.597,800
2022-07-05,1656979200,75.597,75.597,75.597,75.597,0
2022-07-06,1657065600,75.597,75.597,75.597,75.597,0
2022-07-07,1657152000,75.597,75.597,75.597,75.597,1100
2022-07-08,1657238400,74.664,74.664,74.664,74.664,300
2022-07-11,1657497600,74.664,74.664,74.664,74.664,0
2022-07-12,1657584000,74.664,74.664,74.664,74.664,0
2022-07-13,1657670400,74.664,74.664,74.664,74.664,0
2022-07-14,1657756800,74.664,74.664,74.664,74.664,0
2022-07-15,1657843200,74.664,74.664,74.664,74.664,100
2022-07-18,1658102400,74.664,74.664,74.664,74.664,0
2022-07-19,1658188800,74.664,74.664,74.664,74.664,0
2022-07-20,1658275200,74.664,74.664,74.664,74.664,0
2022-07-21,1658361600,74.664,74.664,74.664,74.664,0
2022-07-22,1658448000,74.664,74.664,74.664,74.664,0
2022-07-25,1658707200,72.797,72.797,72.797,72.797,3700
2022-07-26,1658793600,72.797,72.797,72.797,72.797,2900
2022-07-27,1658880000,72.797,72.797,72.797,72.797,0
2022-07-28,1658966400,72.89,72.89,72.797,72.797,900
2022-07-29,1659052800,72.797,72.797,72.797,72.797,7301
2022-08-01,1659312000,72.797,72.797,72.797,72.797,100
2022-08-02,1659398400,72.797,72.797,72.797,72.797,0
2022-08-03,1659484800,74.664,74.664,74.664,74.664,100
2022-08-04,1659571200,72.89,74.57,72.797,74.57,5500
2022-08-05,1659657600,74.57,74.57,74.57,74.57,0
2022-08-08,1659916800,68.13,73.73,68.13,72.797,1100
2022-08-09,1660003200,72.797,72.797,72.797,72.797,0
2022-08-10,1660089600,72.797,72.797,72.797,72.797,0
2022-08-11,1660176000,72.797,72.797,72.797,72.797,0
2022-08-12,1660262400,72.797,72.797,72.797,72.797,100
2022-08-15,1660521600,72.797,72.797,72.797,72.797,0
2022-08-16,1660608000,72.797,72.797,72.797,72.797,0
2022-08-17,1660694400,72.89,72.89,72.797,72.797,600
2022-08-18,1660780800,72.797,72.797,72.797,72.797,300
2022-08-19,1660867200,72.797,72.797,72.797,72.797,0
2022-08-22,1661126400,72.797,72.797,72.797,72.797,0
2022-08-23,1661212800,72.797,72.797,72.797,72.797,200
2022-08-24,1661299200,72.89,72.89,72.797,72.797,2100
2022-08-25,1661385600,72.89,72.89,72.797,72.797,900
2022-08-26,1661472000,72.89,72.89,72.797,72.797,600
2022-08-29,1661731200,72.89,72.89,72.797,72.797,7100
2022-08-30,1661817600,69.064,74.664,69.064,74.664,700
2022-08-31,1661904000,74.664,74.664,74.664,74.664,0
2022-09-05,1662336000,69.997,74.664,69.997,74.664,200
2022-09-06,1662422400,70.93,74.57,70.93,74.57,1800
2022-09-07,1662508800,74.57,74.57,74.57,74.57,0
2022-09-08,1662595200,74.197,74.197,74.197,74.197,300
2022-09-09,1662681600,74.197,74.197,74.197,74.197,2
2022-09-12,1662940800,74.197,74.197,74.197,74.197,0
2022-09-13,1663027200,72.797,74.664,72.797,73.917,5400
2022-09-14,1663113600,72.89,72.89,72.89,72.89,400
2022-09-15,1663200000,72.89,72.89,72.89,72.89,157
2022-09-16,1663286400,72.89,72.89,72.89,72.89,0
2022-09-19,1663545600,72.89,72.89,72.89,72.89,1700
2022-09-20,1663632000,72.89,72.89,72.89,72.89,500
2022-09-21,1663718400,72.797,72.797,72.797,72.797,100
2022-09-22,1663804800,72.797,72.797,72.797,72.797,200
2022-09-23,1663891200,72.797,72.797,72.797,72.797,0
2022-09-26,1664150400,72.797,72.797,72.797,72.797,800
2022-09-27,1664236800,72.797,72.797,72.797,72.797,7
2022-09-28,1664323200,72.797,79.797,72.797,79.797,3000
2022-09-29,1664409600,71.864,78.77,71.864,78.77,2201
2022-09-30,1664496000,70.93,74.664,70.93,72.05,4214
2022-10-03,1664755200,69.53,74.664,69.53,74.664,1016
2022-10-04,1664841600,69.064,69.064,69.064,69.064,100
2022-10-05,1664928000,69.064,69.064,69.064,69.064,0
2022-10-06,1665014400,69.064,69.064,69.064,69.064,0
2022-10-07,1665100800,69.064,69.064,68.13,68.13,1000
2022-10-10,1665360000,68.13,68.13,68.13,68.13,0
2022-10-11,1665446400,68.13,68.13,68.13,68.13,0
2022-10-12,1665532800,68.224,68.224,68.224,68.224,900
2022-10-13,1665619200,68.224,68.224,68.224,68.224,0
2022-10-14,1665705600,69.064,69.064,69.064,69.064,100
2022-10-17,1665964800,69.064,69.064,68.224,68.224,4000
2022-10-18,1666051200,68.224,68.224,68.224,68.224,0
2022-10-19,1666137600,68.224,68.224,68.224,68.224,300
2022-10-20,1666224000,68.224,68.224,68.224,68.224,0
2022-10-21,1666310400,69.064,69.064,69.064,69.064,100
2022-10-24,1666569600,72.797,72.797,72.797,72.797,202
2022-10-25,1666656000,65.517,72.797,65.517,72.797,200
2022-10-26,1666742400,67.197,68.317,67.197,68.224,15300
2022-10-27,1666828800,68.224,68.224,68.224,68.224,0
2022-10-28,1666915200,68.224,68.224,68.224,68.224,0
2022-10-31,1667174400,68.224,68.224,68.224,68.224,0
2022-11-01,1667260800,68.317,68.41,68.224,68.224,1200
2022-11-02,1667347200,68.224,68.224,68.224,68.224,200
2022-11-03,1667433600,68.317,68.317,68.224,68.224,400
2022-11-04,1667520000,68.224,68.224,68.224,68.224,300
2022-11-07,1667779200,68.224,68.224,68.224,68.224,200
2022-11-08,1667865600,68.224,68.224,68.224,68.224,1000
2022-11-09,1667952000,68.224,68.224,68.224,68.224,0
2022-11-10,1668038400,68.224,68.224,68.224,68.224,0
2022-11-11,1668124800,68.317,68.317,68.224,68.224,500
2022-11-14,1668384000,68.224,68.224,68.224,68.224,6119
2022-11-15,1668470400,61.411,75.037,61.411,75.037,201
2022-11-16,1668556800,75.037,75.037,75.037,75.037,2
2022-11-17,1668643200,75.037,75.037,75.037,75.037,1
2022-11-18,1668729600,67.57,74.57,67.57,74.57,301
2022-11-21,1668988800,74.57,74.57,74.57,74.57,0
2022-11-22,1669075200,74.57,74.57,74.57,74.57,1
2022-11-23,1669161600,74.57,74.57,74.57,74.57,0
2022-11-24,1669248000,74.57,74.57,74.57,74.57,0
2022-11-25,1669334400,74.57,74.57,74.57,74.57,5
2022-11-28,1669593600,74.57,74.57,74.57,74.57,0
2022-11-29,1669680000,74.57,74.57,74.57,74.57,0
2022-11-30,1669766400,74.57,74.57,74.57,74.57,0
2022-12-01,1669852800,74.57,74.57,74.57,74.57,0
2022-12-02,1669939200,74.57,74.57,74.57,74.57,0
2022-12-05,1670198400,74.57,74.57,74.57,74.57,0
2022-12-06,1670284800,74.57,74.57,74.57,74.57,0
2022-12-07,1670371200,74.57,74.57,74.57,74.57,0
2022-12-08,1670457600,70.464,70.464,70.464,70.464,100
2022-12-09,1670544000,70.464,70.464,70.464,70.464,0
2022-12-12,1670803200,70.464,70.464,70.464,70.464,100
2022-12-13,1670889600,74.01,74.01,74.01,74.01,1012
2022-12-14,1670976000,68.597,68.597,68.597,68.597,200
2022-12-15,1671062400,68.597,68.597,68.597,68.597,0
2022-12-16,1671148800,68.597,68.597,68.597,68.597,100
2022-12-19,1671408000,65.331,65.331,65.331,65.331,200
2022-12-20,1671494400,65.331,65.331,65.331,65.331,0
2022-12-21,1671580800,65.331,65.331,65.331,65.331,0
2022-12-22,1671667200,65.331,65.331,65.331,65.331,0
2022-12-23,1671753600,65.424,69.997,65.424,69.997,500
2022-12-26,1672012800,69.997,69.997,69.997,69.997,0
2022-12-27,1672099200,69.997,69.997,69.997,69.997,0
2022-12-28,1672185600,69.997,69.997,69.997,69.997,0
2022-12-29,1672272000,69.997,69.997,69.997,69.997,0
2022-12-30,1672358400,69.997,69.997,69.997,69.997,0
2023-01-03,1672704000,69.997,69.997,69.997,69.997,7
2023-01-04,1672790400,65.424,70.744,65.424,70.744,2100
2023-01-05,1672876800,70.744,70.744,70.744,70.744,0
2023-01-06,1672963200,65.424,65.424,65.424,65.424,200
2023-01-09,1673222400,65.424,65.424,65.424,65.424,0
2023-01-10,1673308800,65.797,65.797,65.424,65.424,1500
2023-01-11,1673395200,65.424,65.424,65.424,65.424,0
2023-01-12,1673481600,65.424,65.424,65.424,65.424,0
2023-01-13,1673568000,65.424,65.424,65.424,65.424,0
2023-01-16,1673827200,65.424,65.424,65.424,65.424,100
2023-01-17,1673913600,65.424,65.424,65.424,65.424,300
2023-01-18,1674000000,65.424,65.424,65.424,65.424,0
2023-01-19,1674086400,65.704,65.704,65.424,65.424,1909
2023-01-27,1674777600,65.424,65.424,65.424,65.424,200
2023-01-30,1675036800,65.517,65.517,65.517,65.517,300
2023-01-31,1675123200,65.517,65.517,65.424,65.424,300
2023-02-01,1675209600,65.424,65.424,65.424,65.424,0
2023-02-02,1675296000,65.424,65.424,65.424,65.424,2000
2023-02-03,1675382400,65.89,65.89,65.89,65.89,1900
2023-02-06,1675641600,65.517,65.517,65.331,65.331,3900
2023-02-07,1675728000,65.331,65.331,65.331,65.331,0
2023-02-08,1675814400,65.331,65.331,65.331,65.331,0
2023-02-09,1675900800,65.331,65.331,65.331,65.331,0
2023-02-10,1675987200,65.331,65.331,65.331,65.331,0
2023-02-13,1676246400,65.331,65.331,65.331,65.331,0
2023-02-14,1676332800,65.331,65.331,65.331,65.331,0
2023-02-15,1676419200,65.331,65.331,65.331,65.331,0
2023-02-16,1676505600,65.331,65.331,65.331,65.331,0
2023-02-17,1676592000,65.424,65.424,65.424,65.424,100
2023-02-20,1676851200,65.424,65.424,65.424,65.424,0
2023-02-21,1676937600,58.891,66.17,58.891,66.17,200
2023-02-22,1677024000,59.824,59.824,59.824,59.824,100
2023-02-23,1677110400,59.824,59.824,59.824,59.824,0
2023-02-24,1677196800,65.797,65.797,65.797,65.797,200
2023-02-27,1677456000,59.357,65.331,59.357,65.331,200
2023-02-28,1677542400,65.331,65.331,65.331,65.331,0
2023-03-01,1677628800,60.757,65.237,60.757,65.237,200
2023-03-02,1677715200,59.264,65.237,59.264,65.237,200
2023-03-03,1677801600,59.357,59.357,59.357,59.357,100
2023-03-06,1678060800,60.757,60.757,60.757,60.757,100
2023-03-07,1678147200,60.757,60.757,60.757,60.757,0
2023-03-08,1678233600,60.757,60.757,60.757,60.757,0
2023-03-09,1678320000,60.757,60.757,60.757,60.757,0
2023-03-10,1678406400,60.757,60.757,60.757,60.757,0
2023-03-13,1678665600,60.757,60.757,60.757,60.757,0
2023-03-14,1678752000,60.757,60.757,60.757,60.757,0
2023-03-15,1678838400,60.757,60.757,60.757,60.757,0
2023-03-16,1678924800,60.757,60.757,60.757,60.757,0
2023-03-17,1679011200,59.824,59.824,59.824,59.824,31000
2023-03-20,1679270400,59.824,59.824,59.824,59.824,400
2023-03-21,1679356800,59.824,59.824,59.824,59.824,0
2023-03-22,1679443200,61.597,61.597,61.597,61.597,100
2023-03-23,1679529600,61.597,61.597,61.597,61.597,0
2023-03-24,1679616000,55.531,55.531,55.531,55.531,500
2023-03-27,1679875200,55.531,55.531,55.531,55.531,0
2023-03-28,1679961600,60.757,60.757,60.757,60.757,105
2023-03-29,1680048000,55.064,60.851,55.064,60.851,200
2023-03-30,1680134400,55.998,55.998,55.998,55.998,100
2023-03-31,1680220800,55.998,55.998,55.998,55.998,0
2023-04-03,1680480000,52.731,61.131,52.731,61.131,200
2023-04-04,1680566400,61.131,61.131,61.131,61.131,0
2023-04-05,1680652800,55.531,55.531,55.531,55.531,100
2023-04-06,1680739200,55.531,55.531,55.531,55.531,0
2023-04-07,1680825600,55.531,55.531,55.531,55.531,0
2023-04-10,1681084800,55.531,55.531,55.531,55.531,0
2023-04-11,1681171200,50.864,55.624,50.864,55.624,219
2023-04-12,1681257600,55.624,55.624,55.624,55.624,0
2023-04-13,1681344000,50.864,55.624,50.864,55.624,200
2023-04-14,1681430400,51.331,57.771,51.331,57.771,200
2023-04-17,1681689600,52.264,52.264,52.264,52.264,100
2023-04-18,1681776000,55.531,55.531,55.531,55.531,102
2023-04-19,1681862400,50.864,50.864,50.864,50.864,100
2023-04-20,1681948800,50.864,50.864,50.864,50.864,0
2023-04-21,1682035200,53.198,53.198,53.198,53.198,100
2023-04-24,1682294400,53.291,53.291,53.291,53.291,100
2023-04-25,1682380800,55.998,58.611,55.998,58.611,200
2023-04-26,1682467200,59.731,59.731,59.731,59.731,111
2023-04-27,1682553600,53.758,57.864,53.758,57.864,200
2023-04-28,1682640000,57.864,57.864,57.864,57.864,0
2023-05-04,1683158400,57.864,57.864,57.864,57.864,200
2023-05-05,1683244800,57.864,57.864,57.864,57.864,0
2023-05-08,1683504000,55.998,63.651,55.998,63.651,830
2023-05-09,1683590400,69.997,69.997,69.53,69.53,205
2023-05-10,1683676800,69.53,74.664,69.064,69.997,13725
2023-05-11,1683763200,70.0,70.0,70.0,70.0,2
2023-05-12,1683849600,70.0,70.0,70.0,70.0,0
2023-05-15,1684108800,70.0,70.0,70.0,70.0,1
2023-05-16,1684195200,70.0,70.0,70.0,70.0,0
2023-05-17,1684281600,70.0,70.0,70.0,70.0,0
2023-05-18,1684368000,64.8,64.8,64.8,64.8,110
2023-05-19,1684454400,59.5,59.5,59.5,59.5,607
2023-05-22,1684713600,53.7,53.7,53.7,53.7,3006
2023-05-23,1684800000,53.7,53.7,53.7,53.7,105
2023-05-24,1684886400,58.9,58.9,58.9,58.9,102
2023-05-25,1684972800,58.9,58.9,58.9,58.9,0
2023-05-26,1685059200,58.9,58.9,58.9,58.9,2
2023-05-29,1685318400,54.5,54.5,54.5,54.5,100
2023-05-30,1685404800,51.5,52.0,50.0,50.0,1500
2023-05-31,1685491200,54.0,54.8,54.0,54.8,200
2023-06-01,1685577600,54.8,54.8,54.8,54.8,0
2023-06-02,1685664000,54.8,56.5,54.8,56.5,200
2023-06-05,1685923200,57.8,57.9,57.8,57.9,200
2023-06-06,1686009600,55.0,55.0,55.0,55.0,100
2023-06-07,1686096000,55.0,55.0,55.0,55.0,0
2023-06-08,1686182400,55.0,55.0,55.0,55.0,0
2023-06-09,1686268800,55.0,55.0,55.0,55.0,0
2023-06-12,1686528000,55.0,55.0,55.0,55.0,100
2023-06-13,1686614400,55.0,55.0,55.0,55.0,0
2023-06-14,1686700800,55.0,55.0,54.0,54.0,802
2023-06-15,1686787200,54.0,54.0,54.0,54.0,400
2023-06-16,1686873600,54.0,54.0,54.0,54.0,1
2023-06-19,1687132800,54.0,54.0,54.0,54.0,0
2023-06-20,1687219200,54.0,54.0,54.0,54.0,0
2023-06-21,1687305600,54.0,54.0,54.0,54.0,0
2023-06-22,1687392000,55.0,59.3,55.0,59.3,700
2023-06-23,1687478400,59.3,59.3,59.3,59.3,0
2023-06-26,1687737600,59.3,59.3,59.3,59.3,0
2023-06-27,1687824000,59.3,59.3,59.3,59.3,0
2023-06-28,1687910400,59.3,59.3,59.3,59.3,0
2023-06-29,1687996800,56.1,56.1,56.1,56.1,400
2023-06-30,1688083200,56.1,56.1,56.1,56.1,20
2023-07-03,1688342400,53.0,53.5,53.0,53.0,1410
2023-07-04,1688428800,53.2,53.3,53.1,53.1,1200
2023-07-05,1688515200,53.5,53.5,53.5,53.5,500
2023-07-06,1688601600,53.0,53.0,53.0,53.0,500
2023-07-07,1688688000,54.9,54.9,54.9,54.9,100
2023-07-10,1688947200,53.4,53.4,53.4,53.4,300
2023-07-11,1689033600,53.4,53.4,53.4,53.4,1
2023-07-12,1689120000,54.5,54.5,53.9,53.9,1200
2023-07-13,1689206400,53.9,53.9,53.9,53.9,300
2023-07-14,1689292800,58.0,58.0,58.0,58.0,103
2023-07-17,1689552000,58.0,58.0,58.0,58.0,100
2023-07-18,1689638400,53.9,57.8,53.9,57.8,200
2023-07-19,1689724800,53.8,61.6,53.8,61.6,200
2023-07-20,1689811200,56.0,61.2,55.5,60.0,1100
2023-07-21,1689897600,55.5,61.2,55.5,61.1,1300
2023-07-24,1690156800,61.1,61.1,61.1,61.1,1
2023-07-25,1690243200,57.3,59.9,57.3,59.9,217
2023-07-26,1690329600,61.6,61.6,61.6,61.6,102
2023-07-27,1690416000,60.5,60.5,60.5,60.5,102
2023-07-28,1690502400,60.0,60.0,60.0,60.0,112
2023-07-31,1690761600,60.0,60.0,60.0,60.0,0
2023-08-01,1690848000,60.0,60.0,60.0,60.0,1
2023-08-02,1690934400,64.9,64.9,64.9,64.9,110
2023-08-03,1691020800,58.5,62.8,58.5,62.8,461
2023-08-04,1691107200,56.6,64.5,56.6,64.5,200
2023-08-07,1691366400,58.1,58.1,58.1,58.1,345
2023-08-08,1691452800,54.0,62.6,54.0,56.1,509
2023-08-09,1691539200,61.7,61.7,60.0,60.0,500
2023-08-10,1691625600,56.3,63.9,56.3,63.9,200
2023-08-11,1691712000,57.6,57.6,57.6,57.6,1112
2023-08-14,1691971200,59.9,59.9,59.8,59.9,2100
2023-08-15,1692057600,54.1,54.1,54.1,54.1,125
2023-08-16,1692144000,54.2,59.3,54.2,59.3,300
2023-08-17,1692230400,59.3,59.3,59.3,59.3,0
2023-08-18,1692316800,54.1,56.0,54.1,56.0,516
2023-08-21,1692576000,60.0,60.0,60.0,60.0,100
2023-08-22,1692662400,54.0,54.0,54.0,54.0,107
2023-08-23,1692748800,54.0,54.0,54.0,54.0,0
2023-08-24,1692835200,54.0,54.0,54.0,54.0,0
2023-08-25,1692921600,54.0,54.0,54.0,54.0,0
2023-08-28,1693180800,58.4,58.4,58.4,58.4,101
2023-08-29,1693267200,53.2,58.2,53.2,58.2,200
2023-08-30,1693353600,53.5,57.9,53.5,57.0,2300
2023-08-31,1693440000,53.5,59.4,53.5,59.4,200
2023-09-05,1693872000,58.0,58.0,58.0,58.0,106
2023-09-06,1693958400,58.0,58.0,57.0,57.0,2501
2023-09-07,1694044800,57.0,57.0,57.0,57.0,1
2023-09-08,1694131200,54.1,56.5,54.1,56.5,210
2023-09-11,1694390400,57.0,57.0,57.0,57.0,201
2023-09-12,1694476800,52.5,53.7,52.5,53.7,200
2023-09-13,1694563200,53.7,53.7,53.7,53.7,0
2023-09-14,1694649600,57.0,57.0,57.0,57.0,203
2023-09-15,1694736000,54.0,54.0,54.0,54.0,101
2023-09-18,1694995200,54.0,54.0,54.0,54.0,6
2023-09-19,1695081600,54.0,54.0,54.0,54.0,4
2023-09-20,1695168000,54.0,54.0,54.0,54.0,402
2023-09-21,1695254400,54.0,54.0,54.0,54.0,6
2023-09-22,1695340800,56.6,56.6,56.6,56.6,100
2023-09-25,1695600000,52.1,53.1,52.1,53.1,200
2023-09-26,1695686400,53.1,53.1,53.1,53.1,1
2023-09-27,1695772800,53.1,54.8,50.0,54.8,505
2023-09-28,1695859200,50.2,50.2,50.2,50.2,100
2023-09-29,1695945600,50.2,50.2,50.2,50.2,0
2023-10-02,1696204800,54.9,54.9,53.5,53.5,300
2023-10-03,1696291200,49.7,49.7,49.7,49.7,600
2023-10-04,1696377600,49.7,49.7,49.7,49.7,0
2023-10-05,1696464000,49.7,49.7,49.7,49.7,100
2023-10-06,1696550400,50.0,50.0,50.0,50.0,105
2023-10-09,1696809600,50.0,50.0,50.0,50.0,0
2023-10-10,1696896000,50.0,50.0,50.0,50.0,0
2023-10-11,1696982400,52.8,54.9,52.8,54.9,905
2023-10-12,1697068800,51.0,52.5,50.2,52.5,1609
2023-10-13,1697155200,52.0,52.0,50.0,50.0,1200
2023-10-16,1697414400,50.1,50.1,48.9,48.9,1401
2023-10-17,1697500800,48.9,48.9,48.9,48.9,1
2023-10-18,1697587200,48.9,48.9,48.9,48.9,1000
2023-10-19,1697673600,48.9,48.9,48.9,48.9,0
2023-10-20,1697760000,48.9,48.9,48.9,48.9,0
2023-10-23,1698019200,49.0,49.0,49.0,49.0,100
2023-10-24,1698105600,49.0,49.0,49.0,49.0,4
2023-10-25,1698192000,49.0,49.0,49.0,49.0,2
2023-10-26,1698278400,48.1,48.1,48.0,48.0,201
2023-10-27,1698364800,48.0,48.0,48.0,48.0,11
2023-10-30,1698624000,48.0,48.0,48.0,48.0,1
2023-10-31,1698710400,43.2,48.0,43.2,48.0,600
2023-11-01,1698796800,48.0,48.0,48.0,48.0,3
2023-11-02,1698883200,48.0,48.0,48.0,48.0,0
2023-11-03,1698969600,48.0,48.0,48.0,48.0,0
2023-11-06,1699228800,43.5,44.1,43.5,44.1,609
2023-11-07,1699315200,48.4,48.4,48.4,48.4,104
2023-11-08,1699401600,45.0,45.0,45.0,45.0,100
2023-11-09,1699488000,45.0,45.0,45.0,45.0,0
2023-11-10,1699574400,45.0,45.0,45.0,45.0,0
2023-11-13,1699833600,45.0,45.0,45.0,45.0,11
2023-11-14,1699920000,48.0,48.0,48.0,48.0,102
2023-11-15,1700006400,48.0,48.0,48.0,48.0,3
2023-11-16,1700092800,43.5,43.5,43.5,43.5,110
2023-11-17,1700179200,47.0,47.8,47.0,47.8,762
2023-11-20,1700438400,45.0,45.0,45.0,45.0,120
2023-11-21,1700524800,45.0,45.0,45.0,45.0,10
2023-11-22,1700611200,45.0,45.0,45.0,45.0,249
2023-11-23,1700697600,47.5,47.9,47.5,47.9,439
2023-11-24,1700784000,43.5,50.5,43.5,50.5,310
